"timestamp,low,high,open,close,instrumentType,Symbol"
"2024-09-09 13:30:00,149.86000061035156,156.4199981689453,155.44000244140625,156.32000732421875,EQUITY,TTWO"
"2024-09-10 13:30:00,153.97999572753906,157.42999267578125,157.10000610351562,154.85000610351562,EQUITY,TTWO"
"2024-09-11 13:30:00,150.19000244140625,153.83999633789062,153.77000427246094,152.33999633789062,EQUITY,TTWO"
"2024-09-12 13:30:00,152.27999877929688,154.75999450683594,152.77000427246094,153.61000061035156,EQUITY,TTWO"
"2024-09-13 13:30:00,152.07000732421875,154.89999389648438,153.82000732421875,152.17999267578125,EQUITY,TTWO"
"2024-09-16 13:30:00,150.91000366210938,153.0500030517578,152.4499969482422,152.4499969482422,EQUITY,TTWO"
"2024-09-17 13:30:00,151.0399932861328,155.8300018310547,152.47999572753906,152.7100067138672,EQUITY,TTWO"
"2024-09-18 13:30:00,151.42999267578125,155.16000366210938,152.9499969482422,153.3300018310547,EQUITY,TTWO"
"2024-09-19 13:30:00,153.52000427246094,158.11000061035156,156.22000122070312,153.66000366210938,EQUITY,TTWO"
"2024-09-20 13:30:00,147.22999572753906,152.94000244140625,152.52000427246094,148.77999877929688,EQUITY,TTWO"
"2024-09-23 13:30:00,148.05999755859375,150.75,149.5800018310547,149.72999572753906,EQUITY,TTWO"
"2024-09-24 13:30:00,147.94000244140625,151.11000061035156,149.6300048828125,150.89999389648438,EQUITY,TTWO"
"2024-09-25 13:30:00,149.66000366210938,150.89999389648438,150.64999389648438,150.77000427246094,EQUITY,TTWO"
"2024-09-26 13:30:00,150.44000244140625,152.5,152.2899932861328,151.69000244140625,EQUITY,TTWO"
"2024-09-27 13:30:00,152.1999969482422,153.80999755859375,152.49000549316406,153.0500030517578,EQUITY,TTWO"
"2024-09-30 13:30:00,152.25999450683594,154.85000610351562,153.07000732421875,153.7100067138672,EQUITY,TTWO"
"2024-10-01 13:30:00,149.50999450683594,153.07000732421875,153.07000732421875,150.47999572753906,EQUITY,TTWO"
"2024-10-02 13:30:00,148.92999267578125,151.6699981689453,150.32000732421875,151.3699951171875,EQUITY,TTWO"
"2024-10-03 13:30:00,146.75999450683594,151.19000244140625,149.91000366210938,147.66000366210938,EQUITY,TTWO"
"2024-10-04 13:30:00,147.77999877929688,152.1199951171875,149.0,151.69000244140625,EQUITY,TTWO"
"2024-10-07 13:30:00,150.4499969482422,152.5500030517578,151.42999267578125,152.2100067138672,EQUITY,TTWO"
"2024-10-08 13:30:00,151.32000732421875,153.0800018310547,152.27000427246094,152.94000244140625,EQUITY,TTWO"
"2024-10-09 13:30:00,152.75999450683594,155.3000030517578,153.0,153.86000061035156,EQUITY,TTWO"
"2024-10-10 13:30:00,152.27000427246094,154.0399932861328,152.33999633789062,153.49000549316406,EQUITY,TTWO"
"2024-10-11 13:30:00,153.05999755859375,156.47999572753906,153.05999755859375,155.08999633789062,EQUITY,TTWO"
"2024-10-14 13:30:00,154.69000244140625,156.49000549316406,155.50999450683594,155.42999267578125,EQUITY,TTWO"
"2024-10-15 13:30:00,154.99000549316406,157.50999450683594,155.36000061035156,156.0500030517578,EQUITY,TTWO"
"2024-10-16 13:30:00,154.27999877929688,155.97000122070312,155.88999938964844,154.91000366210938,EQUITY,TTWO"
"2024-10-17 13:30:00,154.02999877929688,156.52999877929688,155.97000122070312,154.7899932861328,EQUITY,TTWO"
"2024-10-18 13:30:00,154.14999389648438,155.8000030517578,154.41000366210938,155.27000427246094,EQUITY,TTWO"
"2024-10-21 13:30:00,154.1300048828125,156.92999267578125,154.47000122070312,156.8800048828125,EQUITY,TTWO"
"2024-10-22 13:30:00,156.52999877929688,160.30999755859375,156.99000549316406,160.02000427246094,EQUITY,TTWO"
"2024-10-23 13:30:00,159.22999572753906,161.2899932861328,160.0,161.00999450683594,EQUITY,TTWO"
"2024-10-24 13:30:00,159.9600067138672,163.07000732421875,161.6199951171875,161.25999450683594,EQUITY,TTWO"
"2024-10-25 13:30:00,161.14999389648438,163.85000610351562,162.39999389648438,161.7899932861328,EQUITY,TTWO"
"2024-10-28 13:30:00,160.00999450683594,162.13999938964844,162.0,160.75,EQUITY,TTWO"
"2024-10-29 13:30:00,158.64999389648438,163.5399932861328,160.38999938964844,162.27999877929688,EQUITY,TTWO"
"2024-10-30 13:30:00,160.6199951171875,164.67999267578125,162.1999969482422,162.88999938964844,EQUITY,TTWO"
"2024-10-31 13:30:00,161.27999877929688,164.4600067138672,162.75,161.72000122070312,EQUITY,TTWO"
"2024-11-01 13:30:00,160.8300018310547,164.39999389648438,161.1199951171875,163.77999877929688,EQUITY,TTWO"
"2024-11-04 14:30:00,161.02000427246094,164.6999969482422,164.22000122070312,162.92999267578125,EQUITY,TTWO"
"2024-11-05 14:30:00,162.8000030517578,165.49000549316406,163.64999389648438,164.02999877929688,EQUITY,TTWO"
"2024-11-06 14:30:00,165.35000610351562,169.0399932861328,166.49000549316406,166.6199951171875,EQUITY,TTWO"
"2024-11-07 14:30:00,171.39999389648438,180.52999877929688,174.0,179.1699981689453,EQUITY,TTWO"
"2024-11-08 14:30:00,173.1999969482422,179.33999633789062,179.1699981689453,177.89999389648438,EQUITY,TTWO"
"2024-11-11 14:30:00,178.1199951171875,180.50999450683594,178.44000244140625,179.38999938964844,EQUITY,TTWO"
"2024-11-12 14:30:00,177.1699981689453,180.6699981689453,178.66000366210938,180.5500030517578,EQUITY,TTWO"
"2024-11-13 14:30:00,180.10000610351562,182.6199951171875,180.2899932861328,181.8699951171875,EQUITY,TTWO"
"2024-11-14 14:30:00,179.2899932861328,182.35000610351562,181.0,181.47999572753906,EQUITY,TTWO"
"2024-11-15 14:30:00,176.67999267578125,181.0,181.0,177.6199951171875,EQUITY,TTWO"
"2024-11-18 14:30:00,177.08999633789062,183.36000061035156,178.13999938964844,182.92999267578125,EQUITY,TTWO"
"2024-11-19 14:30:00,181.05999755859375,186.3000030517578,182.1199951171875,186.00999450683594,EQUITY,TTWO"
"2024-11-20 14:30:00,184.1999969482422,186.75,186.07000732421875,185.5,EQUITY,TTWO"
"2024-11-21 14:30:00,184.91000366210938,187.30999755859375,187.30999755859375,186.5800018310547,EQUITY,TTWO"
"2024-11-22 14:30:00,185.8699951171875,188.4499969482422,187.0,188.14999389648438,EQUITY,TTWO"
"2024-11-25 14:30:00,187.47000122070312,190.42999267578125,189.75999450683594,187.6199951171875,EQUITY,TTWO"
"2024-11-26 14:30:00,187.13999938964844,189.27999877929688,188.19000244140625,187.85000610351562,EQUITY,TTWO"
"2024-11-27 14:30:00,185.35000610351562,188.55999755859375,188.22999572753906,185.55999755859375,EQUITY,TTWO"
"2024-11-29 14:30:00,186.2100067138672,189.30999755859375,186.2100067138672,188.3800048828125,EQUITY,TTWO"
"2024-12-02 14:30:00,187.0,188.6300048828125,188.36000061035156,187.9499969482422,EQUITY,TTWO"
"2024-12-03 14:30:00,186.94000244140625,188.3800048828125,187.39999389648438,188.05999755859375,EQUITY,TTWO"
"2024-12-04 14:30:00,187.25,188.8800048828125,188.5,188.1999969482422,EQUITY,TTWO"
"2024-12-05 14:30:00,188.0,191.6300048828125,189.35000610351562,190.02999877929688,EQUITY,TTWO"
"2024-12-06 14:30:00,188.1699981689453,191.91000366210938,190.36000061035156,189.7100067138672,EQUITY,TTWO"
"2024-12-09 14:30:00,187.6699981689453,191.02000427246094,188.97000122070312,187.89999389648438,EQUITY,TTWO"
"2024-12-10 14:30:00,184.7100067138672,188.24000549316406,186.7100067138672,185.36000061035156,EQUITY,TTWO"
"2024-12-11 14:30:00,186.0500030517578,191.25999450683594,188.8800048828125,190.4600067138672,EQUITY,TTWO"
"2024-12-12 14:30:00,188.27000427246094,190.5399932861328,189.3300018310547,189.63999938964844,EQUITY,TTWO"
"2024-12-13 14:30:00,184.6999969482422,188.64999389648438,188.3000030517578,185.47999572753906,EQUITY,TTWO"
"2024-12-16 14:30:00,185.32000732421875,188.77999877929688,185.9199981689453,187.17999267578125,EQUITY,TTWO"
"2024-12-17 14:30:00,185.85000610351562,187.32000732421875,186.63999938964844,185.92999267578125,EQUITY,TTWO"
"2024-12-18 14:30:00,181.63999938964844,188.39999389648438,186.52000427246094,181.89999389648438,EQUITY,TTWO"
"2024-12-19 14:30:00,181.16000366210938,184.49000549316406,183.5,181.3800048828125,EQUITY,TTWO"
"2024-12-20 14:30:00,179.0,184.1999969482422,180.0,181.97000122070312,EQUITY,TTWO"
"2024-12-23 14:30:00,181.08999633789062,183.3699951171875,181.08999633789062,183.22000122070312,EQUITY,TTWO"
"2024-12-24 14:30:00,183.6300048828125,185.82000732421875,184.0,185.38999938964844,EQUITY,TTWO"
"2024-12-26 14:30:00,184.7100067138672,187.55999755859375,184.75,187.16000366210938,EQUITY,TTWO"
"2024-12-27 14:30:00,184.6999969482422,188.36000061035156,187.42999267578125,186.42999267578125,EQUITY,TTWO"
"2024-12-30 14:30:00,182.0,185.92999267578125,184.19000244140625,184.5399932861328,EQUITY,TTWO"
"2024-12-31 14:30:00,183.64999389648438,185.77000427246094,184.77000427246094,184.0800018310547,EQUITY,TTWO"
"2025-01-02 14:30:00,180.8699951171875,185.10000610351562,184.66000366210938,183.07000732421875,EQUITY,TTWO"
"2025-01-03 14:30:00,184.1999969482422,189.17999267578125,184.60000610351562,188.75,EQUITY,TTWO"
"2025-01-06 14:30:00,188.30999755859375,192.13999938964844,190.63999938964844,188.97999572753906,EQUITY,TTWO"
"2025-01-07 14:30:00,180.8800048828125,188.7100067138672,188.08999633789062,181.75,EQUITY,TTWO"
"2025-01-08 14:30:00,180.1699981689453,183.91000366210938,181.58999633789062,183.74000549316406,EQUITY,TTWO"
"2025-01-10 14:30:00,177.35000610351562,182.8800048828125,181.89999389648438,178.61000061035156,EQUITY,TTWO"
"2025-01-13 14:30:00,177.92999267578125,179.97999572753906,178.61000061035156,178.75999450683594,EQUITY,TTWO"
"2025-01-14 14:30:00,178.64999389648438,181.52999877929688,178.91000366210938,180.02999877929688,EQUITY,TTWO"
"2025-01-15 14:30:00,179.5800018310547,183.8000030517578,183.39999389648438,181.32000732421875,EQUITY,TTWO"
"2025-01-16 14:30:00,181.25999450683594,184.4600067138672,182.27000427246094,183.3699951171875,EQUITY,TTWO"
"2025-01-17 14:30:00,184.82000732421875,186.9499969482422,186.9499969482422,186.41000366210938,EQUITY,TTWO"
"2025-01-21 14:30:00,184.42999267578125,189.0399932861328,187.5500030517578,185.13999938964844,EQUITY,TTWO"
"2025-01-22 14:30:00,183.5399932861328,188.17999267578125,185.36000061035156,187.99000549316406,EQUITY,TTWO"
"2025-01-23 14:30:00,179.61000061035156,184.69000244140625,183.27999877929688,183.82000732421875,EQUITY,TTWO"
"2025-01-24 14:30:00,182.57000732421875,185.6300048828125,184.0,185.49000549316406,EQUITY,TTWO"
"2025-01-27 14:30:00,184.17999267578125,190.5800018310547,185.0500030517578,187.8699951171875,EQUITY,TTWO"
"2025-01-28 14:30:00,185.72999572753906,189.6999969482422,186.85000610351562,187.13999938964844,EQUITY,TTWO"
"2025-01-29 14:30:00,186.9199981689453,191.61000061035156,186.9199981689453,190.08999633789062,EQUITY,TTWO"
"2025-01-30 14:30:00,189.8800048828125,192.5,190.91000366210938,191.22999572753906,EQUITY,TTWO"
"2025-01-31 14:30:00,185.38999938964844,190.92999267578125,190.07000732421875,185.50999450683594,EQUITY,TTWO"
"2025-02-03 14:30:00,182.88999938964844,187.58999633789062,184.6199951171875,186.07000732421875,EQUITY,TTWO"
"2025-02-04 14:30:00,182.66000366210938,186.61000061035156,186.13999938964844,183.5399932861328,EQUITY,TTWO"
"2025-02-05 14:30:00,182.9199981689453,186.1699981689453,185.10000610351562,184.9199981689453,EQUITY,TTWO"
"2025-02-06 14:30:00,181.86000061035156,184.52999877929688,184.0800018310547,183.0800018310547,EQUITY,TTWO"
"2025-02-07 14:30:00,195.97000122070312,212.8800048828125,198.0,208.77000427246094,EQUITY,TTWO"
"2025-02-10 14:30:00,206.27999877929688,215.83999633789062,210.00999450683594,212.50999450683594,EQUITY,TTWO"
"2025-02-11 14:30:00,208.3800048828125,214.0399932861328,212.27000427246094,209.94000244140625,EQUITY,TTWO"
"2025-02-12 14:30:00,206.55999755859375,210.11000061035156,207.42999267578125,209.17999267578125,EQUITY,TTWO"
"2025-02-13 14:30:00,207.8300018310547,210.5800018310547,209.17999267578125,210.08999633789062,EQUITY,TTWO"
"2025-02-14 14:30:00,208.5500030517578,212.58999633789062,210.22999572753906,208.75999450683594,EQUITY,TTWO"
"2025-02-18 14:30:00,208.41000366210938,216.52000427246094,208.63999938964844,216.3800048828125,EQUITY,TTWO"
"2025-02-19 14:30:00,212.4600067138672,218.75,218.58999633789062,215.17999267578125,EQUITY,TTWO"
"2025-02-20 14:30:00,209.0399932861328,215.3300018310547,215.17999267578125,215.24000549316406,EQUITY,TTWO"
"2025-02-21 14:30:00,210.66000366210938,216.52999877929688,216.0,211.64999389648438,EQUITY,TTWO"
"2025-02-24 14:30:00,207.27999877929688,213.6999969482422,213.2100067138672,212.02000427246094,EQUITY,TTWO"
"2025-02-25 14:30:00,206.07000732421875,210.67999267578125,210.47999572753906,207.91000366210938,EQUITY,TTWO"
"2025-02-26 14:30:00,207.4600067138672,210.27999877929688,208.80999755859375,209.11000061035156,EQUITY,TTWO"
"2025-02-27 14:30:00,207.6300048828125,211.3699951171875,209.85000610351562,208.2100067138672,EQUITY,TTWO"
"2025-02-28 14:30:00,206.7100067138672,212.10000610351562,208.72000122070312,211.97999572753906,EQUITY,TTWO"
"2025-03-03 14:30:00,207.77999877929688,214.5,212.88999938964844,208.0500030517578,EQUITY,TTWO"
"2025-03-04 14:30:00,202.00999450683594,209.08999633789062,207.97999572753906,208.5500030517578,EQUITY,TTWO"
"2025-03-05 14:30:00,208.10000610351562,215.27000427246094,208.10000610351562,214.80999755859375,EQUITY,TTWO"
"2025-03-06 14:30:00,207.3300018310547,216.4600067138672,214.1999969482422,207.8699951171875,EQUITY,TTWO"
"2025-03-07 14:30:00,198.7100067138672,207.4499969482422,206.75999450683594,204.3300018310547,EQUITY,TTWO"
"2025-03-10 13:30:00,197.0,202.47000122070312,200.97999572753906,201.92999267578125,EQUITY,TTWO"
"2025-03-11 13:30:00,201.77000427246094,206.02000427246094,202.0399932861328,203.8000030517578,EQUITY,TTWO"
"2025-03-12 13:30:00,203.49000549316406,206.72000122070312,204.47999572753906,205.3300018310547,EQUITY,TTWO"
"2025-03-13 13:30:00,201.92999267578125,206.1999969482422,204.47999572753906,203.6300048828125,EQUITY,TTWO"
"2025-03-14 13:30:00,201.83999633789062,206.32000732421875,205.6699981689453,204.57000732421875,EQUITY,TTWO"
"2025-03-17 13:30:00,203.05999755859375,207.7100067138672,203.82000732421875,206.5,EQUITY,TTWO"
"2025-03-18 13:30:00,203.6999969482422,206.36000061035156,205.9600067138672,204.32000732421875,EQUITY,TTWO"
"2025-03-19 13:30:00,203.47999572753906,210.7100067138672,204.0,208.86000061035156,EQUITY,TTWO"
"2025-03-20 13:30:00,206.89999389648438,211.4600067138672,206.92999267578125,209.6300048828125,EQUITY,TTWO"
"2025-03-21 13:30:00,204.2100067138672,215.0,207.50999450683594,213.47000122070312,EQUITY,TTWO"
"2025-03-24 13:30:00,211.88999938964844,217.17999267578125,217.14999389648438,213.50999450683594,EQUITY,TTWO"
"2025-03-25 13:30:00,211.57000732421875,218.55999755859375,213.66000366210938,217.9499969482422,EQUITY,TTWO"
"2025-03-26 13:30:00,211.9499969482422,220.92999267578125,217.0,215.88999938964844,EQUITY,TTWO"
"2025-03-27 13:30:00,213.6300048828125,216.6999969482422,215.77000427246094,214.2899932861328,EQUITY,TTWO"
"2025-03-28 13:30:00,209.32000732421875,215.52000427246094,214.27999877929688,210.47000122070312,EQUITY,TTWO"
"2025-03-31 13:30:00,200.66000366210938,207.88999938964844,207.39999389648438,207.25,EQUITY,TTWO"
"2025-04-01 13:30:00,204.6999969482422,210.57000732421875,205.22999572753906,210.1300048828125,EQUITY,TTWO"
"2025-04-02 13:30:00,207.0,212.72000122070312,207.8800048828125,211.10000610351562,EQUITY,TTWO"
"2025-04-03 13:30:00,204.94000244140625,211.5,205.4600067138672,208.92999267578125,EQUITY,TTWO"
"2025-04-04 13:30:00,194.17999267578125,208.3300018310547,205.10000610351562,194.5800018310547,EQUITY,TTWO"
"2025-04-07 13:30:00,188.55999755859375,201.1300048828125,190.9199981689453,197.52999877929688,EQUITY,TTWO"
"2025-04-08 13:30:00,193.11000061035156,205.2100067138672,201.61000061035156,196.25,EQUITY,TTWO"
"2025-04-09 13:30:00,194.1199951171875,209.38999938964844,194.33999633789062,208.1300048828125,EQUITY,TTWO"
"2025-04-10 13:30:00,196.64999389648438,206.36000061035156,205.00999450683594,204.41000366210938,EQUITY,TTWO"
"2025-04-11 13:30:00,202.25999450683594,212.85000610351562,204.8300018310547,212.07000732421875,EQUITY,TTWO"
"2025-04-14 13:30:00,210.99000549316406,216.0,214.0,212.9499969482422,EQUITY,TTWO"
"2025-04-15 13:30:00,211.9499969482422,215.35000610351562,212.75,214.60000610351562,EQUITY,TTWO"
"2025-04-16 13:30:00,209.1699981689453,215.85000610351562,213.8000030517578,211.39999389648438,EQUITY,TTWO"
"2025-04-17 13:30:00,211.4600067138672,214.8000030517578,213.6699981689453,212.77000427246094,EQUITY,TTWO"
"2025-04-21 13:30:00,202.41000366210938,211.33999633789062,210.83999633789062,205.16000366210938,EQUITY,TTWO"
"2025-04-22 13:30:00,207.07000732421875,211.75,208.1300048828125,209.97000122070312,EQUITY,TTWO"
"2025-04-23 13:30:00,211.0,215.97000122070312,212.07000732421875,213.3000030517578,EQUITY,TTWO"
"2025-04-24 13:30:00,213.3000030517578,224.5800018310547,213.8000030517578,222.69000244140625,EQUITY,TTWO"
"2025-04-25 13:30:00,222.27999877929688,225.49000549316406,222.64999389648438,225.3800048828125,EQUITY,TTWO"
"2025-04-28 13:30:00,223.58999633789062,229.0,227.25,225.5500030517578,EQUITY,TTWO"
"2025-04-29 13:30:00,225.1999969482422,231.22999572753906,225.1999969482422,230.7100067138672,EQUITY,TTWO"
"2025-04-30 13:30:00,225.39999389648438,234.08999633789062,227.0,233.32000732421875,EQUITY,TTWO"
"2025-05-01 13:30:00,233.4199981689453,238.0,234.1199951171875,235.1699981689453,EQUITY,TTWO"
"2025-05-02 13:30:00,211.0,224.72000122070312,214.4499969482422,219.5,EQUITY,TTWO"
"2025-05-05 13:30:00,217.74000549316406,225.82000732421875,218.5,225.32000732421875,EQUITY,TTWO"
"2025-05-06 13:30:00,222.24000549316406,232.2100067138672,223.50999450683594,231.83999633789062,EQUITY,TTWO"
"2025-05-07 13:30:00,225.33999633789062,232.94000244140625,232.11000061035156,226.33999633789062,EQUITY,TTWO"
"2025-05-08 13:30:00,224.38999938964844,227.97999572753906,227.11000061035156,225.4499969482422,EQUITY,TTWO"
"2025-05-09 13:30:00,223.0500030517578,227.49000549316406,225.4499969482422,226.5500030517578,EQUITY,TTWO"
"2025-05-12 13:30:00,219.41000366210938,227.88999938964844,226.0800018310547,226.25,EQUITY,TTWO"
"2025-05-13 13:30:00,224.30999755859375,228.3000030517578,225.86000061035156,226.16000366210938,EQUITY,TTWO"
"2025-05-14 13:30:00,224.88999938964844,229.6699981689453,225.7100067138672,229.5,EQUITY,TTWO"
"2025-05-15 13:30:00,228.39999389648438,233.75999450683594,228.75,232.33999633789062,EQUITY,TTWO"
"2025-05-16 13:30:00,226.11000061035156,240.77999877929688,236.5800018310547,226.74000549316406,EQUITY,TTWO"
"2025-05-19 13:30:00,225.4499969482422,235.72000122070312,226.74000549316406,234.66000366210938,EQUITY,TTWO"
"2025-05-20 13:30:00,232.5399932861328,237.6199951171875,233.02000427246094,237.5,EQUITY,TTWO"
"2025-05-21 13:30:00,226.6699981689453,231.63999938964844,228.02999877929688,226.75999450683594,EQUITY,TTWO"
"2025-05-22 13:30:00,223.1199951171875,228.39999389648438,228.02999877929688,226.00999450683594,EQUITY,TTWO"
"2025-05-23 13:30:00,224.0,226.16000366210938,225.9199981689453,224.99000549316406,EQUITY,TTWO"
"2025-05-27 13:30:00,224.0,227.5,226.0,226.27000427246094,EQUITY,TTWO"
"2025-05-28 13:30:00,226.33999633789062,229.8800048828125,226.33999633789062,228.3300018310547,EQUITY,TTWO"
"2025-05-29 13:30:00,223.72000122070312,228.66000366210938,228.66000366210938,225.38999938964844,EQUITY,TTWO"
"2025-05-30 13:30:00,224.25999450683594,226.9499969482422,225.39999389648438,226.27999877929688,EQUITY,TTWO"
"2025-06-02 13:30:00,222.1199951171875,227.6300048828125,226.10000610351562,227.60000610351562,EQUITY,TTWO"
"2025-06-03 13:30:00,224.0,229.85000610351562,227.0,229.64999389648438,EQUITY,TTWO"
"2025-06-04 13:30:00,227.1999969482422,230.39999389648438,229.52000427246094,229.17999267578125,EQUITY,TTWO"
"2025-06-05 13:30:00,228.8300018310547,232.77999877929688,229.5500030517578,231.02999877929688,EQUITY,TTWO"
"2025-06-06 13:30:00,230.47000122070312,233.1999969482422,232.97999572753906,232.72000122070312,EQUITY,TTWO"
"2025-06-09 13:30:00,230.38999938964844,234.3300018310547,232.27000427246094,233.5,EQUITY,TTWO"
"2025-06-10 13:30:00,231.89999389648438,235.6199951171875,233.47000122070312,234.91000366210938,EQUITY,TTWO"
"2025-06-11 13:30:00,232.24000549316406,235.6699981689453,234.3300018310547,234.74000549316406,EQUITY,TTWO"
"2025-06-12 13:30:00,233.61000061035156,237.38999938964844,234.1199951171875,234.4600067138672,EQUITY,TTWO"
"2025-06-13 13:30:00,229.58999633789062,235.8000030517578,232.92999267578125,230.22999572753906,EQUITY,TTWO"
"2025-06-16 13:30:00,230.6699981689453,240.44000244140625,230.9499969482422,238.60000610351562,EQUITY,TTWO"
"2025-06-17 13:30:00,236.14999389648438,239.55999755859375,238.61000061035156,237.52000427246094,EQUITY,TTWO"
"2025-06-18 13:30:00,235.6699981689453,242.08999633789062,237.6999969482422,238.5,EQUITY,TTWO"
"2025-06-20 13:30:00,236.97999572753906,242.27999877929688,240.08999633789062,238.3699951171875,EQUITY,TTWO"
"2025-06-23 13:30:00,235.5500030517578,241.9600067138672,238.30999755859375,241.58999633789062,EQUITY,TTWO"
"2025-06-24 13:30:00,240.6199951171875,245.0800018310547,242.3699951171875,243.0500030517578,EQUITY,TTWO"
"2025-06-25 13:30:00,240.80999755859375,244.44000244140625,243.47000122070312,241.63999938964844,EQUITY,TTWO"
"2025-06-26 13:30:00,238.66000366210938,242.75999450683594,241.3800048828125,239.3300018310547,EQUITY,TTWO"
"2025-06-27 13:30:00,238.8800048828125,241.91000366210938,239.5500030517578,241.44000244140625,EQUITY,TTWO"
"2025-06-30 13:30:00,237.30999755859375,244.5,242.67999267578125,242.85000610351562,EQUITY,TTWO"
"2025-07-01 13:30:00,238.11000061035156,243.89999389648438,242.42999267578125,240.10000610351562,EQUITY,TTWO"
"2025-07-02 13:30:00,238.82000732421875,242.27999877929688,239.92999267578125,239.50999450683594,EQUITY,TTWO"
"2025-07-03 13:30:00,237.00999450683594,240.99000549316406,240.16000366210938,240.11000061035156,EQUITY,TTWO"
"2025-07-07 13:30:00,239.83999633789062,243.19000244140625,240.63999938964844,242.52999877929688,EQUITY,TTWO"
"2025-07-08 13:30:00,239.50999450683594,243.1300048828125,242.52999877929688,240.55999755859375,EQUITY,TTWO"
"2025-07-09 13:30:00,240.16000366210938,243.17999267578125,241.35000610351562,242.22999572753906,EQUITY,TTWO"
"2025-07-10 13:30:00,234.60000610351562,242.52999877929688,241.6699981689453,235.3300018310547,EQUITY,TTWO"
"2025-07-11 13:30:00,233.14999389648438,236.52999877929688,235.77999877929688,233.9199981689453,EQUITY,TTWO"
"2025-07-14 13:30:00,233.5,239.16000366210938,234.0,238.4600067138672,EQUITY,TTWO"
"2025-07-15 13:30:00,236.1999969482422,241.07000732421875,237.8000030517578,237.6999969482422,EQUITY,TTWO"
"2025-07-16 13:30:00,236.91000366210938,239.60000610351562,238.7899932861328,238.72999572753906,EQUITY,TTWO"
"2025-07-17 13:30:00,230.39999389648438,238.9600067138672,238.72999572753906,233.9199981689453,EQUITY,TTWO"
"2025-07-18 13:30:00,227.4499969482422,234.9499969482422,233.97000122070312,231.17999267578125,EQUITY,TTWO"
"2025-07-21 13:30:00,230.05999755859375,233.24000549316406,232.0800018310547,231.6300048828125,EQUITY,TTWO"
"2025-07-22 13:30:00,229.10000610351562,232.85000610351562,232.1300048828125,231.07000732421875,EQUITY,TTWO"
"2025-07-23 13:30:00,227.8699951171875,231.2899932861328,230.4499969482422,228.72999572753906,EQUITY,TTWO"
"2025-07-24 13:30:00,225.3300018310547,229.41000366210938,228.17999267578125,225.75,EQUITY,TTWO"
"2025-07-25 13:30:00,223.0399932861328,227.2100067138672,226.0,224.75,EQUITY,TTWO"
"2025-07-28 13:30:00,224.41000366210938,228.66000366210938,228.22999572753906,226.10000610351562,EQUITY,TTWO"
"2025-07-29 13:30:00,222.5,227.36000061035156,227.14999389648438,223.97999572753906,EQUITY,TTWO"
"2025-07-30 13:30:00,223.0500030517578,225.9199981689453,224.0500030517578,223.80999755859375,EQUITY,TTWO"
"2025-07-31 13:30:00,222.3000030517578,225.30999755859375,224.6199951171875,222.72999572753906,EQUITY,TTWO"
"2025-08-01 13:30:00,219.07000732421875,222.82000732421875,222.82000732421875,220.5800018310547,EQUITY,TTWO"
"2025-08-04 13:30:00,221.6199951171875,226.38999938964844,222.83999633789062,225.99000549316406,EQUITY,TTWO"
"2025-08-05 13:30:00,225.41000366210938,227.99000549316406,226.17999267578125,225.9199981689453,EQUITY,TTWO"
"2025-08-06 13:30:00,224.0,227.6699981689453,226.66000366210938,227.2100067138672,EQUITY,TTWO"
"2025-08-07 13:30:00,222.3800048828125,228.50999450683594,227.75,226.49000549316406,EQUITY,TTWO"
"2025-08-08 13:30:00,216.33999633789062,239.13999938964844,237.52000427246094,217.3699951171875,EQUITY,TTWO"
"2025-08-11 13:30:00,218.39999389648438,226.57000732421875,219.36000061035156,222.6699981689453,EQUITY,TTWO"
"2025-08-12 13:30:00,224.1999969482422,232.77999877929688,224.44000244140625,232.55999755859375,EQUITY,TTWO"
"2025-08-13 13:30:00,230.6999969482422,236.24000549316406,233.2899932861328,236.13999938964844,EQUITY,TTWO"
"2025-08-14 13:30:00,232.1999969482422,238.38999938964844,235.3000030517578,233.16000366210938,EQUITY,TTWO"
"2025-08-15 13:30:00,229.58999633789062,233.64999389648438,233.64999389648438,232.17999267578125,EQUITY,TTWO"
"2025-08-18 13:30:00,231.52000427246094,235.60000610351562,233.47000122070312,232.5500030517578,EQUITY,TTWO"
"2025-08-19 13:30:00,227.75,232.4499969482422,232.10000610351562,228.36000061035156,EQUITY,TTWO"
"2025-08-20 13:30:00,225.5399932861328,229.4499969482422,227.3800048828125,228.6699981689453,EQUITY,TTWO"
"2025-08-21 13:30:00,226.27999877929688,228.7899932861328,227.47000122070312,227.8699951171875,EQUITY,TTWO"
"2025-08-22 13:30:00,226.75,230.07000732421875,228.6699981689453,229.02999877929688,EQUITY,TTWO"
"2025-08-25 13:30:00,228.5,232.99000549316406,228.6699981689453,231.8300018310547,EQUITY,TTWO"
"2025-08-26 13:30:00,230.3300018310547,233.5500030517578,231.36000061035156,230.82000732421875,EQUITY,TTWO"
"2025-08-27 13:30:00,228.75,232.33999633789062,230.52000427246094,232.02999877929688,EQUITY,TTWO"
"2025-08-28 13:30:00,230.63999938964844,235.02999877929688,230.63999938964844,234.89999389648438,EQUITY,TTWO"
"2025-08-29 13:30:00,232.61000061035156,235.99000549316406,234.27999877929688,233.27000427246094,EQUITY,TTWO"
"2025-09-02 13:30:00,229.3300018310547,241.0800018310547,231.16000366210938,240.9499969482422,EQUITY,TTWO"
"2025-09-03 13:30:00,237.02999877929688,242.3000030517578,241.0,238.86000061035156,EQUITY,TTWO"
"2025-09-04 13:30:00,237.3699951171875,240.83999633789062,238.52999877929688,240.64999389648438,EQUITY,TTWO"
"2025-09-05 13:30:00,236.94000244140625,242.69000244140625,242.0,239.67999267578125,EQUITY,TTWO"
"2025-09-08 13:30:00,241.39999389648438,250.4499969482422,241.77999877929688,248.77999877929688,EQUITY,TTWO"
"2025-09-09 13:30:00,247.27000427246094,250.0,249.27999877929688,247.86000061035156,EQUITY,TTWO"
"2025-09-10 13:30:00,243.4600067138672,248.5800018310547,248.5800018310547,244.0399932861328,EQUITY,TTWO"
"2025-09-11 13:30:00,244.88999938964844,248.0,246.07000732421875,246.5399932861328,EQUITY,TTWO"
"2025-09-12 13:30:00,244.02999877929688,248.3000030517578,245.97000122070312,246.25999450683594,EQUITY,TTWO"
"2025-09-15 13:30:00,245.9199981689453,250.25,246.25,247.25,EQUITY,TTWO"
"2025-09-16 13:30:00,246.72000122070312,250.9600067138672,247.5399932861328,247.72999572753906,EQUITY,TTWO"
"2025-09-17 13:30:00,245.6999969482422,251.1999969482422,248.0,250.52000427246094,EQUITY,TTWO"
"2025-09-18 13:30:00,249.11000061035156,252.61000061035156,251.08999633789062,249.74000549316406,EQUITY,TTWO"
"2025-09-19 13:30:00,247.80999755859375,252.39999389648438,251.9600067138672,250.85000610351562,EQUITY,TTWO"
"2025-09-22 13:30:00,249.38999938964844,255.3300018310547,249.38999938964844,251.63999938964844,EQUITY,TTWO"
"2025-09-23 13:30:00,250.83999633789062,254.1199951171875,251.63999938964844,251.27999877929688,EQUITY,TTWO"
"2025-09-24 13:30:00,239.4600067138672,253.05999755859375,253.05999755859375,244.1199951171875,EQUITY,TTWO"
"2025-09-25 13:30:00,242.6199951171875,246.1300048828125,244.08999633789062,245.11000061035156,EQUITY,TTWO"
"2025-09-26 13:30:00,245.49000549316406,258.1000061035156,246.32000732421875,256.1199951171875,EQUITY,TTWO"
"2025-09-29 13:30:00,254.5500030517578,261.4700012207031,257.57000732421875,259.9599914550781,EQUITY,TTWO"
"2025-09-30 13:30:00,256.1600036621094,261.1499938964844,259.70001220703125,258.3599853515625,EQUITY,TTWO"
"2025-10-01 13:30:00,253.1999969482422,258.4200134277344,256.69000244140625,255.39999389648438,EQUITY,TTWO"
"2025-10-02 13:30:00,252.5500030517578,257.3299865722656,255.39999389648438,256.94000244140625,EQUITY,TTWO"
"2025-10-03 13:30:00,255.50999450683594,261.0899963378906,256.6700134277344,257.67999267578125,EQUITY,TTWO"
"2025-10-06 13:30:00,256.1000061035156,259.9599914550781,258.6499938964844,256.9800109863281,EQUITY,TTWO"
"2025-10-07 13:30:00,257.5,261.0899963378906,257.5,260.5,EQUITY,TTWO"
"2025-10-08 13:30:00,255.57000732421875,262.19000244140625,261.1099853515625,258.07000732421875,EQUITY,TTWO"
"2025-10-09 13:30:00,255.86000061035156,259.3800048828125,259.3399963378906,256.69000244140625,EQUITY,TTWO"
"2025-10-10 13:30:00,250.9499969482422,258.1400146484375,256.0899963378906,251.97000122070312,EQUITY,TTWO"
"2024-09-09 13:30:00,123.94000244140625,126.72000122070312,124.62000274658203,124.61000061035156,EQUITY,DASH"
"2024-09-10 13:30:00,122.7300033569336,126.87999725341797,124.20999908447266,125.80999755859375,EQUITY,DASH"
"2024-09-11 13:30:00,124.47000122070312,130.33999633789062,125.91000366210938,130.02000427246094,EQUITY,DASH"
"2024-09-12 13:30:00,129.3699951171875,130.99000549316406,130.61000061035156,130.19000244140625,EQUITY,DASH"
"2024-09-13 13:30:00,130.6699981689453,133.19000244140625,131.08999633789062,131.35000610351562,EQUITY,DASH"
"2024-09-16 13:30:00,130.3000030517578,133.14999389648438,131.22000122070312,130.8699951171875,EQUITY,DASH"
"2024-09-17 13:30:00,126.9000015258789,131.3699951171875,131.35000610351562,129.8800048828125,EQUITY,DASH"
"2024-09-18 13:30:00,130.32000732421875,134.0500030517578,131.22000122070312,132.47999572753906,EQUITY,DASH"
"2024-09-19 13:30:00,136.0500030517578,138.64999389648438,137.55999755859375,137.2899932861328,EQUITY,DASH"
"2024-09-20 13:30:00,136.531005859375,139.88999938964844,137.36000061035156,139.72000122070312,EQUITY,DASH"
"2024-09-23 13:30:00,138.7100067138672,140.67999267578125,140.0,139.50999450683594,EQUITY,DASH"
"2024-09-24 13:30:00,138.58999633789062,141.92999267578125,140.72999572753906,141.67999267578125,EQUITY,DASH"
"2024-09-25 13:30:00,143.3000030517578,146.36000061035156,144.30999755859375,143.92999267578125,EQUITY,DASH"
"2024-09-26 13:30:00,142.6199951171875,145.3249969482422,145.17999267578125,143.02000427246094,EQUITY,DASH"
"2024-09-27 13:30:00,142.1199951171875,144.8000030517578,143.3699951171875,142.22999572753906,EQUITY,DASH"
"2024-09-30 13:30:00,141.16000366210938,143.0500030517578,142.6699981689453,142.72999572753906,EQUITY,DASH"
"2024-10-01 13:30:00,140.52999877929688,144.5,143.36000061035156,141.92999267578125,EQUITY,DASH"
"2024-10-02 13:30:00,141.5749969482422,144.35499572753906,141.89999389648438,143.5800018310547,EQUITY,DASH"
"2024-10-03 13:30:00,140.6199951171875,143.3300018310547,142.1699981689453,142.1199951171875,EQUITY,DASH"
"2024-10-04 13:30:00,143.5800018310547,145.41000366210938,144.16000366210938,144.86000061035156,EQUITY,DASH"
"2024-10-07 13:30:00,141.83999633789062,144.8249969482422,144.4600067138672,142.0800018310547,EQUITY,DASH"
"2024-10-08 13:30:00,141.25999450683594,144.2899932861328,142.1999969482422,143.3000030517578,EQUITY,DASH"
"2024-10-09 13:30:00,142.4499969482422,143.9600067138672,143.0,142.64999389648438,EQUITY,DASH"
"2024-10-10 13:30:00,141.75999450683594,146.3800048828125,142.63999938964844,144.49000549316406,EQUITY,DASH"
"2024-10-11 13:30:00,145.0,150.0,145.5,149.44000244140625,EQUITY,DASH"
"2024-10-14 13:30:00,148.10000610351562,150.2899932861328,149.7899932861328,150.02000427246094,EQUITY,DASH"
"2024-10-15 13:30:00,143.37399291992188,150.0,150.0,148.8699951171875,EQUITY,DASH"
"2024-10-16 13:30:00,147.30999755859375,150.05999755859375,148.50999450683594,149.86000061035156,EQUITY,DASH"
"2024-10-17 13:30:00,149.8000030517578,152.11000061035156,151.7100067138672,151.39999389648438,EQUITY,DASH"
"2024-10-18 13:30:00,150.33999633789062,152.52499389648438,151.6300048828125,151.97999572753906,EQUITY,DASH"
"2024-10-21 13:30:00,150.6999969482422,152.88999938964844,151.3800048828125,152.88999938964844,EQUITY,DASH"
"2024-10-22 13:30:00,151.72999572753906,154.16000366210938,152.16000366210938,152.5399932861328,EQUITY,DASH"
"2024-10-23 13:30:00,150.25999450683594,153.0399932861328,152.0,150.9199981689453,EQUITY,DASH"
"2024-10-24 13:30:00,151.25999450683594,153.86000061035156,151.69000244140625,153.19000244140625,EQUITY,DASH"
"2024-10-25 13:30:00,152.86000061035156,155.2899932861328,153.72000122070312,153.8800048828125,EQUITY,DASH"
"2024-10-28 13:30:00,153.2899932861328,155.30999755859375,154.9600067138672,153.3699951171875,EQUITY,DASH"
"2024-10-29 13:30:00,153.58999633789062,155.92999267578125,154.47999572753906,155.1999969482422,EQUITY,DASH"
"2024-10-30 13:30:00,153.10000610351562,156.5800018310547,154.19000244140625,155.25,EQUITY,DASH"
"2024-10-31 13:30:00,154.1999969482422,165.07000732421875,164.30999755859375,156.6999969482422,EQUITY,DASH"
"2024-11-01 13:30:00,152.25999450683594,158.16000366210938,155.91000366210938,155.66000366210938,EQUITY,DASH"
"2024-11-04 14:30:00,152.57000732421875,157.35000610351562,155.0,157.24000549316406,EQUITY,DASH"
"2024-11-05 14:30:00,156.69500732421875,160.2530059814453,157.74000549316406,159.4600067138672,EQUITY,DASH"
"2024-11-06 14:30:00,161.65499877929688,169.73500061035156,162.3000030517578,169.63999938964844,EQUITY,DASH"
"2024-11-07 14:30:00,167.63999938964844,171.1999969482422,169.1300048828125,170.58999633789062,EQUITY,DASH"
"2024-11-08 14:30:00,169.57000732421875,172.17999267578125,170.39999389648438,171.39999389648438,EQUITY,DASH"
"2024-11-11 14:30:00,170.50999450683594,175.22999572753906,171.39999389648438,174.9499969482422,EQUITY,DASH"
"2024-11-12 14:30:00,173.5800018310547,177.3000030517578,174.89999389648438,176.49000549316406,EQUITY,DASH"
"2024-11-13 14:30:00,174.82000732421875,178.16000366210938,176.5050048828125,175.75999450683594,EQUITY,DASH"
"2024-11-14 14:30:00,173.25,176.77999877929688,174.67999267578125,173.8000030517578,EQUITY,DASH"
"2024-11-15 14:30:00,169.10000610351562,173.50999450683594,173.50999450683594,169.42999267578125,EQUITY,DASH"
"2024-11-18 14:30:00,168.75,174.55999755859375,169.77999877929688,172.72999572753906,EQUITY,DASH"
"2024-11-19 14:30:00,171.1999969482422,176.64999389648438,171.82000732421875,176.17999267578125,EQUITY,DASH"
"2024-11-20 14:30:00,167.8800048828125,176.0,175.77000427246094,172.1999969482422,EQUITY,DASH"
"2024-11-21 14:30:00,170.08999633789062,173.96499633789062,172.5,173.1699981689453,EQUITY,DASH"
"2024-11-22 14:30:00,173.0,177.55999755859375,173.11000061035156,177.24000549316406,EQUITY,DASH"
"2024-11-25 14:30:00,173.91000366210938,179.1300048828125,178.82000732421875,179.10000610351562,EQUITY,DASH"
"2024-11-26 14:30:00,178.10000610351562,181.3000030517578,180.0,179.00999450683594,EQUITY,DASH"
"2024-11-27 14:30:00,177.6999969482422,180.17999267578125,179.99000549316406,178.44000244140625,EQUITY,DASH"
"2024-11-29 14:30:00,177.17999267578125,180.6999969482422,179.4199981689453,180.47999572753906,EQUITY,DASH"
"2024-12-02 14:30:00,175.83999633789062,180.30999755859375,179.99000549316406,176.3699951171875,EQUITY,DASH"
"2024-12-03 14:30:00,175.17999267578125,177.56500244140625,177.0,176.08999633789062,EQUITY,DASH"
"2024-12-04 14:30:00,175.47999572753906,178.4499969482422,177.0,176.8800048828125,EQUITY,DASH"
"2024-12-05 14:30:00,175.6999969482422,179.0,176.27999877929688,175.88999938964844,EQUITY,DASH"
"2024-12-06 14:30:00,176.1300048828125,179.22000122070312,177.22999572753906,178.47999572753906,EQUITY,DASH"
"2024-12-09 14:30:00,174.14500427246094,177.7899932861328,176.9600067138672,175.63999938964844,EQUITY,DASH"
"2024-12-10 14:30:00,171.27000427246094,179.55999755859375,175.49000549316406,173.89999389648438,EQUITY,DASH"
"2024-12-11 14:30:00,173.41000366210938,177.50999450683594,176.57000732421875,176.41000366210938,EQUITY,DASH"
"2024-12-12 14:30:00,175.5,178.5,175.5,176.02000427246094,EQUITY,DASH"
"2024-12-13 14:30:00,173.69000244140625,175.86000061035156,175.3000030517578,175.08999633789062,EQUITY,DASH"
"2024-12-16 14:30:00,175.0399932861328,179.75,176.89999389648438,179.5,EQUITY,DASH"
"2024-12-17 14:30:00,176.7899932861328,181.77999877929688,178.9499969482422,177.0,EQUITY,DASH"
"2024-12-18 14:30:00,164.1999969482422,177.43499755859375,177.1699981689453,165.38999938964844,EQUITY,DASH"
"2024-12-19 14:30:00,166.14999389648438,168.9949951171875,167.3000030517578,167.64999389648438,EQUITY,DASH"
"2024-12-20 14:30:00,164.86500549316406,172.02999877929688,165.9199981689453,171.0,EQUITY,DASH"
"2024-12-23 14:30:00,168.52999877929688,171.67999267578125,171.5399932861328,169.94000244140625,EQUITY,DASH"
"2024-12-24 14:30:00,169.47000122070312,171.94000244140625,169.47000122070312,171.80999755859375,EQUITY,DASH"
"2024-12-26 14:30:00,170.5,172.58999633789062,171.3000030517578,170.57000732421875,EQUITY,DASH"
"2024-12-27 14:30:00,166.43499755859375,169.98399353027344,169.1999969482422,169.33999633789062,EQUITY,DASH"
"2024-12-30 14:30:00,165.4600067138672,170.33999633789062,166.6699981689453,169.60000610351562,EQUITY,DASH"
"2024-12-31 14:30:00,167.27000427246094,170.0800018310547,169.6199951171875,167.75,EQUITY,DASH"
"2025-01-02 14:30:00,168.02999877929688,172.22000122070312,168.7899932861328,170.64999389648438,EQUITY,DASH"
"2025-01-03 14:30:00,171.90499877929688,175.0,172.60000610351562,174.9600067138672,EQUITY,DASH"
"2025-01-06 14:30:00,172.45799255371094,175.36000061035156,175.0,175.02000427246094,EQUITY,DASH"
"2025-01-07 14:30:00,168.89999389648438,175.98800659179688,175.9499969482422,170.0,EQUITY,DASH"
"2025-01-08 14:30:00,169.86000061035156,174.52999877929688,171.1999969482422,173.72000122070312,EQUITY,DASH"
"2025-01-10 14:30:00,167.82000732421875,172.14500427246094,171.89999389648438,170.1199951171875,EQUITY,DASH"
"2025-01-13 14:30:00,166.41000366210938,169.92999267578125,169.64999389648438,168.3699951171875,EQUITY,DASH"
"2025-01-14 14:30:00,167.5500030517578,171.89999389648438,170.67999267578125,169.3300018310547,EQUITY,DASH"
"2025-01-15 14:30:00,170.4499969482422,173.94000244140625,173.0,171.19000244140625,EQUITY,DASH"
"2025-01-16 14:30:00,169.3300018310547,172.75,171.42999267578125,170.85000610351562,EQUITY,DASH"
"2025-01-17 14:30:00,172.52000427246094,174.7100067138672,174.3699951171875,174.47999572753906,EQUITY,DASH"
"2025-01-21 14:30:00,174.44000244140625,178.5500030517578,176.08999633789062,178.10000610351562,EQUITY,DASH"
"2025-01-22 14:30:00,177.36000061035156,180.0,179.6699981689453,177.67999267578125,EQUITY,DASH"
"2025-01-23 14:30:00,175.5500030517578,183.47999572753906,178.0500030517578,183.1300048828125,EQUITY,DASH"
"2025-01-24 14:30:00,181.82000732421875,184.25999450683594,183.45799255371094,183.32000732421875,EQUITY,DASH"
"2025-01-27 14:30:00,176.11000061035156,183.17999267578125,178.42999267578125,182.47999572753906,EQUITY,DASH"
"2025-01-28 14:30:00,178.25999450683594,185.3800048828125,182.47999572753906,184.49000549316406,EQUITY,DASH"
"2025-01-29 14:30:00,184.00999450683594,186.78500366210938,184.91000366210938,185.77999877929688,EQUITY,DASH"
"2025-01-30 14:30:00,186.25999450683594,189.2310028076172,187.4250030517578,188.57000732421875,EQUITY,DASH"
"2025-01-31 14:30:00,187.3000030517578,189.99000549316406,188.57000732421875,188.8300018310547,EQUITY,DASH"
"2025-02-03 14:30:00,185.0,192.77999877929688,186.63999938964844,190.8000030517578,EQUITY,DASH"
"2025-02-04 14:30:00,190.5800018310547,194.6999969482422,190.83999633789062,194.57000732421875,EQUITY,DASH"
"2025-02-05 14:30:00,190.83999633789062,196.02999877929688,193.10000610351562,195.99000549316406,EQUITY,DASH"
"2025-02-06 14:30:00,194.39999389648438,196.97999572753906,195.8300018310547,196.4499969482422,EQUITY,DASH"
"2025-02-07 14:30:00,195.1999969482422,199.1699981689453,197.13999938964844,195.5399932861328,EQUITY,DASH"
"2025-02-10 14:30:00,192.38999938964844,198.69000244140625,198.69000244140625,192.6300048828125,EQUITY,DASH"
"2025-02-11 14:30:00,189.5,194.0,190.9199981689453,193.08999633789062,EQUITY,DASH"
"2025-02-12 14:30:00,195.197998046875,201.1699981689453,198.0,200.88999938964844,EQUITY,DASH"
"2025-02-13 14:30:00,195.6199951171875,205.99899291992188,200.88999938964844,205.63999938964844,EQUITY,DASH"
"2025-02-14 14:30:00,204.86500549316406,214.63999938964844,205.74000549316406,213.3800048828125,EQUITY,DASH"
"2025-02-18 14:30:00,209.57000732421875,215.2449951171875,213.08999633789062,211.97000122070312,EQUITY,DASH"
"2025-02-19 14:30:00,207.80999755859375,214.11000061035156,212.08999633789062,213.24000549316406,EQUITY,DASH"
"2025-02-20 14:30:00,199.49000549316406,211.2949981689453,210.52999877929688,202.25,EQUITY,DASH"
"2025-02-21 14:30:00,198.6999969482422,206.52999877929688,202.5,199.94000244140625,EQUITY,DASH"
"2025-02-24 14:30:00,193.38999938964844,201.17999267578125,200.74000549316406,195.8699951171875,EQUITY,DASH"
"2025-02-25 14:30:00,186.8800048828125,196.24000549316406,194.94000244140625,191.27000427246094,EQUITY,DASH"
"2025-02-26 14:30:00,192.0,202.6699981689453,194.14999389648438,198.60000610351562,EQUITY,DASH"
"2025-02-27 14:30:00,195.0399932861328,203.0399932861328,200.22999572753906,195.83999633789062,EQUITY,DASH"
"2025-02-28 14:30:00,193.1699981689453,199.6300048828125,196.0,198.44000244140625,EQUITY,DASH"
"2025-03-03 14:30:00,196.25,205.0,199.88999938964844,198.10000610351562,EQUITY,DASH"
"2025-03-04 14:30:00,187.0189971923828,197.47000122070312,196.6199951171875,193.41000366210938,EQUITY,DASH"
"2025-03-05 14:30:00,191.02000427246094,195.94000244140625,193.52000427246094,195.0800018310547,EQUITY,DASH"
"2025-03-06 14:30:00,178.64999389648438,192.52000427246094,190.6199951171875,180.11000061035156,EQUITY,DASH"
"2025-03-07 14:30:00,169.42999267578125,182.9600067138672,179.1699981689453,178.0800018310547,EQUITY,DASH"
"2025-03-10 13:30:00,169.8699951171875,182.91000366210938,182.49000549316406,177.86000061035156,EQUITY,DASH"
"2025-03-11 13:30:00,175.9499969482422,185.80999755859375,176.30999755859375,183.72999572753906,EQUITY,DASH"
"2025-03-12 13:30:00,180.27999877929688,189.97000122070312,187.76499938964844,187.6999969482422,EQUITY,DASH"
"2025-03-13 13:30:00,178.07000732421875,189.26499938964844,188.4250030517578,178.2899932861328,EQUITY,DASH"
"2025-03-14 13:30:00,180.5500030517578,186.20799255371094,180.5500030517578,183.5,EQUITY,DASH"
"2025-03-17 13:30:00,182.97999572753906,191.72000122070312,183.0,189.86000061035156,EQUITY,DASH"
"2025-03-18 13:30:00,180.57000732421875,188.55999755859375,188.02999877929688,185.2100067138672,EQUITY,DASH"
"2025-03-19 13:30:00,185.19500732421875,192.6699981689453,186.0,190.66000366210938,EQUITY,DASH"
"2025-03-20 13:30:00,187.86500549316406,195.2100067138672,188.07000732421875,192.92999267578125,EQUITY,DASH"
"2025-03-21 13:30:00,187.19700622558594,194.39999389648438,190.72000122070312,190.6199951171875,EQUITY,DASH"
"2025-03-24 13:30:00,188.5800018310547,199.55999755859375,192.80999755859375,198.97999572753906,EQUITY,DASH"
"2025-03-25 13:30:00,196.85000610351562,201.02999877929688,199.0,199.72000122070312,EQUITY,DASH"
"2025-03-26 13:30:00,191.4600067138672,199.6699981689453,199.24000549316406,192.8699951171875,EQUITY,DASH"
"2025-03-27 13:30:00,189.64999389648438,195.35000610351562,192.1199951171875,194.02000427246094,EQUITY,DASH"
"2025-03-28 13:30:00,182.07000732421875,193.8000030517578,193.8000030517578,182.61000061035156,EQUITY,DASH"
"2025-03-31 13:30:00,173.8699951171875,183.25999450683594,178.00999450683594,182.77000427246094,EQUITY,DASH"
"2025-04-01 13:30:00,178.25999450683594,183.01499938964844,182.0500030517578,182.4199981689453,EQUITY,DASH"
"2025-04-02 13:30:00,179.49000549316406,192.69000244140625,180.11000061035156,189.25,EQUITY,DASH"
"2025-04-03 13:30:00,173.35000610351562,182.1199951171875,179.5,173.99000549316406,EQUITY,DASH"
"2025-04-04 13:30:00,162.55999755859375,170.22500610351562,165.64999389648438,163.16000366210938,EQUITY,DASH"
"2025-04-07 13:30:00,155.39999389648438,175.99000549316406,156.1300048828125,166.3000030517578,EQUITY,DASH"
"2025-04-08 13:30:00,163.3000030517578,176.27499389648438,173.38499450683594,165.75,EQUITY,DASH"
"2025-04-09 13:30:00,164.375,190.44000244140625,164.38999938964844,188.5800018310547,EQUITY,DASH"
"2025-04-10 13:30:00,172.6300048828125,184.83999633789062,184.07000732421875,178.52000427246094,EQUITY,DASH"
"2025-04-11 13:30:00,173.80999755859375,180.76300048828125,178.52000427246094,180.49000549316406,EQUITY,DASH"
"2025-04-14 13:30:00,179.4149932861328,186.1840057373047,185.0,181.85000610351562,EQUITY,DASH"
"2025-04-15 13:30:00,180.50999450683594,185.69000244140625,181.3300018310547,181.5500030517578,EQUITY,DASH"
"2025-04-16 13:30:00,176.60000610351562,182.63999938964844,177.41000366210938,179.38999938964844,EQUITY,DASH"
"2025-04-17 13:30:00,177.97999572753906,182.88999938964844,181.25,181.24000549316406,EQUITY,DASH"
"2025-04-21 13:30:00,168.9499969482422,180.10499572753906,178.22999572753906,171.82000732421875,EQUITY,DASH"
"2025-04-22 13:30:00,173.50999450683594,179.0,175.13499450683594,176.61000061035156,EQUITY,DASH"
"2025-04-23 13:30:00,180.44000244140625,187.0,183.36000061035156,181.19000244140625,EQUITY,DASH"
"2025-04-24 13:30:00,180.05999755859375,187.60000610351562,181.1199951171875,187.22000122070312,EQUITY,DASH"
"2025-04-25 13:30:00,183.1999969482422,191.10000610351562,187.22000122070312,187.75999450683594,EQUITY,DASH"
"2025-04-28 13:30:00,186.5500030517578,190.69000244140625,188.80999755859375,187.8800048828125,EQUITY,DASH"
"2025-04-29 13:30:00,185.85000610351562,191.85299682617188,186.14999389648438,191.22999572753906,EQUITY,DASH"
"2025-04-30 13:30:00,183.7550048828125,193.3000030517578,186.19000244140625,192.88999938964844,EQUITY,DASH"
"2025-05-01 13:30:00,192.66299438476562,197.75,194.40499877929688,196.1999969482422,EQUITY,DASH"
"2025-05-02 13:30:00,199.42999267578125,205.88999938964844,200.07000732421875,205.08999633789062,EQUITY,DASH"
"2025-05-05 13:30:00,201.0500030517578,207.22999572753906,203.21499633789062,205.39999389648438,EQUITY,DASH"
"2025-05-06 13:30:00,185.25,195.4149932861328,193.75,190.11000061035156,EQUITY,DASH"
"2025-05-07 13:30:00,175.5,190.08999633789062,189.75999450683594,176.99000549316406,EQUITY,DASH"
"2025-05-08 13:30:00,178.36000061035156,183.7530059814453,180.46099853515625,182.9600067138672,EQUITY,DASH"
"2025-05-09 13:30:00,180.5800018310547,185.58999633789062,183.19000244140625,183.52000427246094,EQUITY,DASH"
"2025-05-12 13:30:00,185.89999389648438,192.8300018310547,191.61000061035156,192.10000610351562,EQUITY,DASH"
"2025-05-13 13:30:00,191.77999877929688,198.4499969482422,192.08999633789062,197.8000030517578,EQUITY,DASH"
"2025-05-14 13:30:00,195.9499969482422,199.27000427246094,197.1699981689453,196.83999633789062,EQUITY,DASH"
"2025-05-15 13:30:00,194.9600067138672,199.47000122070312,195.5800018310547,197.10000610351562,EQUITY,DASH"
"2025-05-16 13:30:00,196.8300018310547,202.6300048828125,197.9949951171875,202.0,EQUITY,DASH"
"2025-05-19 13:30:00,198.75,203.4199981689453,198.77499389648438,202.17999267578125,EQUITY,DASH"
"2025-05-20 13:30:00,198.50999450683594,206.0,200.89999389648438,205.17999267578125,EQUITY,DASH"
"2025-05-21 13:30:00,201.5,209.63999938964844,202.49000549316406,204.77000427246094,EQUITY,DASH"
"2025-05-22 13:30:00,200.66000366210938,206.53500366210938,204.5,200.8699951171875,EQUITY,DASH"
"2025-05-23 13:30:00,197.25,207.22000122070312,197.61500549316406,206.14999389648438,EQUITY,DASH"
"2025-05-27 13:30:00,202.52200317382812,208.55999755859375,205.44000244140625,204.88999938964844,EQUITY,DASH"
"2025-05-28 13:30:00,204.24000549316406,210.7100067138672,204.75,206.58999633789062,EQUITY,DASH"
"2025-05-29 13:30:00,202.68299865722656,209.1999969482422,208.8000030517578,204.5800018310547,EQUITY,DASH"
"2025-05-30 13:30:00,202.6999969482422,209.38999938964844,204.10000610351562,208.64999389648438,EQUITY,DASH"
"2025-06-02 13:30:00,207.61000061035156,213.39999389648438,209.22000122070312,212.7899932861328,EQUITY,DASH"
"2025-06-03 13:30:00,211.3000030517578,215.1999969482422,213.42999267578125,213.6999969482422,EQUITY,DASH"
"2025-06-04 13:30:00,212.39999389648438,220.63999938964844,213.2899932861328,220.22999572753906,EQUITY,DASH"
"2025-06-05 13:30:00,213.85000610351562,220.58999633789062,219.3699951171875,215.83999633789062,EQUITY,DASH"
"2025-06-06 13:30:00,217.75,220.8800048828125,218.80999755859375,218.4499969482422,EQUITY,DASH"
"2025-06-09 13:30:00,216.9550018310547,219.8300018310547,218.02999877929688,217.49000549316406,EQUITY,DASH"
"2025-06-10 13:30:00,210.927001953125,219.2100067138672,216.58999633789062,214.97000122070312,EQUITY,DASH"
"2025-06-11 13:30:00,212.24000549316406,219.52999877929688,214.18499755859375,217.8000030517578,EQUITY,DASH"
"2025-06-12 13:30:00,215.6750030517578,219.4199981689453,218.0800018310547,216.60000610351562,EQUITY,DASH"
"2025-06-13 13:30:00,213.0,220.1699981689453,214.19000244140625,218.9600067138672,EQUITY,DASH"
"2025-06-16 13:30:00,219.6300048828125,223.2899932861328,220.0,221.72999572753906,EQUITY,DASH"
"2025-06-17 13:30:00,218.24000549316406,222.17999267578125,221.2899932861328,219.38999938964844,EQUITY,DASH"
"2025-06-18 13:30:00,214.94000244140625,221.30999755859375,216.97999572753906,220.5800018310547,EQUITY,DASH"
"2025-06-20 13:30:00,219.82000732421875,223.80999755859375,222.0,220.4600067138672,EQUITY,DASH"
"2025-06-23 13:30:00,222.48199462890625,230.8699951171875,225.2550048828125,230.32000732421875,EQUITY,DASH"
"2025-06-24 13:30:00,231.38999938964844,237.4199981689453,231.75,236.1699981689453,EQUITY,DASH"
"2025-06-25 13:30:00,231.75,238.47000122070312,236.66000366210938,232.67999267578125,EQUITY,DASH"
"2025-06-26 13:30:00,231.75,239.83299255371094,232.64999389648438,239.63999938964844,EQUITY,DASH"
"2025-06-27 13:30:00,235.67999267578125,242.6300048828125,239.7050018310547,242.31500244140625,EQUITY,DASH"
"2025-06-30 13:30:00,241.95799255371094,247.0800018310547,244.3000030517578,246.50999450683594,EQUITY,DASH"
"2025-07-01 13:30:00,236.5399932861328,248.74000549316406,247.6199951171875,238.00999450683594,EQUITY,DASH"
"2025-07-02 13:30:00,236.6999969482422,242.27999877929688,237.7100067138672,238.8000030517578,EQUITY,DASH"
"2025-07-03 13:30:00,237.8300018310547,242.14999389648438,239.41000366210938,238.7899932861328,EQUITY,DASH"
"2025-07-07 13:30:00,236.57000732421875,246.94000244140625,239.33999633789062,246.88999938964844,EQUITY,DASH"
"2025-07-08 13:30:00,238.6999969482422,248.3800048828125,247.47000122070312,241.47000122070312,EQUITY,DASH"
"2025-07-09 13:30:00,240.97999572753906,246.38999938964844,244.99000549316406,246.05999755859375,EQUITY,DASH"
"2025-07-10 13:30:00,237.75999450683594,247.25999450683594,245.61000061035156,238.24000549316406,EQUITY,DASH"
"2025-07-11 13:30:00,237.0,241.9600067138672,238.2899932861328,240.44000244140625,EQUITY,DASH"
"2025-07-14 13:30:00,238.7899932861328,243.60000610351562,240.14999389648438,242.85000610351562,EQUITY,DASH"
"2025-07-15 13:30:00,234.60000610351562,239.57000732421875,239.38999938964844,236.77000427246094,EQUITY,DASH"
"2025-07-16 13:30:00,233.9199981689453,237.84500122070312,236.94000244140625,234.5,EQUITY,DASH"
"2025-07-17 13:30:00,232.10000610351562,236.05499267578125,235.4499969482422,235.02000427246094,EQUITY,DASH"
"2025-07-18 13:30:00,233.5,239.1999969482422,235.71499633789062,239.1699981689453,EQUITY,DASH"
"2025-07-21 13:30:00,237.67999267578125,242.65499877929688,240.44000244140625,240.52999877929688,EQUITY,DASH"
"2025-07-22 13:30:00,234.4499969482422,240.48500061035156,240.3300018310547,239.82000732421875,EQUITY,DASH"
"2025-07-23 13:30:00,236.0,241.57000732421875,240.02999877929688,240.55999755859375,EQUITY,DASH"
"2025-07-24 13:30:00,240.33999633789062,244.1999969482422,240.49000549316406,243.69000244140625,EQUITY,DASH"
"2025-07-25 13:30:00,243.36000061035156,250.22999572753906,244.77999877929688,249.9199981689453,EQUITY,DASH"
"2025-07-28 13:30:00,244.02000427246094,250.7100067138672,250.0,246.44000244140625,EQUITY,DASH"
"2025-07-29 13:30:00,240.3800048828125,248.00999450683594,247.89999389648438,243.1999969482422,EQUITY,DASH"
"2025-07-30 13:30:00,244.4499969482422,248.35000610351562,244.7899932861328,248.0,EQUITY,DASH"
"2025-07-31 13:30:00,247.47000122070312,252.8699951171875,248.3000030517578,250.25,EQUITY,DASH"
"2025-08-01 13:30:00,242.00999450683594,249.24000549316406,247.72000122070312,248.35000610351562,EQUITY,DASH"
"2025-08-04 13:30:00,248.77999877929688,258.7300109863281,251.47000122070312,258.0199890136719,EQUITY,DASH"
"2025-08-05 13:30:00,252.6999969482422,259.8699951171875,257.9599914550781,255.27999877929688,EQUITY,DASH"
"2025-08-06 13:30:00,254.38999938964844,259.8500061035156,257.239990234375,258.0799865722656,EQUITY,DASH"
"2025-08-07 13:30:00,259.1199951171875,278.1499938964844,272.6400146484375,270.989990234375,EQUITY,DASH"
"2025-08-08 13:30:00,254.38999938964844,270.07000732421875,269.4599914550781,259.19000244140625,EQUITY,DASH"
"2025-08-11 13:30:00,251.1300048828125,260.1400146484375,258.19000244140625,256.0899963378906,EQUITY,DASH"
"2025-08-12 13:30:00,257.989990234375,264.510009765625,258.1700134277344,264.32000732421875,EQUITY,DASH"
"2025-08-13 13:30:00,250.2100067138672,264.2200012207031,263.5,254.1999969482422,EQUITY,DASH"
"2025-08-14 13:30:00,247.10000610351562,253.66000366210938,253.66000366210938,247.44000244140625,EQUITY,DASH"
"2025-08-15 13:30:00,243.55999755859375,249.69000244140625,248.30999755859375,248.0,EQUITY,DASH"
"2025-08-18 13:30:00,248.69500732421875,254.16000366210938,248.99000549316406,253.33999633789062,EQUITY,DASH"
"2025-08-19 13:30:00,248.10000610351562,253.2899932861328,250.52999877929688,248.3699951171875,EQUITY,DASH"
"2025-08-20 13:30:00,233.11000061035156,246.4199981689453,244.0,243.82000732421875,EQUITY,DASH"
"2025-08-21 13:30:00,241.95899963378906,245.33999633789062,243.47000122070312,245.17999267578125,EQUITY,DASH"
"2025-08-22 13:30:00,242.8090057373047,248.18499755859375,245.0,247.32000732421875,EQUITY,DASH"
"2025-08-25 13:30:00,242.77000427246094,247.50999450683594,247.0800018310547,245.27999877929688,EQUITY,DASH"
"2025-08-26 13:30:00,244.89999389648438,249.55999755859375,245.55999755859375,248.7899932861328,EQUITY,DASH"
"2025-08-27 13:30:00,244.0399932861328,248.4199981689453,248.00999450683594,245.64999389648438,EQUITY,DASH"
"2025-08-28 13:30:00,244.13999938964844,248.47999572753906,245.82000732421875,247.3300018310547,EQUITY,DASH"
"2025-08-29 13:30:00,242.9600067138672,248.81399536132812,247.35000610351562,245.25,EQUITY,DASH"
"2025-09-02 13:30:00,238.1999969482422,244.74000549316406,240.88999938964844,244.10000610351562,EQUITY,DASH"
"2025-09-03 13:30:00,243.06500244140625,254.10000610351562,244.0449981689453,248.8300018310547,EQUITY,DASH"
"2025-09-04 13:30:00,244.25999450683594,250.6999969482422,248.8300018310547,248.77999877929688,EQUITY,DASH"
"2025-09-05 13:30:00,243.5500030517578,251.49000549316406,249.71499633789062,246.85000610351562,EQUITY,DASH"
"2025-09-08 13:30:00,248.2989959716797,254.9600067138672,249.39999389648438,250.60000610351562,EQUITY,DASH"
"2025-09-09 13:30:00,249.77999877929688,257.1050109863281,252.08999633789062,256.5299987792969,EQUITY,DASH"
"2025-09-10 13:30:00,252.5500030517578,258.79998779296875,257.57000732421875,257.42999267578125,EQUITY,DASH"
"2025-09-11 13:30:00,258.2200012207031,262.4800109863281,258.82000732421875,260.19000244140625,EQUITY,DASH"
"2025-09-12 13:30:00,255.46499633789062,261.42999267578125,259.0400085449219,257.9800109863281,EQUITY,DASH"
"2025-09-15 13:30:00,256.2900085449219,260.55999755859375,257.7699890136719,258.0899963378906,EQUITY,DASH"
"2025-09-16 13:30:00,257.2300109863281,263.42999267578125,257.94000244140625,263.0899963378906,EQUITY,DASH"
"2025-09-17 13:30:00,253.86000061035156,266.3699951171875,263.07000732421875,259.25,EQUITY,DASH"
"2025-09-18 13:30:00,258.1499938964844,268.2900085449219,258.9200134277344,268.07000732421875,EQUITY,DASH"
"2025-09-19 13:30:00,264.0,269.05999755859375,268.5799865722656,265.2900085449219,EQUITY,DASH"
"2025-09-22 13:30:00,262.4200134277344,266.55999755859375,264.5199890136719,262.75,EQUITY,DASH"
"2025-09-23 13:30:00,261.0,267.7699890136719,261.9200134277344,265.75,EQUITY,DASH"
"2025-09-24 13:30:00,259.7049865722656,268.5799865722656,266.1600036621094,260.739990234375,EQUITY,DASH"
"2025-09-25 13:30:00,257.5,263.760009765625,258.4849853515625,262.0799865722656,EQUITY,DASH"
"2025-09-26 13:30:00,259.3630065917969,264.20001220703125,263.44000244140625,262.4700012207031,EQUITY,DASH"
"2025-09-29 13:30:00,267.0,272.6400146484375,267.6700134277344,272.5,EQUITY,DASH"
"2025-09-30 13:30:00,266.0,275.510009765625,273.55999755859375,271.989990234375,EQUITY,DASH"
"2025-10-01 13:30:00,265.20001220703125,271.3900146484375,269.5,267.6400146484375,EQUITY,DASH"
"2025-10-02 13:30:00,260.1499938964844,270.43499755859375,268.8999938964844,270.0899963378906,EQUITY,DASH"
"2025-10-03 13:30:00,268.1400146484375,272.44000244140625,270.0,271.2200012207031,EQUITY,DASH"
"2025-10-06 13:30:00,273.67999267578125,282.9200134277344,274.5299987792969,281.739990234375,EQUITY,DASH"
"2025-10-07 13:30:00,271.8349914550781,285.0799865722656,283.1499938964844,276.7799987792969,EQUITY,DASH"
"2025-10-08 13:30:00,277.44000244140625,281.6300048828125,277.7300109863281,281.04998779296875,EQUITY,DASH"
"2025-10-09 13:30:00,275.04998779296875,282.32000732421875,280.4599914550781,275.44000244140625,EQUITY,DASH"
"2025-10-10 13:30:00,265.70001220703125,277.260009765625,274.3900146484375,266.0199890136719,EQUITY,DASH"
"2024-09-09 13:30:00,65.52999877929688,68.63999938964844,66.20999908447266,67.41999816894531,EQUITY,DLTR"
"2024-09-10 13:30:00,64.37999725341797,68.01000213623047,67.22000122070312,65.38999938964844,EQUITY,DLTR"
"2024-09-11 13:30:00,64.9800033569336,67.37000274658203,65.5,66.58000183105469,EQUITY,DLTR"
"2024-09-12 13:30:00,66.4800033569336,70.04000091552734,66.4800033569336,67.88999938964844,EQUITY,DLTR"
"2024-09-13 13:30:00,68.73999786376953,70.79000091552734,69.33000183105469,69.69999694824219,EQUITY,DLTR"
"2024-09-16 13:30:00,69.62999725341797,72.08999633789062,69.87000274658203,71.91000366210938,EQUITY,DLTR"
"2024-09-17 13:30:00,71.5,73.58999633789062,72.44999694824219,73.5,EQUITY,DLTR"
"2024-09-18 13:30:00,73.22000122070312,76.5999984741211,73.33999633789062,75.66999816894531,EQUITY,DLTR"
"2024-09-19 13:30:00,73.6500015258789,76.9800033569336,76.95999908447266,73.87999725341797,EQUITY,DLTR"
"2024-09-20 13:30:00,71.0,73.69999694824219,73.69000244140625,71.7300033569336,EQUITY,DLTR"
"2024-09-23 13:30:00,70.79000091552734,73.4000015258789,71.16999816894531,71.76000213623047,EQUITY,DLTR"
"2024-09-24 13:30:00,70.87999725341797,71.95999908447266,71.95999908447266,71.29000091552734,EQUITY,DLTR"
"2024-09-25 13:30:00,69.9800033569336,71.5999984741211,71.43000030517578,70.55000305175781,EQUITY,DLTR"
"2024-09-26 13:30:00,71.0,73.30000305175781,71.11000061035156,72.87999725341797,EQUITY,DLTR"
"2024-09-27 13:30:00,72.86000061035156,74.86000061035156,72.98999786376953,73.12000274658203,EQUITY,DLTR"
"2024-09-30 13:30:00,69.8499984741211,73.05999755859375,72.77999877929688,70.31999969482422,EQUITY,DLTR"
"2024-10-01 13:30:00,68.31999969482422,71.31999969482422,70.36000061035156,70.44000244140625,EQUITY,DLTR"
"2024-10-02 13:30:00,69.30000305175781,70.44000244140625,70.12999725341797,69.48999786376953,EQUITY,DLTR"
"2024-10-03 13:30:00,68.31999969482422,69.52999877929688,69.52999877929688,69.08000183105469,EQUITY,DLTR"
"2024-10-04 13:30:00,69.79000091552734,71.62000274658203,70.22000122070312,70.9000015258789,EQUITY,DLTR"
"2024-10-07 13:30:00,68.94000244140625,71.45999908447266,71.44999694824219,69.45999908447266,EQUITY,DLTR"
"2024-10-08 13:30:00,68.79000091552734,70.58999633789062,69.3499984741211,69.4800033569336,EQUITY,DLTR"
"2024-10-09 13:30:00,68.75,69.76000213623047,69.3499984741211,69.62999725341797,EQUITY,DLTR"
"2024-10-10 13:30:00,68.63999938964844,69.72000122070312,69.37000274658203,69.36000061035156,EQUITY,DLTR"
"2024-10-11 13:30:00,68.77999877929688,70.08000183105469,69.47000122070312,68.94000244140625,EQUITY,DLTR"
"2024-10-14 13:30:00,66.76000213623047,68.76000213623047,68.7300033569336,66.80000305175781,EQUITY,DLTR"
"2024-10-15 13:30:00,66.25,68.79000091552734,66.76000213623047,67.7300033569336,EQUITY,DLTR"
"2024-10-16 13:30:00,67.38999938964844,69.16999816894531,67.91999816894531,68.0199966430664,EQUITY,DLTR"
"2024-10-17 13:30:00,66.95999908447266,68.44000244140625,68.05000305175781,67.86000061035156,EQUITY,DLTR"
"2024-10-18 13:30:00,67.30999755859375,69.05999755859375,67.91000366210938,68.19999694824219,EQUITY,DLTR"
"2024-10-21 13:30:00,66.93000030517578,68.62000274658203,68.02999877929688,67.30999755859375,EQUITY,DLTR"
"2024-10-22 13:30:00,65.05000305175781,67.16999816894531,67.11000061035156,66.94000244140625,EQUITY,DLTR"
"2024-10-23 13:30:00,65.6500015258789,66.98999786376953,66.98999786376953,66.12999725341797,EQUITY,DLTR"
"2024-10-24 13:30:00,65.97000122070312,67.0,66.51000213623047,66.94999694824219,EQUITY,DLTR"
"2024-10-25 13:30:00,66.12000274658203,68.0999984741211,67.55999755859375,66.44999694824219,EQUITY,DLTR"
"2024-10-28 13:30:00,65.76000213623047,67.12000274658203,66.5,66.26000213623047,EQUITY,DLTR"
"2024-10-29 13:30:00,64.45999908447266,66.30000305175781,65.62000274658203,64.5,EQUITY,DLTR"
"2024-10-30 13:30:00,63.25,65.27999877929688,64.31999969482422,63.310001373291016,EQUITY,DLTR"
"2024-10-31 13:30:00,62.79999923706055,65.13999938964844,63.599998474121094,64.63999938964844,EQUITY,DLTR"
"2024-11-01 13:30:00,63.560001373291016,66.7300033569336,64.76000213623047,66.5999984741211,EQUITY,DLTR"
"2024-11-04 14:30:00,66.69999694824219,70.37000274658203,67.02999877929688,66.80999755859375,EQUITY,DLTR"
"2024-11-05 14:30:00,65.62999725341797,67.52999877929688,67.22000122070312,66.7699966430664,EQUITY,DLTR"
"2024-11-06 14:30:00,60.52000045776367,64.48999786376953,64.13999938964844,62.40999984741211,EQUITY,DLTR"
"2024-11-07 14:30:00,62.34000015258789,64.1500015258789,62.52000045776367,63.540000915527344,EQUITY,DLTR"
"2024-11-08 14:30:00,60.86000061035156,63.81999969482422,63.0,61.40999984741211,EQUITY,DLTR"
"2024-11-11 14:30:00,60.88999938964844,62.939998626708984,61.20000076293945,61.209999084472656,EQUITY,DLTR"
"2024-11-12 14:30:00,60.4900016784668,62.369998931884766,61.16999816894531,62.27000045776367,EQUITY,DLTR"
"2024-11-13 14:30:00,61.849998474121094,65.20999908447266,62.43000030517578,65.1500015258789,EQUITY,DLTR"
"2024-11-14 14:30:00,64.19999694824219,66.58999633789062,65.22000122070312,65.66999816894531,EQUITY,DLTR"
"2024-11-15 14:30:00,64.0999984741211,66.38999938964844,66.12000274658203,64.19999694824219,EQUITY,DLTR"
"2024-11-18 14:30:00,64.37999725341797,68.4800033569336,64.62999725341797,66.52999877929688,EQUITY,DLTR"
"2024-11-19 14:30:00,64.72000122070312,67.23999786376953,66.52999877929688,64.87000274658203,EQUITY,DLTR"
"2024-11-20 14:30:00,61.70000076293945,64.25,64.0199966430664,63.18000030517578,EQUITY,DLTR"
"2024-11-21 14:30:00,62.869998931884766,65.87000274658203,63.38999938964844,65.76000213623047,EQUITY,DLTR"
"2024-11-22 14:30:00,65.76000213623047,67.38999938964844,65.80000305175781,66.4000015258789,EQUITY,DLTR"
"2024-11-25 14:30:00,67.16000366210938,70.9000015258789,67.16000366210938,69.77999877929688,EQUITY,DLTR"
"2024-11-26 14:30:00,67.79000091552734,69.38999938964844,69.05000305175781,69.12000274658203,EQUITY,DLTR"
"2024-11-27 14:30:00,69.75,71.86000061035156,69.9800033569336,71.5,EQUITY,DLTR"
"2024-11-29 14:30:00,70.48999786376953,72.27999877929688,71.81999969482422,71.2699966430664,EQUITY,DLTR"
"2024-12-02 14:30:00,70.80000305175781,73.76000213623047,71.77999877929688,72.80999755859375,EQUITY,DLTR"
"2024-12-03 14:30:00,71.52999877929688,73.56999969482422,72.12999725341797,72.4800033569336,EQUITY,DLTR"
"2024-12-04 14:30:00,72.19999694824219,76.47000122070312,76.0199966430664,73.83000183105469,EQUITY,DLTR"
"2024-12-05 14:30:00,71.33000183105469,76.76000213623047,75.27999877929688,72.55999755859375,EQUITY,DLTR"
"2024-12-06 14:30:00,71.63999938964844,74.87000274658203,73.76000213623047,71.87000274658203,EQUITY,DLTR"
"2024-12-09 14:30:00,71.1500015258789,73.86000061035156,72.94000244140625,71.5999984741211,EQUITY,DLTR"
"2024-12-10 14:30:00,69.91999816894531,73.69000244140625,72.0,72.80000305175781,EQUITY,DLTR"
"2024-12-11 14:30:00,71.5,74.55999755859375,72.62999725341797,71.62999725341797,EQUITY,DLTR"
"2024-12-12 14:30:00,70.33000183105469,72.41000366210938,71.79000091552734,70.83000183105469,EQUITY,DLTR"
"2024-12-13 14:30:00,69.12000274658203,70.80000305175781,70.62000274658203,70.08999633789062,EQUITY,DLTR"
"2024-12-16 14:30:00,69.37999725341797,70.94000244140625,70.01000213623047,70.02999877929688,EQUITY,DLTR"
"2024-12-17 14:30:00,69.30999755859375,70.45999908447266,69.66000366210938,70.11000061035156,EQUITY,DLTR"
"2024-12-18 14:30:00,69.23999786376953,71.38999938964844,70.11000061035156,69.2699966430664,EQUITY,DLTR"
"2024-12-19 14:30:00,68.16999816894531,70.0,69.47000122070312,69.05999755859375,EQUITY,DLTR"
"2024-12-20 14:30:00,68.68000030517578,73.01000213623047,69.11000061035156,72.94000244140625,EQUITY,DLTR"
"2024-12-23 14:30:00,71.83000183105469,73.9800033569336,72.7300033569336,73.7300033569336,EQUITY,DLTR"
"2024-12-24 14:30:00,72.87000274658203,74.01000213623047,73.88999938964844,73.37999725341797,EQUITY,DLTR"
"2024-12-26 14:30:00,73.11000061035156,76.30000305175781,73.75,76.19000244140625,EQUITY,DLTR"
"2024-12-27 14:30:00,75.4800033569336,76.41999816894531,76.20999908447266,75.98999786376953,EQUITY,DLTR"
"2024-12-30 14:30:00,74.66000366210938,76.73999786376953,75.5,74.7699966430664,EQUITY,DLTR"
"2024-12-31 14:30:00,73.58000183105469,75.5,74.37999725341797,74.94000244140625,EQUITY,DLTR"
"2025-01-02 14:30:00,75.48999786376953,78.3499984741211,75.62999725341797,76.47000122070312,EQUITY,DLTR"
"2025-01-03 14:30:00,72.44999694824219,77.54000091552734,76.98999786376953,73.36000061035156,EQUITY,DLTR"
"2025-01-06 14:30:00,74.26000213623047,77.33000183105469,74.44000244140625,76.61000061035156,EQUITY,DLTR"
"2025-01-07 14:30:00,74.79000091552734,78.38999938964844,77.0,75.01000213623047,EQUITY,DLTR"
"2025-01-08 14:30:00,70.12000274658203,74.5199966430664,74.48999786376953,71.97000122070312,EQUITY,DLTR"
"2025-01-10 14:30:00,70.75,73.93000030517578,70.91000366210938,72.9000015258789,EQUITY,DLTR"
"2025-01-13 14:30:00,70.6500015258789,73.08999633789062,73.08999633789062,71.1500015258789,EQUITY,DLTR"
"2025-01-14 14:30:00,68.87000274658203,71.83000183105469,70.94999694824219,70.16999816894531,EQUITY,DLTR"
"2025-01-15 14:30:00,70.26000213623047,72.87999725341797,71.5,70.33999633789062,EQUITY,DLTR"
"2025-01-16 14:30:00,67.63999938964844,71.55999755859375,70.16999816894531,71.08000183105469,EQUITY,DLTR"
"2025-01-17 14:30:00,71.11000061035156,72.69999694824219,71.98999786376953,72.06999969482422,EQUITY,DLTR"
"2025-01-21 14:30:00,72.5,75.54000091552734,72.5,73.76000213623047,EQUITY,DLTR"
"2025-01-22 14:30:00,71.88999938964844,74.2300033569336,73.86000061035156,71.97000122070312,EQUITY,DLTR"
"2025-01-23 14:30:00,70.33999633789062,71.87999725341797,71.5999984741211,71.13999938964844,EQUITY,DLTR"
"2025-01-24 14:30:00,70.88999938964844,72.83000183105469,71.16000366210938,72.4800033569336,EQUITY,DLTR"
"2025-01-27 14:30:00,73.16999816894531,75.19000244140625,73.37000274658203,74.94999694824219,EQUITY,DLTR"
"2025-01-28 14:30:00,73.0,75.06999969482422,74.43000030517578,74.94999694824219,EQUITY,DLTR"
"2025-01-29 14:30:00,73.6500015258789,75.48999786376953,74.86000061035156,74.19999694824219,EQUITY,DLTR"
"2025-01-30 14:30:00,74.0,75.61000061035156,74.36000061035156,74.5,EQUITY,DLTR"
"2025-01-31 14:30:00,72.83999633789062,75.62000274658203,74.62999725341797,73.3499984741211,EQUITY,DLTR"
"2025-02-03 14:30:00,67.95999908447266,73.02999877929688,71.05999755859375,71.62999725341797,EQUITY,DLTR"
"2025-02-04 14:30:00,71.5,74.36000061035156,72.30000305175781,74.30999755859375,EQUITY,DLTR"
"2025-02-05 14:30:00,73.6500015258789,76.4800033569336,75.25,74.2300033569336,EQUITY,DLTR"
"2025-02-06 14:30:00,73.80999755859375,75.83000183105469,74.83000183105469,74.5199966430664,EQUITY,DLTR"
"2025-02-07 14:30:00,72.33000183105469,74.70999908447266,74.51000213623047,72.66000366210938,EQUITY,DLTR"
"2025-02-10 14:30:00,71.76000213623047,74.75,72.88999938964844,73.86000061035156,EQUITY,DLTR"
"2025-02-11 14:30:00,71.9000015258789,73.47000122070312,73.47000122070312,72.23999786376953,EQUITY,DLTR"
"2025-02-12 14:30:00,70.2300033569336,72.0,71.55000305175781,71.73999786376953,EQUITY,DLTR"
"2025-02-13 14:30:00,71.62999725341797,73.05999755859375,72.44999694824219,72.01000213623047,EQUITY,DLTR"
"2025-02-14 14:30:00,71.05999755859375,73.11000061035156,72.61000061035156,71.55999755859375,EQUITY,DLTR"
"2025-02-18 14:30:00,71.3499984741211,75.52999877929688,71.63999938964844,74.5199966430664,EQUITY,DLTR"
"2025-02-19 14:30:00,74.05999755859375,75.70999908447266,74.19999694824219,75.62000274658203,EQUITY,DLTR"
"2025-02-20 14:30:00,70.87999725341797,79.80000305175781,75.0999984741211,76.29000091552734,EQUITY,DLTR"
"2025-02-21 14:30:00,73.30000305175781,76.56999969482422,76.29000091552734,74.95999908447266,EQUITY,DLTR"
"2025-02-24 14:30:00,73.05999755859375,75.6500015258789,74.95999908447266,75.30999755859375,EQUITY,DLTR"
"2025-02-25 14:30:00,74.44000244140625,76.45999908447266,75.33999633789062,76.22000122070312,EQUITY,DLTR"
"2025-02-26 14:30:00,73.66999816894531,76.48999786376953,76.48999786376953,74.13999938964844,EQUITY,DLTR"
"2025-02-27 14:30:00,72.08999633789062,74.5999984741211,73.41000366210938,73.16000366210938,EQUITY,DLTR"
"2025-02-28 14:30:00,72.04000091552734,73.6500015258789,73.44999694824219,72.86000061035156,EQUITY,DLTR"
"2025-03-03 14:30:00,68.05000305175781,73.41999816894531,72.61000061035156,68.7699966430664,EQUITY,DLTR"
"2025-03-04 14:30:00,64.30000305175781,68.13999938964844,66.95999908447266,66.68000030517578,EQUITY,DLTR"
"2025-03-05 14:30:00,66.5,70.2300033569336,67.38999938964844,70.16000366210938,EQUITY,DLTR"
"2025-03-06 14:30:00,69.06999969482422,71.52999877929688,70.02999877929688,69.0999984741211,EQUITY,DLTR"
"2025-03-07 14:30:00,67.61000061035156,70.20999908447266,68.16000366210938,68.98999786376953,EQUITY,DLTR"
"2025-03-10 13:30:00,66.7699966430664,69.86000061035156,68.98999786376953,67.44000244140625,EQUITY,DLTR"
"2025-03-11 13:30:00,64.58000183105469,67.75,67.5,65.69000244140625,EQUITY,DLTR"
"2025-03-12 13:30:00,61.79999923706055,66.75,65.7699966430664,61.91999816894531,EQUITY,DLTR"
"2025-03-13 13:30:00,62.470001220703125,67.04000091552734,62.470001220703125,66.0,EQUITY,DLTR"
"2025-03-14 13:30:00,64.41000366210938,66.69999694824219,66.68000030517578,64.55999755859375,EQUITY,DLTR"
"2025-03-17 13:30:00,64.79000091552734,66.2699966430664,64.81999969482422,65.79000091552734,EQUITY,DLTR"
"2025-03-18 13:30:00,64.87000274658203,66.44000244140625,65.6500015258789,64.9800033569336,EQUITY,DLTR"
"2025-03-19 13:30:00,63.38999938964844,65.5,64.75,64.30000305175781,EQUITY,DLTR"
"2025-03-20 13:30:00,63.599998474121094,66.8499984741211,64.27999877929688,64.58999633789062,EQUITY,DLTR"
"2025-03-21 13:30:00,63.15999984741211,67.19000244140625,64.11000061035156,66.75,EQUITY,DLTR"
"2025-03-24 13:30:00,66.7699966430664,70.19000244140625,67.11000061035156,69.73999786376953,EQUITY,DLTR"
"2025-03-25 13:30:00,66.5,70.30000305175781,69.08000183105469,67.13999938964844,EQUITY,DLTR"
"2025-03-26 13:30:00,65.13999938964844,73.52999877929688,67.1500015258789,69.20999908447266,EQUITY,DLTR"
"2025-03-27 13:30:00,70.05999755859375,77.06999969482422,70.76000213623047,76.94999694824219,EQUITY,DLTR"
"2025-03-28 13:30:00,71.94999694824219,78.3499984741211,77.23999786376953,72.75,EQUITY,DLTR"
"2025-03-31 13:30:00,71.2300033569336,75.5,72.52999877929688,75.06999969482422,EQUITY,DLTR"
"2025-04-01 13:30:00,74.81999969482422,77.11000061035156,75.26000213623047,75.33999633789062,EQUITY,DLTR"
"2025-04-02 13:30:00,74.66999816894531,79.23999786376953,75.01000213623047,77.56999969482422,EQUITY,DLTR"
"2025-04-03 13:30:00,67.13999938964844,71.68000030517578,68.55000305175781,67.22000122070312,EQUITY,DLTR"
"2025-04-04 13:30:00,61.869998931884766,70.73999786376953,62.0,67.55000305175781,EQUITY,DLTR"
"2025-04-07 13:30:00,69.54000091552734,75.79000091552734,70.11000061035156,72.83999633789062,EQUITY,DLTR"
"2025-04-08 13:30:00,68.86000061035156,75.80000305175781,75.0,69.69999694824219,EQUITY,DLTR"
"2025-04-09 13:30:00,69.05000305175781,75.2699966430664,69.25,72.56999969482422,EQUITY,DLTR"
"2025-04-10 13:30:00,70.25,75.0,72.19000244140625,71.73999786376953,EQUITY,DLTR"
"2025-04-11 13:30:00,68.93000030517578,72.66000366210938,71.58999633789062,72.11000061035156,EQUITY,DLTR"
"2025-04-14 13:30:00,72.20999908447266,75.27999877929688,73.5199966430664,73.70999908447266,EQUITY,DLTR"
"2025-04-15 13:30:00,71.58999633789062,73.9800033569336,73.6500015258789,71.80000305175781,EQUITY,DLTR"
"2025-04-16 13:30:00,70.70999908447266,73.58999633789062,72.06999969482422,73.20999908447266,EQUITY,DLTR"
"2025-04-17 13:30:00,73.56999969482422,79.23999786376953,73.56999969482422,79.13999938964844,EQUITY,DLTR"
"2025-04-21 13:30:00,77.9800033569336,80.13999938964844,79.68000030517578,79.6500015258789,EQUITY,DLTR"
"2025-04-22 13:30:00,79.45999908447266,82.26000213623047,80.0199966430664,82.16000366210938,EQUITY,DLTR"
"2025-04-23 13:30:00,81.95999908447266,85.55000305175781,84.43000030517578,83.43000030517578,EQUITY,DLTR"
"2025-04-24 13:30:00,79.80999755859375,83.08000183105469,82.80000305175781,81.2300033569336,EQUITY,DLTR"
"2025-04-25 13:30:00,79.93000030517578,81.93000030517578,81.69999694824219,80.56999969482422,EQUITY,DLTR"
"2025-04-28 13:30:00,79.52999877929688,81.56999969482422,80.29000091552734,80.16999816894531,EQUITY,DLTR"
"2025-04-29 13:30:00,79.80999755859375,81.68000030517578,80.16999816894531,80.88999938964844,EQUITY,DLTR"
"2025-04-30 13:30:00,78.69999694824219,82.22000122070312,79.95999908447266,81.7699966430664,EQUITY,DLTR"
"2025-05-01 13:30:00,80.66999816894531,81.9800033569336,81.55000305175781,81.2699966430664,EQUITY,DLTR"
"2025-05-02 13:30:00,82.83000183105469,85.5,82.87999725341797,84.29000091552734,EQUITY,DLTR"
"2025-05-05 13:30:00,83.9000015258789,85.94000244140625,84.3499984741211,83.94999694824219,EQUITY,DLTR"
"2025-05-06 13:30:00,83.11000061035156,84.76000213623047,83.48999786376953,83.79000091552734,EQUITY,DLTR"
"2025-05-07 13:30:00,83.80000305175781,85.2300033569336,84.18000030517578,84.44000244140625,EQUITY,DLTR"
"2025-05-08 13:30:00,83.69999694824219,85.9800033569336,84.88999938964844,85.37999725341797,EQUITY,DLTR"
"2025-05-09 13:30:00,84.72000122070312,86.27999877929688,85.38999938964844,85.47000122070312,EQUITY,DLTR"
"2025-05-12 13:30:00,87.48999786376953,90.0999984741211,90.0,89.0,EQUITY,DLTR"
"2025-05-13 13:30:00,85.68000030517578,89.29000091552734,88.77999877929688,85.70999908447266,EQUITY,DLTR"
"2025-05-14 13:30:00,84.9000015258789,86.81999969482422,85.66999816894531,86.05999755859375,EQUITY,DLTR"
"2025-05-15 13:30:00,85.0999984741211,86.94999694824219,85.41000366210938,86.58000183105469,EQUITY,DLTR"
"2025-05-16 13:30:00,86.37000274658203,87.19999694824219,86.7300033569336,86.51000213623047,EQUITY,DLTR"
"2025-05-19 13:30:00,85.0,87.43000030517578,85.01000213623047,86.61000061035156,EQUITY,DLTR"
"2025-05-20 13:30:00,86.77999877929688,90.76000213623047,87.79000091552734,90.62000274658203,EQUITY,DLTR"
"2025-05-21 13:30:00,87.86000061035156,89.68000030517578,88.73999786376953,88.91999816894531,EQUITY,DLTR"
"2025-05-22 13:30:00,88.37999725341797,90.83000183105469,88.37999725341797,89.97000122070312,EQUITY,DLTR"
"2025-05-23 13:30:00,87.55000305175781,88.91999816894531,88.3499984741211,88.16999816894531,EQUITY,DLTR"
"2025-05-27 13:30:00,87.94999694824219,90.5199966430664,88.72000122070312,90.36000061035156,EQUITY,DLTR"
"2025-05-28 13:30:00,89.08000183105469,90.7699966430664,90.33999633789062,89.33999633789062,EQUITY,DLTR"
"2025-05-29 13:30:00,88.87000274658203,90.69999694824219,90.0,90.58000183105469,EQUITY,DLTR"
"2025-05-30 13:30:00,89.20999908447266,91.4800033569336,90.13999938964844,90.26000213623047,EQUITY,DLTR"
"2025-06-02 13:30:00,89.12999725341797,92.1500015258789,90.30000305175781,91.23999786376953,EQUITY,DLTR"
"2025-06-03 13:30:00,92.75,97.0199966430664,94.25,96.72000122070312,EQUITY,DLTR"
"2025-06-04 13:30:00,86.01000213623047,91.02999877929688,90.93000030517578,88.62000274658203,EQUITY,DLTR"
"2025-06-05 13:30:00,91.19999694824219,97.44999694824219,91.41000366210938,96.66999816894531,EQUITY,DLTR"
"2025-06-06 13:30:00,93.5999984741211,96.31999969482422,96.31999969482422,94.5,EQUITY,DLTR"
"2025-06-09 13:30:00,93.66999816894531,96.44999694824219,94.80000305175781,93.8499984741211,EQUITY,DLTR"
"2025-06-10 13:30:00,92.52999877929688,94.4000015258789,93.8499984741211,93.12000274658203,EQUITY,DLTR"
"2025-06-11 13:30:00,93.43000030517578,94.81999969482422,93.43000030517578,94.20999908447266,EQUITY,DLTR"
"2025-06-12 13:30:00,93.83000183105469,96.13999938964844,93.91000366210938,96.08999633789062,EQUITY,DLTR"
"2025-06-13 13:30:00,94.80999755859375,96.91999816894531,95.5199966430664,95.19000244140625,EQUITY,DLTR"
"2025-06-16 13:30:00,95.69000244140625,99.55000305175781,96.30000305175781,99.0,EQUITY,DLTR"
"2025-06-17 13:30:00,97.83000183105469,98.97000122070312,98.23999786376953,98.3499984741211,EQUITY,DLTR"
"2025-06-18 13:30:00,97.19999694824219,99.36000061035156,98.30999755859375,97.52999877929688,EQUITY,DLTR"
"2025-06-20 13:30:00,97.0,99.2300033569336,97.54000091552734,98.70999908447266,EQUITY,DLTR"
"2025-06-23 13:30:00,97.5199966430664,100.73999786376953,98.2699966430664,100.51000213623047,EQUITY,DLTR"
"2025-06-24 13:30:00,97.5199966430664,100.68000030517578,100.45999908447266,98.68000030517578,EQUITY,DLTR"
"2025-06-25 13:30:00,98.8499984741211,100.54000091552734,99.29000091552734,99.44999694824219,EQUITY,DLTR"
"2025-06-26 13:30:00,97.86000061035156,99.7300033569336,99.48999786376953,99.44000244140625,EQUITY,DLTR"
"2025-06-27 13:30:00,98.62999725341797,101.5999984741211,99.56999969482422,98.69999694824219,EQUITY,DLTR"
"2025-06-30 13:30:00,97.30000305175781,99.63999938964844,98.6500015258789,99.04000091552734,EQUITY,DLTR"
"2025-07-01 13:30:00,98.63999938964844,101.7699966430664,99.04000091552734,101.5,EQUITY,DLTR"
"2025-07-02 13:30:00,100.91000366210938,103.2300033569336,100.91000366210938,103.01000213623047,EQUITY,DLTR"
"2025-07-03 13:30:00,101.05999755859375,103.16999816894531,103.16999816894531,101.91000366210938,EQUITY,DLTR"
"2025-07-07 13:30:00,100.58000183105469,104.37000274658203,101.75,104.2300033569336,EQUITY,DLTR"
"2025-07-08 13:30:00,103.3499984741211,106.95999908447266,104.73999786376953,104.38999938964844,EQUITY,DLTR"
"2025-07-09 13:30:00,102.94999694824219,105.04000091552734,104.44000244140625,104.75,EQUITY,DLTR"
"2025-07-10 13:30:00,105.7300033569336,108.94999694824219,106.19000244140625,108.37000274658203,EQUITY,DLTR"
"2025-07-11 13:30:00,107.5999984741211,109.73999786376953,108.37000274658203,109.36000061035156,EQUITY,DLTR"
"2025-07-14 13:30:00,106.22000122070312,109.18000030517578,109.18000030517578,108.62999725341797,EQUITY,DLTR"
"2025-07-15 13:30:00,106.23999786376953,108.66999816894531,108.37999725341797,106.55000305175781,EQUITY,DLTR"
"2025-07-16 13:30:00,104.83999633789062,107.33000183105469,106.88999938964844,106.62000274658203,EQUITY,DLTR"
"2025-07-17 13:30:00,106.19999694824219,108.33000183105469,106.41000366210938,108.1500015258789,EQUITY,DLTR"
"2025-07-18 13:30:00,108.30999755859375,111.02999877929688,108.70999908447266,110.12000274658203,EQUITY,DLTR"
"2025-07-21 13:30:00,110.3499984741211,113.45999908447266,112.45999908447266,112.30999755859375,EQUITY,DLTR"
"2025-07-22 13:30:00,112.4800033569336,115.19999694824219,112.77999877929688,114.7699966430664,EQUITY,DLTR"
"2025-07-23 13:30:00,113.44999694824219,115.41999816894531,114.76000213623047,114.91999816894531,EQUITY,DLTR"
"2025-07-24 13:30:00,114.12000274658203,115.98999786376953,115.0,114.20999908447266,EQUITY,DLTR"
"2025-07-25 13:30:00,113.30999755859375,115.30000305175781,114.19999694824219,114.41000366210938,EQUITY,DLTR"
"2025-07-28 13:30:00,114.04000091552734,115.83000183105469,114.48999786376953,115.43000030517578,EQUITY,DLTR"
"2025-07-29 13:30:00,113.4000015258789,115.25,115.25,114.98999786376953,EQUITY,DLTR"
"2025-07-30 13:30:00,113.51000213623047,115.18000030517578,114.83000183105469,114.1500015258789,EQUITY,DLTR"
"2025-07-31 13:30:00,112.9000015258789,114.12000274658203,113.47000122070312,113.55000305175781,EQUITY,DLTR"
"2025-08-01 13:30:00,112.20999908447266,115.0199966430664,113.19000244140625,114.72000122070312,EQUITY,DLTR"
"2025-08-04 13:30:00,114.19000244140625,116.5,114.76000213623047,115.72000122070312,EQUITY,DLTR"
"2025-08-05 13:30:00,114.98999786376953,116.30999755859375,116.0,115.66000366210938,EQUITY,DLTR"
"2025-08-06 13:30:00,115.58000183105469,117.80000305175781,115.66000366210938,116.37000274658203,EQUITY,DLTR"
"2025-08-07 13:30:00,115.36000061035156,117.55999755859375,116.62999725341797,117.16000366210938,EQUITY,DLTR"
"2025-08-08 13:30:00,115.69999694824219,118.05999755859375,117.62999725341797,116.12000274658203,EQUITY,DLTR"
"2025-08-11 13:30:00,114.04000091552734,116.30999755859375,116.12000274658203,114.29000091552734,EQUITY,DLTR"
"2025-08-12 13:30:00,113.30000305175781,116.69000244140625,114.29000091552734,114.05999755859375,EQUITY,DLTR"
"2025-08-13 13:30:00,112.44000244140625,115.66000366210938,113.87000274658203,115.4000015258789,EQUITY,DLTR"
"2025-08-14 13:30:00,112.97000122070312,115.0999984741211,114.20999908447266,114.62999725341797,EQUITY,DLTR"
"2025-08-15 13:30:00,112.37000274658203,114.93000030517578,114.93000030517578,113.48999786376953,EQUITY,DLTR"
"2025-08-18 13:30:00,111.81999969482422,114.51000213623047,114.25,112.05999755859375,EQUITY,DLTR"
"2025-08-19 13:30:00,111.0999984741211,113.37000274658203,112.2300033569336,112.4800033569336,EQUITY,DLTR"
"2025-08-20 13:30:00,111.54000091552734,113.7300033569336,112.11000061035156,113.3499984741211,EQUITY,DLTR"
"2025-08-21 13:30:00,111.11000061035156,112.9000015258789,112.58999633789062,112.58999633789062,EQUITY,DLTR"
"2025-08-22 13:30:00,111.97000122070312,113.87000274658203,112.87999725341797,113.31999969482422,EQUITY,DLTR"
"2025-08-25 13:30:00,111.62999725341797,114.5,113.54000091552734,111.80000305175781,EQUITY,DLTR"
"2025-08-26 13:30:00,111.19999694824219,112.97000122070312,112.77999877929688,111.9800033569336,EQUITY,DLTR"
"2025-08-27 13:30:00,111.63999938964844,113.72000122070312,112.12999725341797,112.86000061035156,EQUITY,DLTR"
"2025-08-28 13:30:00,111.77999877929688,115.73999786376953,115.08000183105469,112.5,EQUITY,DLTR"
"2025-08-29 13:30:00,108.61000061035156,113.6500015258789,113.5,109.16999816894531,EQUITY,DLTR"
"2025-09-02 13:30:00,108.04000091552734,112.12999725341797,108.9000015258789,111.3499984741211,EQUITY,DLTR"
"2025-09-03 13:30:00,98.0,104.27999877929688,100.80000305175781,102.02999877929688,EQUITY,DLTR"
"2025-09-04 13:30:00,98.7300033569336,101.8499984741211,101.68000030517578,100.25,EQUITY,DLTR"
"2025-09-05 13:30:00,99.12000274658203,101.23999786376953,100.18000030517578,101.12000274658203,EQUITY,DLTR"
"2025-09-08 13:30:00,96.95999908447266,101.37000274658203,101.05000305175781,99.4000015258789,EQUITY,DLTR"
"2025-09-09 13:30:00,95.37999725341797,99.37000274658203,99.0,96.30000305175781,EQUITY,DLTR"
"2025-09-10 13:30:00,97.0,99.7699966430664,97.3499984741211,98.8499984741211,EQUITY,DLTR"
"2025-09-11 13:30:00,98.69000244140625,101.02999877929688,99.2300033569336,99.38999938964844,EQUITY,DLTR"
"2025-09-12 13:30:00,96.5999984741211,99.7300033569336,98.94000244140625,97.44999694824219,EQUITY,DLTR"
"2025-09-15 13:30:00,96.61000061035156,98.69000244140625,97.44999694824219,97.26000213623047,EQUITY,DLTR"
"2025-09-16 13:30:00,94.9000015258789,97.37999725341797,96.75,95.4800033569336,EQUITY,DLTR"
"2025-09-17 13:30:00,95.47000122070312,98.70999908447266,95.69999694824219,97.77999877929688,EQUITY,DLTR"
"2025-09-18 13:30:00,96.5,98.54000091552734,96.8499984741211,98.26000213623047,EQUITY,DLTR"
"2025-09-19 13:30:00,94.63999938964844,98.87000274658203,98.54000091552734,95.26000213623047,EQUITY,DLTR"
"2025-09-22 13:30:00,93.72000122070312,95.83000183105469,95.30000305175781,94.4800033569336,EQUITY,DLTR"
"2025-09-23 13:30:00,93.79000091552734,95.22000122070312,94.87000274658203,94.6500015258789,EQUITY,DLTR"
"2025-09-24 13:30:00,94.23999786376953,96.2699966430664,94.6500015258789,95.9000015258789,EQUITY,DLTR"
"2025-09-25 13:30:00,93.79000091552734,96.63999938964844,95.9000015258789,94.02999877929688,EQUITY,DLTR"
"2025-09-26 13:30:00,93.41000366210938,95.52999877929688,94.0999984741211,95.05999755859375,EQUITY,DLTR"
"2025-09-29 13:30:00,91.70999908447266,95.4000015258789,95.4000015258789,94.20999908447266,EQUITY,DLTR"
"2025-09-30 13:30:00,93.43000030517578,95.05000305175781,94.37999725341797,94.37000274658203,EQUITY,DLTR"
"2025-10-01 13:30:00,90.19000244140625,93.80999755859375,93.75,90.31999969482422,EQUITY,DLTR"
"2025-10-02 13:30:00,88.08000183105469,90.6500015258789,90.30000305175781,90.23999786376953,EQUITY,DLTR"
"2025-10-03 13:30:00,89.05000305175781,91.02999877929688,90.38999938964844,89.9800033569336,EQUITY,DLTR"
"2025-10-06 13:30:00,87.44999694824219,90.23999786376953,90.12000274658203,87.68000030517578,EQUITY,DLTR"
"2025-10-07 13:30:00,84.70999908447266,86.47000122070312,85.27999877929688,85.04000091552734,EQUITY,DLTR"
"2025-10-08 13:30:00,85.76000213623047,88.36000061035156,85.91000366210938,87.83000183105469,EQUITY,DLTR"
"2025-10-09 13:30:00,87.25,89.2699966430664,88.13999938964844,89.0199966430664,EQUITY,DLTR"
"2025-10-10 13:30:00,87.56999969482422,93.08000183105469,89.62999725341797,87.61000061035156,EQUITY,DLTR"
"2024-09-09 13:30:00,31.8799991607666,32.650001525878906,32.25,31.90999984741211,EQUITY,EQT"
"2024-09-10 13:30:00,31.459999084472656,32.380001068115234,32.15999984741211,32.119998931884766,EQUITY,EQT"
"2024-09-11 13:30:00,31.889999389648438,33.150001525878906,32.20000076293945,32.880001068115234,EQUITY,EQT"
"2024-09-12 13:30:00,31.670000076293945,33.08000183105469,32.689998626708984,32.86000061035156,EQUITY,EQT"
"2024-09-13 13:30:00,32.83000183105469,33.900001525878906,33.599998474121094,33.189998626708984,EQUITY,EQT"
"2024-09-16 13:30:00,33.09000015258789,33.79999923706055,33.25,33.54999923706055,EQUITY,EQT"
"2024-09-17 13:30:00,33.209999084472656,33.90999984741211,33.689998626708984,33.27000045776367,EQUITY,EQT"
"2024-09-18 13:30:00,32.88999938964844,33.7599983215332,33.33000183105469,33.529998779296875,EQUITY,EQT"
"2024-09-19 13:30:00,33.81999969482422,34.97999954223633,34.25,34.72999954223633,EQUITY,EQT"
"2024-09-20 13:30:00,34.0099983215332,35.150001525878906,34.56999969482422,34.83000183105469,EQUITY,EQT"
"2024-09-23 13:30:00,34.959999084472656,36.36000061035156,35.0,35.959999084472656,EQUITY,EQT"
"2024-09-24 13:30:00,35.630001068115234,36.380001068115234,36.08000183105469,35.63999938964844,EQUITY,EQT"
"2024-09-25 13:30:00,34.88999938964844,35.81999969482422,35.65999984741211,35.15999984741211,EQUITY,EQT"
"2024-09-26 13:30:00,35.0,35.689998626708984,35.0,35.5099983215332,EQUITY,EQT"
"2024-09-27 13:30:00,35.959999084472656,37.11000061035156,36.150001525878906,36.529998779296875,EQUITY,EQT"
"2024-09-30 13:30:00,36.290000915527344,37.13999938964844,36.43000030517578,36.63999938964844,EQUITY,EQT"
"2024-10-01 13:30:00,35.88999938964844,36.72999954223633,36.25,36.25,EQUITY,EQT"
"2024-10-02 13:30:00,36.369998931884766,37.04999923706055,36.9900016784668,36.77000045776367,EQUITY,EQT"
"2024-10-03 13:30:00,36.63999938964844,37.779998779296875,37.119998931884766,37.66999816894531,EQUITY,EQT"
"2024-10-04 13:30:00,36.939998626708984,38.15999984741211,37.939998626708984,36.939998626708984,EQUITY,EQT"
"2024-10-07 13:30:00,36.54999923706055,37.36000061035156,36.880001068115234,37.29999923706055,EQUITY,EQT"
"2024-10-08 13:30:00,36.29999923706055,37.2400016784668,36.97999954223633,37.06999969482422,EQUITY,EQT"
"2024-10-09 13:30:00,36.43000030517578,37.06999969482422,36.75,36.54999923706055,EQUITY,EQT"
"2024-10-10 13:30:00,36.189998626708984,36.72999954223633,36.5099983215332,36.619998931884766,EQUITY,EQT"
"2024-10-11 13:30:00,36.36000061035156,37.560001373291016,36.36000061035156,37.40999984741211,EQUITY,EQT"
"2024-10-14 13:30:00,36.4900016784668,37.20000076293945,37.130001068115234,36.599998474121094,EQUITY,EQT"
"2024-10-15 13:30:00,35.9900016784668,37.0,36.099998474121094,36.279998779296875,EQUITY,EQT"
"2024-10-16 13:30:00,36.38999938964844,36.86000061035156,36.4900016784668,36.68000030517578,EQUITY,EQT"
"2024-10-17 13:30:00,36.5099983215332,37.08000183105469,36.959999084472656,37.060001373291016,EQUITY,EQT"
"2024-10-18 13:30:00,36.0099983215332,37.08000183105469,37.060001373291016,36.4900016784668,EQUITY,EQT"
"2024-10-21 13:30:00,36.099998474121094,36.779998779296875,36.70000076293945,36.36000061035156,EQUITY,EQT"
"2024-10-22 13:30:00,35.959999084472656,36.56999969482422,36.56999969482422,35.970001220703125,EQUITY,EQT"
"2024-10-23 13:30:00,35.70000076293945,36.29999923706055,36.04999923706055,36.189998626708984,EQUITY,EQT"
"2024-10-24 13:30:00,36.040000915527344,37.189998626708984,36.41999816894531,36.959999084472656,EQUITY,EQT"
"2024-10-25 13:30:00,36.63999938964844,37.77000045776367,37.13999938964844,37.47999954223633,EQUITY,EQT"
"2024-10-28 13:30:00,36.61000061035156,37.4900016784668,36.900001525878906,37.310001373291016,EQUITY,EQT"
"2024-10-29 13:30:00,36.97999954223633,37.61000061035156,37.33000183105469,37.310001373291016,EQUITY,EQT"
"2024-10-30 13:30:00,37.099998474121094,38.83000183105469,37.279998779296875,38.56999969482422,EQUITY,EQT"
"2024-10-31 13:30:00,36.5,38.70000076293945,38.52000045776367,36.540000915527344,EQUITY,EQT"
"2024-11-01 13:30:00,35.45000076293945,36.95000076293945,36.869998931884766,35.619998931884766,EQUITY,EQT"
"2024-11-04 14:30:00,35.599998474121094,37.279998779296875,35.70000076293945,36.79999923706055,EQUITY,EQT"
"2024-11-05 14:30:00,36.77000045776367,38.0,36.84000015258789,37.540000915527344,EQUITY,EQT"
"2024-11-06 14:30:00,38.72999954223633,40.810001373291016,38.7599983215332,40.209999084472656,EQUITY,EQT"
"2024-11-07 14:30:00,39.459999084472656,40.75,40.209999084472656,40.689998626708984,EQUITY,EQT"
"2024-11-08 14:30:00,40.52000045776367,41.58000183105469,40.58000183105469,41.220001220703125,EQUITY,EQT"
"2024-11-11 14:30:00,41.93000030517578,44.060001373291016,42.47999954223633,43.97999954223633,EQUITY,EQT"
"2024-11-12 14:30:00,43.47999954223633,44.279998779296875,43.72999954223633,43.779998779296875,EQUITY,EQT"
"2024-11-13 14:30:00,43.22999954223633,43.939998626708984,43.7599983215332,43.310001373291016,EQUITY,EQT"
"2024-11-14 14:30:00,42.380001068115234,43.61000061035156,43.380001068115234,42.86000061035156,EQUITY,EQT"
"2024-11-15 14:30:00,42.45000076293945,43.439998626708984,42.880001068115234,42.709999084472656,EQUITY,EQT"
"2024-11-18 14:30:00,42.63999938964844,44.619998931884766,42.9900016784668,44.279998779296875,EQUITY,EQT"
"2024-11-19 14:30:00,43.31999969482422,44.33000183105469,43.5099983215332,44.08000183105469,EQUITY,EQT"
"2024-11-20 14:30:00,44.470001220703125,46.86000061035156,44.970001220703125,46.540000915527344,EQUITY,EQT"
"2024-11-21 14:30:00,46.810001373291016,48.02000045776367,47.63999938964844,46.88999938964844,EQUITY,EQT"
"2024-11-22 14:30:00,45.709999084472656,47.029998779296875,46.439998626708984,45.91999816894531,EQUITY,EQT"
"2024-11-25 14:30:00,45.900001525878906,47.91999816894531,47.58000183105469,45.9900016784668,EQUITY,EQT"
"2024-11-26 14:30:00,44.83000183105469,46.189998626708984,45.959999084472656,45.560001373291016,EQUITY,EQT"
"2024-11-27 14:30:00,44.79999923706055,45.869998931884766,45.18000030517578,45.279998779296875,EQUITY,EQT"
"2024-11-29 14:30:00,45.36000061035156,45.93000030517578,45.70000076293945,45.439998626708984,EQUITY,EQT"
"2024-12-02 14:30:00,43.93000030517578,45.33000183105469,45.0,44.529998779296875,EQUITY,EQT"
"2024-12-03 14:30:00,44.349998474121094,45.099998474121094,44.58000183105469,44.810001373291016,EQUITY,EQT"
"2024-12-04 14:30:00,43.84000015258789,44.810001373291016,44.70000076293945,44.689998626708984,EQUITY,EQT"
"2024-12-05 14:30:00,44.36000061035156,45.540000915527344,45.349998474121094,44.45000076293945,EQUITY,EQT"
"2024-12-06 14:30:00,43.209999084472656,44.5099983215332,44.189998626708984,43.33000183105469,EQUITY,EQT"
"2024-12-09 14:30:00,43.06999969482422,44.20000076293945,43.9900016784668,43.27000045776367,EQUITY,EQT"
"2024-12-10 14:30:00,42.72999954223633,43.81999969482422,43.22999954223633,43.04999923706055,EQUITY,EQT"
"2024-12-11 14:30:00,43.38999938964844,45.900001525878906,43.54999923706055,45.58000183105469,EQUITY,EQT"
"2024-12-12 14:30:00,45.279998779296875,46.310001373291016,45.5,45.86000061035156,EQUITY,EQT"
"2024-12-13 14:30:00,45.119998931884766,46.119998931884766,45.81999969482422,45.59000015258789,EQUITY,EQT"
"2024-12-16 14:30:00,44.63999938964844,45.81999969482422,45.59000015258789,44.81999969482422,EQUITY,EQT"
"2024-12-17 14:30:00,43.86000061035156,44.59000015258789,44.36000061035156,44.20000076293945,EQUITY,EQT"
"2024-12-18 14:30:00,42.27000045776367,44.369998931884766,44.150001525878906,42.540000915527344,EQUITY,EQT"
"2024-12-19 14:30:00,42.59000015258789,43.72999954223633,43.59000015258789,42.650001525878906,EQUITY,EQT"
"2024-12-20 14:30:00,42.41999816894531,43.63999938964844,42.59000015258789,42.9900016784668,EQUITY,EQT"
"2024-12-23 14:30:00,42.849998474121094,44.0,43.0,43.86000061035156,EQUITY,EQT"
"2024-12-24 14:30:00,43.630001068115234,44.7599983215332,44.09000015258789,44.58000183105469,EQUITY,EQT"
"2024-12-26 14:30:00,43.709999084472656,44.63999938964844,44.15999984741211,44.18000030517578,EQUITY,EQT"
"2024-12-27 14:30:00,43.959999084472656,44.97999954223633,44.16999816894531,44.31999969482422,EQUITY,EQT"
"2024-12-30 14:30:00,45.060001373291016,46.7599983215332,46.349998474121094,46.59000015258789,EQUITY,EQT"
"2024-12-31 14:30:00,45.90999984741211,46.599998474121094,46.22999954223633,46.11000061035156,EQUITY,EQT"
"2025-01-02 14:30:00,45.91999816894531,47.59000015258789,47.0,47.349998474121094,EQUITY,EQT"
"2025-01-03 14:30:00,46.38999938964844,48.33000183105469,47.79999923706055,47.02000045776367,EQUITY,EQT"
"2025-01-06 14:30:00,47.380001068115234,48.290000915527344,48.0,47.63999938964844,EQUITY,EQT"
"2025-01-07 14:30:00,47.29999923706055,48.52000045776367,47.650001525878906,48.150001525878906,EQUITY,EQT"
"2025-01-08 14:30:00,48.189998626708984,49.20000076293945,48.2599983215332,49.0,EQUITY,EQT"
"2025-01-10 14:30:00,48.86000061035156,50.029998779296875,49.58000183105469,49.0,EQUITY,EQT"
"2025-01-13 14:30:00,48.790000915527344,50.119998931884766,49.099998474121094,50.08000183105469,EQUITY,EQT"
"2025-01-14 14:30:00,49.939998626708984,51.209999084472656,50.04999923706055,50.689998626708984,EQUITY,EQT"
"2025-01-15 14:30:00,51.619998931884766,53.0,52.0,52.439998626708984,EQUITY,EQT"
"2025-01-16 14:30:00,52.099998474121094,53.97999954223633,52.189998626708984,53.779998779296875,EQUITY,EQT"
"2025-01-17 14:30:00,52.369998931884766,53.790000915527344,52.79999923706055,52.959999084472656,EQUITY,EQT"
"2025-01-21 14:30:00,52.22999954223633,53.459999084472656,52.56999969482422,53.43000030517578,EQUITY,EQT"
"2025-01-22 14:30:00,53.369998931884766,54.849998474121094,54.099998474121094,53.400001525878906,EQUITY,EQT"
"2025-01-23 14:30:00,52.88999938964844,53.77000045776367,53.66999816894531,53.58000183105469,EQUITY,EQT"
"2025-01-24 14:30:00,53.22999954223633,53.88999938964844,53.52000045776367,53.68000030517578,EQUITY,EQT"
"2025-01-27 14:30:00,47.59000015258789,51.29999923706055,51.2599983215332,48.459999084472656,EQUITY,EQT"
"2025-01-28 14:30:00,48.2400016784668,50.0,49.08000183105469,49.900001525878906,EQUITY,EQT"
"2025-01-29 14:30:00,49.83000183105469,51.099998474121094,50.0,50.619998931884766,EQUITY,EQT"
"2025-01-30 14:30:00,50.880001068115234,52.06999969482422,50.93000030517578,51.650001525878906,EQUITY,EQT"
"2025-01-31 14:30:00,50.86000061035156,52.06999969482422,52.02000045776367,51.119998931884766,EQUITY,EQT"
"2025-02-03 14:30:00,50.959999084472656,52.93000030517578,51.810001373291016,52.18000030517578,EQUITY,EQT"
"2025-02-04 14:30:00,51.27000045776367,52.34000015258789,51.41999816894531,52.150001525878906,EQUITY,EQT"
"2025-02-05 14:30:00,51.91999816894531,53.099998474121094,52.130001068115234,52.95000076293945,EQUITY,EQT"
"2025-02-06 14:30:00,51.130001068115234,53.560001373291016,53.119998931884766,51.43000030517578,EQUITY,EQT"
"2025-02-07 14:30:00,50.7400016784668,51.97999954223633,51.20000076293945,51.11000061035156,EQUITY,EQT"
"2025-02-10 14:30:00,51.5099983215332,53.68000030517578,51.58000183105469,53.5,EQUITY,EQT"
"2025-02-11 14:30:00,53.16999816894531,54.529998779296875,53.58000183105469,53.7599983215332,EQUITY,EQT"
"2025-02-12 14:30:00,51.630001068115234,54.11000061035156,53.61000061035156,52.369998931884766,EQUITY,EQT"
"2025-02-13 14:30:00,51.91999816894531,53.22999954223633,52.599998474121094,52.869998931884766,EQUITY,EQT"
"2025-02-14 14:30:00,52.77000045776367,53.81999969482422,52.939998626708984,53.43000030517578,EQUITY,EQT"
"2025-02-18 14:30:00,52.70000076293945,54.54999923706055,53.619998931884766,53.779998779296875,EQUITY,EQT"
"2025-02-19 14:30:00,54.040000915527344,56.65999984741211,54.970001220703125,54.2400016784668,EQUITY,EQT"
"2025-02-20 14:30:00,51.72999954223633,54.0099983215332,53.5,52.560001373291016,EQUITY,EQT"
"2025-02-21 14:30:00,49.790000915527344,52.540000915527344,52.5,50.2400016784668,EQUITY,EQT"
"2025-02-24 14:30:00,49.0,50.650001525878906,50.06999969482422,50.08000183105469,EQUITY,EQT"
"2025-02-25 14:30:00,47.97999954223633,50.06999969482422,50.0,48.84000015258789,EQUITY,EQT"
"2025-02-26 14:30:00,48.63999938964844,49.86000061035156,49.540000915527344,48.790000915527344,EQUITY,EQT"
"2025-02-27 14:30:00,46.38999938964844,49.349998474121094,49.060001373291016,46.630001068115234,EQUITY,EQT"
"2025-02-28 14:30:00,46.20000076293945,48.2599983215332,46.33000183105469,48.16999816894531,EQUITY,EQT"
"2025-03-03 14:30:00,48.029998779296875,49.41999816894531,48.849998474121094,48.709999084472656,EQUITY,EQT"
"2025-03-04 14:30:00,47.47999954223633,51.209999084472656,48.650001525878906,50.0,EQUITY,EQT"
"2025-03-05 14:30:00,48.7599983215332,50.34000015258789,49.790000915527344,50.130001068115234,EQUITY,EQT"
"2025-03-06 14:30:00,45.970001220703125,49.43000030517578,49.099998474121094,46.15999984741211,EQUITY,EQT"
"2025-03-07 14:30:00,45.18000030517578,47.279998779296875,45.59000015258789,47.0,EQUITY,EQT"
"2025-03-10 13:30:00,46.43000030517578,47.689998626708984,47.43000030517578,47.4900016784668,EQUITY,EQT"
"2025-03-11 13:30:00,47.880001068115234,50.16999816894531,48.15999984741211,49.11000061035156,EQUITY,EQT"
"2025-03-12 13:30:00,48.2599983215332,50.0,49.65999984741211,48.95000076293945,EQUITY,EQT"
"2025-03-13 13:30:00,48.13999938964844,49.47999954223633,48.630001068115234,48.86000061035156,EQUITY,EQT"
"2025-03-14 13:30:00,48.63999938964844,50.880001068115234,49.470001220703125,50.720001220703125,EQUITY,EQT"
"2025-03-17 13:30:00,50.4900016784668,51.849998474121094,50.4900016784668,51.65999984741211,EQUITY,EQT"
"2025-03-18 13:30:00,52.20000076293945,53.31999969482422,52.779998779296875,52.560001373291016,EQUITY,EQT"
"2025-03-19 13:30:00,52.34000015258789,53.880001068115234,52.84000015258789,53.599998474121094,EQUITY,EQT"
"2025-03-20 13:30:00,53.040000915527344,54.5,53.29999923706055,53.72999954223633,EQUITY,EQT"
"2025-03-21 13:30:00,52.65999984741211,53.5,53.18000030517578,52.880001068115234,EQUITY,EQT"
"2025-03-24 13:30:00,53.150001525878906,54.560001373291016,53.43000030517578,54.0,EQUITY,EQT"
"2025-03-25 13:30:00,54.02000045776367,54.650001525878906,54.150001525878906,54.25,EQUITY,EQT"
"2025-03-26 13:30:00,52.79999923706055,55.34000015258789,54.83000183105469,52.91999816894531,EQUITY,EQT"
"2025-03-27 13:30:00,51.41999816894531,53.25,53.150001525878906,52.31999969482422,EQUITY,EQT"
"2025-03-28 13:30:00,52.150001525878906,53.150001525878906,52.15999984741211,53.0099983215332,EQUITY,EQT"
"2025-03-31 13:30:00,52.150001525878906,53.939998626708984,52.689998626708984,53.43000030517578,EQUITY,EQT"
"2025-04-01 13:30:00,53.15999984741211,54.54999923706055,53.66999816894531,53.880001068115234,EQUITY,EQT"
"2025-04-02 13:30:00,52.91999816894531,55.25,53.11000061035156,54.619998931884766,EQUITY,EQT"
"2025-04-03 13:30:00,51.41999816894531,53.650001525878906,51.529998779296875,52.09000015258789,EQUITY,EQT"
"2025-04-04 13:30:00,43.56999969482422,49.70000076293945,49.18000030517578,46.11000061035156,EQUITY,EQT"
"2025-04-07 13:30:00,44.54999923706055,49.939998626708984,44.630001068115234,47.310001373291016,EQUITY,EQT"
"2025-04-08 13:30:00,46.84000015258789,50.439998626708984,49.81999969482422,47.4900016784668,EQUITY,EQT"
"2025-04-09 13:30:00,44.849998474121094,50.86000061035156,46.400001525878906,50.16999816894531,EQUITY,EQT"
"2025-04-10 13:30:00,46.84000015258789,49.22999954223633,48.810001373291016,48.4900016784668,EQUITY,EQT"
"2025-04-11 13:30:00,47.7599983215332,50.4900016784668,48.189998626708984,49.650001525878906,EQUITY,EQT"
"2025-04-14 13:30:00,49.63999938964844,50.77000045776367,50.4900016784668,49.970001220703125,EQUITY,EQT"
"2025-04-15 13:30:00,49.56999969482422,51.0,49.619998931884766,50.7400016784668,EQUITY,EQT"
"2025-04-16 13:30:00,50.4900016784668,51.939998626708984,50.52000045776367,50.849998474121094,EQUITY,EQT"
"2025-04-17 13:30:00,50.81999969482422,51.77000045776367,51.22999954223633,50.97999954223633,EQUITY,EQT"
"2025-04-21 13:30:00,47.290000915527344,50.400001525878906,50.25,47.68000030517578,EQUITY,EQT"
"2025-04-22 13:30:00,47.95000076293945,49.13999938964844,48.13999938964844,48.56999969482422,EQUITY,EQT"
"2025-04-23 13:30:00,47.13999938964844,50.40999984741211,50.029998779296875,48.75,EQUITY,EQT"
"2025-04-24 13:30:00,48.29999923706055,49.7599983215332,49.599998474121094,48.81999969482422,EQUITY,EQT"
"2025-04-25 13:30:00,48.310001373291016,50.349998474121094,48.65999984741211,50.2400016784668,EQUITY,EQT"
"2025-04-28 13:30:00,49.7599983215332,51.380001068115234,49.97999954223633,51.119998931884766,EQUITY,EQT"
"2025-04-29 13:30:00,49.70000076293945,51.630001068115234,50.47999954223633,51.220001220703125,EQUITY,EQT"
"2025-04-30 13:30:00,48.939998626708984,50.25,50.150001525878906,49.439998626708984,EQUITY,EQT"
"2025-05-01 13:30:00,48.93000030517578,51.599998474121094,49.310001373291016,50.36000061035156,EQUITY,EQT"
"2025-05-02 13:30:00,50.81999969482422,51.90999984741211,51.619998931884766,51.849998474121094,EQUITY,EQT"
"2025-05-05 13:30:00,51.86000061035156,53.88999938964844,51.95000076293945,53.52000045776367,EQUITY,EQT"
"2025-05-06 13:30:00,52.66999816894531,53.88999938964844,53.529998779296875,53.45000076293945,EQUITY,EQT"
"2025-05-07 13:30:00,53.06999969482422,54.56999969482422,53.689998626708984,53.959999084472656,EQUITY,EQT"
"2025-05-08 13:30:00,53.220001220703125,54.59000015258789,54.40999984741211,53.400001525878906,EQUITY,EQT"
"2025-05-09 13:30:00,53.560001373291016,55.650001525878906,53.900001525878906,55.619998931884766,EQUITY,EQT"
"2025-05-12 13:30:00,54.0099983215332,56.11000061035156,56.04999923706055,54.4900016784668,EQUITY,EQT"
"2025-05-13 13:30:00,54.79999923706055,56.66999816894531,55.06999969482422,56.20000076293945,EQUITY,EQT"
"2025-05-14 13:30:00,55.349998474121094,56.65999984741211,55.65999984741211,56.36000061035156,EQUITY,EQT"
"2025-05-15 13:30:00,55.54999923706055,57.040000915527344,55.54999923706055,56.0,EQUITY,EQT"
"2025-05-16 13:30:00,55.43000030517578,56.040000915527344,55.84000015258789,55.86000061035156,EQUITY,EQT"
"2025-05-19 13:30:00,54.91999816894531,56.09000015258789,55.54999923706055,55.560001373291016,EQUITY,EQT"
"2025-05-20 13:30:00,55.529998779296875,57.369998931884766,55.880001068115234,56.13999938964844,EQUITY,EQT"
"2025-05-21 13:30:00,55.040000915527344,56.279998779296875,55.84000015258789,55.709999084472656,EQUITY,EQT"
"2025-05-22 13:30:00,55.22999954223633,56.31999969482422,55.9900016784668,55.689998626708984,EQUITY,EQT"
"2025-05-23 13:30:00,55.150001525878906,56.02000045776367,55.25,55.61000061035156,EQUITY,EQT"
"2025-05-27 13:30:00,55.29999923706055,56.61000061035156,56.08000183105469,56.560001373291016,EQUITY,EQT"
"2025-05-28 13:30:00,55.119998931884766,57.029998779296875,56.72999954223633,55.5,EQUITY,EQT"
"2025-05-29 13:30:00,55.119998931884766,56.02000045776367,55.61000061035156,55.369998931884766,EQUITY,EQT"
"2025-05-30 13:30:00,54.47999954223633,55.61000061035156,55.0,55.130001068115234,EQUITY,EQT"
"2025-06-02 13:30:00,55.75,57.189998626708984,56.45000076293945,56.65999984741211,EQUITY,EQT"
"2025-06-03 13:30:00,55.970001220703125,56.88999938964844,56.77000045776367,56.650001525878906,EQUITY,EQT"
"2025-06-04 13:30:00,55.29999923706055,56.7400016784668,56.540000915527344,55.4900016784668,EQUITY,EQT"
"2025-06-05 13:30:00,54.939998626708984,55.79999923706055,55.790000915527344,55.33000183105469,EQUITY,EQT"
"2025-06-06 13:30:00,55.33000183105469,56.720001220703125,55.61000061035156,56.38999938964844,EQUITY,EQT"
"2025-06-09 13:30:00,54.61000061035156,56.08000183105469,56.08000183105469,54.900001525878906,EQUITY,EQT"
"2025-06-10 13:30:00,53.400001525878906,55.54999923706055,55.2400016784668,53.72999954223633,EQUITY,EQT"
"2025-06-11 13:30:00,53.7400016784668,54.68000030517578,54.02000045776367,53.970001220703125,EQUITY,EQT"
"2025-06-12 13:30:00,53.939998626708984,55.560001373291016,54.220001220703125,55.52000045776367,EQUITY,EQT"
"2025-06-13 13:30:00,54.31999969482422,56.959999084472656,55.880001068115234,56.84000015258789,EQUITY,EQT"
"2025-06-16 13:30:00,56.88999938964844,58.75,56.93000030517578,58.16999816894531,EQUITY,EQT"
"2025-06-17 13:30:00,57.88999938964844,59.11000061035156,58.5,58.869998931884766,EQUITY,EQT"
"2025-06-18 13:30:00,58.20000076293945,60.20000076293945,59.43000030517578,59.369998931884766,EQUITY,EQT"
"2025-06-20 13:30:00,58.779998779296875,60.79999923706055,59.439998626708984,60.439998626708984,EQUITY,EQT"
"2025-06-23 13:30:00,59.130001068115234,61.02000045776367,60.79999923706055,59.369998931884766,EQUITY,EQT"
"2025-06-24 13:30:00,58.900001525878906,60.779998779296875,59.18000030517578,60.34000015258789,EQUITY,EQT"
"2025-06-25 13:30:00,58.15999984741211,60.31999969482422,60.15999984741211,58.22999954223633,EQUITY,EQT"
"2025-06-26 13:30:00,57.56999969482422,58.54999923706055,58.18000030517578,58.150001525878906,EQUITY,EQT"
"2025-06-27 13:30:00,57.61000061035156,58.54999923706055,58.209999084472656,58.310001373291016,EQUITY,EQT"
"2025-06-30 13:30:00,57.720001220703125,58.880001068115234,57.97999954223633,58.31999969482422,EQUITY,EQT"
"2025-07-01 13:30:00,55.20000076293945,58.09000015258789,58.029998779296875,55.720001220703125,EQUITY,EQT"
"2025-07-02 13:30:00,54.970001220703125,56.380001068115234,55.849998474121094,56.13999938964844,EQUITY,EQT"
"2025-07-03 13:30:00,54.709999084472656,56.38999938964844,56.06999969482422,55.310001373291016,EQUITY,EQT"
"2025-07-07 13:30:00,54.7599983215332,56.2599983215332,55.15999984741211,56.15999984741211,EQUITY,EQT"
"2025-07-08 13:30:00,54.380001068115234,56.900001525878906,56.810001373291016,54.86000061035156,EQUITY,EQT"
"2025-07-09 13:30:00,53.75,55.2599983215332,54.849998474121094,54.880001068115234,EQUITY,EQT"
"2025-07-10 13:30:00,53.41999816894531,55.04999923706055,54.84000015258789,54.52000045776367,EQUITY,EQT"
"2025-07-11 13:30:00,54.13999938964844,55.41999816894531,54.43000030517578,55.33000183105469,EQUITY,EQT"
"2025-07-14 13:30:00,55.38999938964844,58.36000061035156,55.45000076293945,58.279998779296875,EQUITY,EQT"
"2025-07-15 13:30:00,56.709999084472656,58.599998474121094,58.29999923706055,58.2400016784668,EQUITY,EQT"
"2025-07-16 13:30:00,58.86000061035156,60.310001373291016,59.20000076293945,59.18000030517578,EQUITY,EQT"
"2025-07-17 13:30:00,58.43000030517578,59.349998474121094,59.06999969482422,58.75,EQUITY,EQT"
"2025-07-18 13:30:00,58.150001525878906,59.619998931884766,59.36000061035156,59.189998626708984,EQUITY,EQT"
"2025-07-21 13:30:00,53.470001220703125,57.9900016784668,57.79999923706055,53.540000915527344,EQUITY,EQT"
"2025-07-22 13:30:00,53.060001373291016,54.65999984741211,53.290000915527344,54.34000015258789,EQUITY,EQT"
"2025-07-23 13:30:00,51.2599983215332,53.970001220703125,53.29999923706055,51.959999084472656,EQUITY,EQT"
"2025-07-24 13:30:00,52.369998931884766,54.529998779296875,52.380001068115234,54.029998779296875,EQUITY,EQT"
"2025-07-25 13:30:00,51.709999084472656,54.0,53.90999984741211,52.189998626708984,EQUITY,EQT"
"2025-07-28 13:30:00,51.06999969482422,52.75,52.54999923706055,51.90999984741211,EQUITY,EQT"
"2025-07-29 13:30:00,52.209999084472656,53.70000076293945,52.470001220703125,53.099998474121094,EQUITY,EQT"
"2025-07-30 13:30:00,52.220001220703125,53.720001220703125,52.720001220703125,53.36000061035156,EQUITY,EQT"
"2025-07-31 13:30:00,53.11000061035156,54.47999954223633,53.279998779296875,53.75,EQUITY,EQT"
"2025-08-01 13:30:00,52.099998474121094,53.310001373291016,53.08000183105469,52.34000015258789,EQUITY,EQT"
"2025-08-04 13:30:00,51.470001220703125,52.79999923706055,52.470001220703125,51.869998931884766,EQUITY,EQT"
"2025-08-05 13:30:00,51.119998931884766,52.130001068115234,52.0,51.689998626708984,EQUITY,EQT"
"2025-08-06 13:30:00,51.119998931884766,52.11000061035156,52.0,51.459999084472656,EQUITY,EQT"
"2025-08-07 13:30:00,51.16999816894531,52.41999816894531,51.470001220703125,51.2400016784668,EQUITY,EQT"
"2025-08-08 13:30:00,50.630001068115234,51.93000030517578,51.45000076293945,51.290000915527344,EQUITY,EQT"
"2025-08-11 13:30:00,51.130001068115234,51.90999984741211,51.5099983215332,51.81999969482422,EQUITY,EQT"
"2025-08-12 13:30:00,50.41999816894531,51.54999923706055,51.439998626708984,51.27000045776367,EQUITY,EQT"
"2025-08-13 13:30:00,51.029998779296875,52.11000061035156,51.83000183105469,51.47999954223633,EQUITY,EQT"
"2025-08-14 13:30:00,51.189998626708984,52.790000915527344,51.529998779296875,52.04999923706055,EQUITY,EQT"
"2025-08-15 13:30:00,52.18000030517578,53.380001068115234,52.2400016784668,52.849998474121094,EQUITY,EQT"
"2025-08-18 13:30:00,49.400001525878906,51.099998474121094,51.06999969482422,50.5,EQUITY,EQT"
"2025-08-19 13:30:00,49.56999969482422,50.72999954223633,49.900001525878906,50.540000915527344,EQUITY,EQT"
"2025-08-20 13:30:00,50.41999816894531,51.380001068115234,50.720001220703125,51.34000015258789,EQUITY,EQT"
"2025-08-21 13:30:00,51.060001373291016,52.189998626708984,51.400001525878906,52.04999923706055,EQUITY,EQT"
"2025-08-22 13:30:00,51.65999984741211,52.84000015258789,52.04999923706055,51.970001220703125,EQUITY,EQT"
"2025-08-25 13:30:00,51.52000045776367,52.540000915527344,51.7599983215332,51.810001373291016,EQUITY,EQT"
"2025-08-26 13:30:00,50.79999923706055,52.88999938964844,51.86000061035156,52.709999084472656,EQUITY,EQT"
"2025-08-27 13:30:00,51.13999938964844,53.16999816894531,52.75,51.349998474121094,EQUITY,EQT"
"2025-08-28 13:30:00,50.849998474121094,52.540000915527344,51.349998474121094,52.36000061035156,EQUITY,EQT"
"2025-08-29 13:30:00,51.66999816894531,52.470001220703125,52.209999084472656,51.84000015258789,EQUITY,EQT"
"2025-09-02 13:30:00,51.0099983215332,52.810001373291016,51.20000076293945,52.380001068115234,EQUITY,EQT"
"2025-09-03 13:30:00,51.11000061035156,53.0,52.41999816894531,51.54999923706055,EQUITY,EQT"
"2025-09-04 13:30:00,50.65999984741211,52.029998779296875,51.75,51.79999923706055,EQUITY,EQT"
"2025-09-05 13:30:00,50.5099983215332,51.97999954223633,51.56999969482422,51.599998474121094,EQUITY,EQT"
"2025-09-08 13:30:00,50.650001525878906,52.560001373291016,52.38999938964844,50.7599983215332,EQUITY,EQT"
"2025-09-09 13:30:00,50.040000915527344,51.400001525878906,50.79999923706055,50.25,EQUITY,EQT"
"2025-09-10 13:30:00,50.119998931884766,52.0,50.41999816894531,51.16999816894531,EQUITY,EQT"
"2025-09-11 13:30:00,50.459999084472656,51.220001220703125,50.75,50.959999084472656,EQUITY,EQT"
"2025-09-12 13:30:00,50.75,52.0099983215332,51.40999984741211,50.939998626708984,EQUITY,EQT"
"2025-09-15 13:30:00,49.91999816894531,51.060001373291016,50.810001373291016,49.97999954223633,EQUITY,EQT"
"2025-09-16 13:30:00,48.470001220703125,50.5,50.20000076293945,49.95000076293945,EQUITY,EQT"
"2025-09-17 13:30:00,49.7599983215332,50.9900016784668,50.0099983215332,49.9900016784668,EQUITY,EQT"
"2025-09-18 13:30:00,48.970001220703125,50.209999084472656,50.13999938964844,49.38999938964844,EQUITY,EQT"
"2025-09-19 13:30:00,48.5099983215332,49.52000045776367,49.29999923706055,49.189998626708984,EQUITY,EQT"
"2025-09-22 13:30:00,48.599998474121094,50.279998779296875,49.02000045776367,49.970001220703125,EQUITY,EQT"
"2025-09-23 13:30:00,49.83000183105469,51.369998931884766,50.119998931884766,50.95000076293945,EQUITY,EQT"
"2025-09-24 13:30:00,51.189998626708984,53.560001373291016,51.20000076293945,53.08000183105469,EQUITY,EQT"
"2025-09-25 13:30:00,52.75,54.959999084472656,52.90999984741211,53.93000030517578,EQUITY,EQT"
"2025-09-26 13:30:00,53.459999084472656,54.95000076293945,53.7400016784668,54.060001373291016,EQUITY,EQT"
"2025-09-29 13:30:00,53.61000061035156,54.970001220703125,53.959999084472656,54.459999084472656,EQUITY,EQT"
"2025-09-30 13:30:00,53.959999084472656,55.310001373291016,53.9900016784668,54.43000030517578,EQUITY,EQT"
"2025-10-01 13:30:00,54.0099983215332,57.08000183105469,54.25,56.15999984741211,EQUITY,EQT"
"2025-10-02 13:30:00,55.040000915527344,57.349998474121094,55.959999084472656,55.7599983215332,EQUITY,EQT"
"2025-10-03 13:30:00,55.040000915527344,56.47999954223633,55.599998474121094,56.029998779296875,EQUITY,EQT"
"2025-10-06 13:30:00,55.52000045776367,57.29999923706055,56.59000015258789,57.189998626708984,EQUITY,EQT"
"2025-10-07 13:30:00,56.310001373291016,57.54999923706055,57.09000015258789,57.15999984741211,EQUITY,EQT"
"2025-10-08 13:30:00,55.54999923706055,57.15999984741211,57.15999984741211,56.40999984741211,EQUITY,EQT"
"2025-10-09 13:30:00,54.54999923706055,57.099998474121094,57.099998474121094,54.91999816894531,EQUITY,EQT"
"2025-10-10 13:30:00,53.11000061035156,55.36000061035156,54.70000076293945,53.119998931884766,EQUITY,EQT"
"2024-09-09 13:30:00,19.040000915527344,19.829999923706055,19.209999084472656,19.65999984741211,EQUITY,HOOD"
"2024-09-10 13:30:00,18.825000762939453,19.73900032043457,19.600000381469727,19.700000762939453,EQUITY,HOOD"
"2024-09-11 13:30:00,19.540000915527344,20.795000076293945,19.579999923706055,20.639999389648438,EQUITY,HOOD"
"2024-09-12 13:30:00,20.670000076293945,21.735000610351562,20.829999923706055,21.639999389648438,EQUITY,HOOD"
"2024-09-13 13:30:00,21.610000610351562,22.43000030517578,21.69499969482422,22.06999969482422,EQUITY,HOOD"
"2024-09-16 13:30:00,21.5,22.53499984741211,21.70400047302246,22.209999084472656,EQUITY,HOOD"
"2024-09-17 13:30:00,22.399999618530273,22.93000030517578,22.545000076293945,22.639999389648438,EQUITY,HOOD"
"2024-09-18 13:30:00,22.34000015258789,23.4950008392334,22.700000762939453,22.950000762939453,EQUITY,HOOD"
"2024-09-19 13:30:00,22.739999771118164,24.059999465942383,23.93600082397461,22.809999465942383,EQUITY,HOOD"
"2024-09-20 13:30:00,22.309999465942383,22.954999923706055,22.809999465942383,22.729999542236328,EQUITY,HOOD"
"2024-09-23 13:30:00,22.62299919128418,23.325000762939453,22.781999588012695,22.700000762939453,EQUITY,HOOD"
"2024-09-24 13:30:00,22.25200080871582,22.850000381469727,22.68000030517578,22.770000457763672,EQUITY,HOOD"
"2024-09-25 13:30:00,22.334999084472656,22.81999969482422,22.579999923706055,22.389999389648438,EQUITY,HOOD"
"2024-09-26 13:30:00,22.190000534057617,22.8799991607666,22.780000686645508,22.43000030517578,EQUITY,HOOD"
"2024-09-27 13:30:00,22.410999298095703,23.979999542236328,22.549999237060547,23.889999389648438,EQUITY,HOOD"
"2024-09-30 13:30:00,23.079999923706055,24.1299991607666,23.969999313354492,23.420000076293945,EQUITY,HOOD"
"2024-10-01 13:30:00,22.280000686645508,23.459999084472656,23.399999618530273,22.329999923706055,EQUITY,HOOD"
"2024-10-02 13:30:00,22.329999923706055,23.18000030517578,22.420000076293945,22.6299991607666,EQUITY,HOOD"
"2024-10-03 13:30:00,22.049999237060547,22.708999633789062,22.464000701904297,22.43000030517578,EQUITY,HOOD"
"2024-10-04 13:30:00,22.610000610351562,23.389999389648438,23.0,22.889999389648438,EQUITY,HOOD"
"2024-10-07 13:30:00,22.719999313354492,23.424999237060547,22.75,23.31999969482422,EQUITY,HOOD"
"2024-10-08 13:30:00,23.440000534057617,25.799999237060547,23.469999313354492,25.610000610351562,EQUITY,HOOD"
"2024-10-09 13:30:00,24.170000076293945,25.690000534057617,25.489999771118164,25.649999618530273,EQUITY,HOOD"
"2024-10-10 13:30:00,24.704999923706055,25.8700008392334,25.5,25.5,EQUITY,HOOD"
"2024-10-11 13:30:00,25.690000534057617,26.649999618530273,25.75,26.270000457763672,EQUITY,HOOD"
"2024-10-14 13:30:00,26.15999984741211,27.139999389648438,26.899999618530273,27.0,EQUITY,HOOD"
"2024-10-15 13:30:00,25.905000686645508,27.329999923706055,27.135000228881836,26.799999237060547,EQUITY,HOOD"
"2024-10-16 13:30:00,26.565000534057617,27.172000885009766,27.040000915527344,26.93000030517578,EQUITY,HOOD"
"2024-10-17 13:30:00,26.086000442504883,27.079999923706055,27.079999923706055,26.31999969482422,EQUITY,HOOD"
"2024-10-18 13:30:00,26.420000076293945,27.040000915527344,26.549999237060547,26.829999923706055,EQUITY,HOOD"
"2024-10-21 13:30:00,26.18000030517578,27.104999542236328,26.780000686645508,26.969999313354492,EQUITY,HOOD"
"2024-10-22 13:30:00,26.81999969482422,27.600000381469727,26.899999618530273,27.40999984741211,EQUITY,HOOD"
"2024-10-23 13:30:00,26.280000686645508,27.38599967956543,27.110000610351562,26.700000762939453,EQUITY,HOOD"
"2024-10-24 13:30:00,26.690000534057617,27.329999923706055,26.950000762939453,27.219999313354492,EQUITY,HOOD"
"2024-10-25 13:30:00,26.920000076293945,27.75,27.510000228881836,27.059999465942383,EQUITY,HOOD"
"2024-10-28 13:30:00,27.510000228881836,28.229999542236328,27.934999465942383,27.8799991607666,EQUITY,HOOD"
"2024-10-29 13:30:00,27.600000381469727,28.360000610351562,28.25,28.030000686645508,EQUITY,HOOD"
"2024-10-30 13:30:00,27.549999237060547,28.575000762939453,27.915000915527344,28.209999084472656,EQUITY,HOOD"
"2024-10-31 13:30:00,23.149999618530273,26.479999542236328,26.020000457763672,23.489999771118164,EQUITY,HOOD"
"2024-11-01 13:30:00,23.0,24.118000030517578,23.700000762939453,23.969999313354492,EQUITY,HOOD"
"2024-11-04 14:30:00,23.540000915527344,24.559999465942383,23.75,24.31999969482422,EQUITY,HOOD"
"2024-11-05 14:30:00,24.420000076293945,25.274999618530273,24.53499984741211,24.959999084472656,EQUITY,HOOD"
"2024-11-06 14:30:00,26.739999771118164,30.059999465942383,27.729999542236328,29.860000610351562,EQUITY,HOOD"
"2024-11-07 14:30:00,28.670000076293945,30.040000915527344,29.059999465942383,29.360000610351562,EQUITY,HOOD"
"2024-11-08 14:30:00,29.209999084472656,30.6299991607666,29.350000381469727,30.540000915527344,EQUITY,HOOD"
"2024-11-11 14:30:00,32.22999954223633,34.31999969482422,32.939998626708984,32.79999923706055,EQUITY,HOOD"
"2024-11-12 14:30:00,31.459999084472656,33.7599983215332,31.739999771118164,33.0,EQUITY,HOOD"
"2024-11-13 14:30:00,31.822999954223633,34.099998474121094,33.630001068115234,31.90999984741211,EQUITY,HOOD"
"2024-11-14 14:30:00,31.591999053955078,33.0,32.849998474121094,32.220001220703125,EQUITY,HOOD"
"2024-11-15 14:30:00,31.260000228881836,32.35499954223633,32.0099983215332,32.31999969482422,EQUITY,HOOD"
"2024-11-18 14:30:00,32.900001525878906,35.6150016784668,33.11000061035156,35.0,EQUITY,HOOD"
"2024-11-19 14:30:00,34.0,36.31999969482422,34.560001373291016,35.2400016784668,EQUITY,HOOD"
"2024-11-20 14:30:00,35.720001220703125,38.11000061035156,37.0,36.08000183105469,EQUITY,HOOD"
"2024-11-21 14:30:00,34.630001068115234,37.125,37.125,35.09000015258789,EQUITY,HOOD"
"2024-11-22 14:30:00,34.16999816894531,36.834999084472656,34.97999954223633,36.650001525878906,EQUITY,HOOD"
"2024-11-25 14:30:00,37.29999923706055,39.7400016784668,39.220001220703125,37.849998474121094,EQUITY,HOOD"
"2024-11-26 14:30:00,36.150001525878906,37.90999984741211,37.04999923706055,36.41999816894531,EQUITY,HOOD"
"2024-11-27 14:30:00,37.040000915527344,38.290000915527344,37.5099983215332,37.650001525878906,EQUITY,HOOD"
"2024-11-29 14:30:00,37.5099983215332,39.14500045776367,38.619998931884766,37.540000915527344,EQUITY,HOOD"
"2024-12-02 14:30:00,37.52000045776367,38.790000915527344,37.92499923706055,37.619998931884766,EQUITY,HOOD"
"2024-12-03 14:30:00,36.61000061035156,38.70500183105469,37.04999923706055,38.63999938964844,EQUITY,HOOD"
"2024-12-04 14:30:00,37.779998779296875,40.56999969482422,39.95000076293945,40.0,EQUITY,HOOD"
"2024-12-05 14:30:00,38.790000915527344,42.7599983215332,42.709999084472656,38.91999816894531,EQUITY,HOOD"
"2024-12-06 14:30:00,38.939998626708984,41.709999084472656,39.59000015258789,41.66999816894531,EQUITY,HOOD"
"2024-12-09 14:30:00,39.2400016784668,42.09000015258789,41.38999938964844,39.540000915527344,EQUITY,HOOD"
"2024-12-10 14:30:00,37.189998626708984,40.5,39.810001373291016,37.36000061035156,EQUITY,HOOD"
"2024-12-11 14:30:00,37.70000076293945,38.54999923706055,38.5,37.84000015258789,EQUITY,HOOD"
"2024-12-12 14:30:00,35.619998931884766,40.189998626708984,37.380001068115234,39.33000183105469,EQUITY,HOOD"
"2024-12-13 14:30:00,38.959999084472656,40.34700012207031,39.40999984741211,40.20000076293945,EQUITY,HOOD"
"2024-12-16 14:30:00,40.529998779296875,43.83000183105469,41.02000045776367,43.20000076293945,EQUITY,HOOD"
"2024-12-17 14:30:00,40.34000015258789,42.310001373291016,42.310001373291016,41.630001068115234,EQUITY,HOOD"
"2024-12-18 14:30:00,36.63999938964844,41.48899841308594,41.439998626708984,37.08000183105469,EQUITY,HOOD"
"2024-12-19 14:30:00,36.209999084472656,38.68000030517578,38.47999954223633,36.939998626708984,EQUITY,HOOD"
"2024-12-20 14:30:00,34.02000045776367,38.474998474121094,35.11000061035156,38.33000183105469,EQUITY,HOOD"
"2024-12-23 14:30:00,37.08000183105469,38.5,37.91999816894531,37.5,EQUITY,HOOD"
"2024-12-24 14:30:00,37.689998626708984,39.59000015258789,38.0,39.58000183105469,EQUITY,HOOD"
"2024-12-26 14:30:00,38.79999923706055,40.46500015258789,39.34000015258789,40.380001068115234,EQUITY,HOOD"
"2024-12-27 14:30:00,38.220001220703125,40.439998626708984,40.25,39.02000045776367,EQUITY,HOOD"
"2024-12-30 14:30:00,37.45000076293945,38.959999084472656,37.810001373291016,38.279998779296875,EQUITY,HOOD"
"2024-12-31 14:30:00,37.029998779296875,39.099998474121094,38.95000076293945,37.2599983215332,EQUITY,HOOD"
"2025-01-02 14:30:00,37.349998474121094,39.70000076293945,38.540000915527344,39.439998626708984,EQUITY,HOOD"
"2025-01-03 14:30:00,39.02399826049805,41.380001068115234,39.779998779296875,41.349998474121094,EQUITY,HOOD"
"2025-01-06 14:30:00,41.459999084472656,43.119998931884766,42.11000061035156,42.709999084472656,EQUITY,HOOD"
"2025-01-07 14:30:00,39.8650016784668,43.1879997253418,42.33000183105469,40.560001373291016,EQUITY,HOOD"
"2025-01-08 14:30:00,39.209999084472656,40.83000183105469,40.255001068115234,40.810001373291016,EQUITY,HOOD"
"2025-01-10 14:30:00,38.779998779296875,40.529998779296875,40.06999969482422,40.08000183105469,EQUITY,HOOD"
"2025-01-13 14:30:00,38.41999816894531,39.797000885009766,39.0099983215332,39.59000015258789,EQUITY,HOOD"
"2025-01-14 14:30:00,41.279998779296875,43.77000045776367,41.79999923706055,41.7599983215332,EQUITY,HOOD"
"2025-01-15 14:30:00,43.643001556396484,46.220001220703125,43.9900016784668,45.560001373291016,EQUITY,HOOD"
"2025-01-16 14:30:00,45.25,46.849998474121094,45.61000061035156,46.08000183105469,EQUITY,HOOD"
"2025-01-17 14:30:00,46.970001220703125,49.27000045776367,47.7400016784668,48.150001525878906,EQUITY,HOOD"
"2025-01-21 14:30:00,48.150001525878906,50.63999938964844,49.93000030517578,50.0,EQUITY,HOOD"
"2025-01-22 14:30:00,49.720001220703125,51.09000015258789,50.209999084472656,50.15999984741211,EQUITY,HOOD"
"2025-01-23 14:30:00,49.2599983215332,50.90999984741211,49.38999938964844,50.36000061035156,EQUITY,HOOD"
"2025-01-24 14:30:00,50.599998474121094,52.060001373291016,50.90999984741211,51.119998931884766,EQUITY,HOOD"
"2025-01-27 14:30:00,46.65999984741211,50.14500045776367,48.33000183105469,47.7400016784668,EQUITY,HOOD"
"2025-01-28 14:30:00,47.01100158691406,49.79999923706055,47.89799880981445,49.400001525878906,EQUITY,HOOD"
"2025-01-29 14:30:00,48.599998474121094,51.709999084472656,48.81999969482422,51.150001525878906,EQUITY,HOOD"
"2025-01-30 14:30:00,51.066001892089844,53.5099983215332,51.959999084472656,53.0,EQUITY,HOOD"
"2025-01-31 14:30:00,51.6349983215332,53.4900016784668,53.2599983215332,51.95000076293945,EQUITY,HOOD"
"2025-02-03 14:30:00,48.08000183105469,52.31999969482422,48.4900016784668,51.900001525878906,EQUITY,HOOD"
"2025-02-04 14:30:00,51.540000915527344,53.310001373291016,52.0,52.58000183105469,EQUITY,HOOD"
"2025-02-05 14:30:00,52.209999084472656,54.33000183105469,52.31999969482422,54.20000076293945,EQUITY,HOOD"
"2025-02-06 14:30:00,52.15999984741211,54.880001068115234,54.79999923706055,53.16999816894531,EQUITY,HOOD"
"2025-02-07 14:30:00,54.11000061035156,55.97999954223633,54.38999938964844,55.86000061035156,EQUITY,HOOD"
"2025-02-10 14:30:00,55.54999923706055,57.27000045776367,57.18000030517578,56.27000045776367,EQUITY,HOOD"
"2025-02-11 14:30:00,53.279998779296875,55.9900016784668,55.900001525878906,53.34000015258789,EQUITY,HOOD"
"2025-02-12 14:30:00,52.650001525878906,56.7400016784668,53.16999816894531,55.90999984741211,EQUITY,HOOD"
"2025-02-13 14:30:00,61.20000076293945,66.91000366210938,62.09000015258789,63.79999923706055,EQUITY,HOOD"
"2025-02-14 14:30:00,61.72100067138672,66.08000183105469,63.30500030517578,65.27999877929688,EQUITY,HOOD"
"2025-02-18 14:30:00,59.9010009765625,65.5780029296875,65.20999908447266,60.439998626708984,EQUITY,HOOD"
"2025-02-19 14:30:00,58.650001525878906,61.9109992980957,61.09000015258789,59.22999954223633,EQUITY,HOOD"
"2025-02-20 14:30:00,54.22999954223633,59.099998474121094,59.09000015258789,56.060001373291016,EQUITY,HOOD"
"2025-02-21 14:30:00,51.439998626708984,57.869998931884766,57.869998931884766,51.599998474121094,EQUITY,HOOD"
"2025-02-24 14:30:00,47.970001220703125,52.560001373291016,52.2400016784668,49.93000030517578,EQUITY,HOOD"
"2025-02-25 14:30:00,44.02000045776367,48.84000015258789,47.5099983215332,45.91999816894531,EQUITY,HOOD"
"2025-02-26 14:30:00,46.540000915527344,50.52000045776367,47.310001373291016,48.849998474121094,EQUITY,HOOD"
"2025-02-27 14:30:00,48.41999816894531,52.93000030517578,51.7599983215332,48.779998779296875,EQUITY,HOOD"
"2025-02-28 14:30:00,47.40999984741211,51.16999816894531,48.185001373291016,50.099998474121094,EQUITY,HOOD"
"2025-03-03 14:30:00,46.68000030517578,54.84000015258789,54.720001220703125,46.88999938964844,EQUITY,HOOD"
"2025-03-04 14:30:00,42.13999938964844,48.27000045776367,45.189998626708984,46.220001220703125,EQUITY,HOOD"
"2025-03-05 14:30:00,44.91999816894531,48.290000915527344,46.70000076293945,48.119998931884766,EQUITY,HOOD"
"2025-03-06 14:30:00,44.65999984741211,48.790000915527344,46.22999954223633,44.84000015258789,EQUITY,HOOD"
"2025-03-07 14:30:00,40.95000076293945,45.369998931884766,43.63999938964844,44.41999816894531,EQUITY,HOOD"
"2025-03-10 13:30:00,35.22999954223633,41.196998596191406,40.92499923706055,35.630001068115234,EQUITY,HOOD"
"2025-03-11 13:30:00,35.56999969482422,38.349998474121094,36.19499969482422,36.36000061035156,EQUITY,HOOD"
"2025-03-12 13:30:00,36.85100173950195,39.67100143432617,38.9900016784668,38.91999816894531,EQUITY,HOOD"
"2025-03-13 13:30:00,35.90999984741211,38.68000030517578,38.27000045776367,36.02000045776367,EQUITY,HOOD"
"2025-03-14 13:30:00,37.0099983215332,39.459999084472656,37.400001525878906,39.2400016784668,EQUITY,HOOD"
"2025-03-17 13:30:00,38.959999084472656,42.91999816894531,39.349998474121094,42.02000045776367,EQUITY,HOOD"
"2025-03-18 13:30:00,38.849998474121094,41.560001373291016,40.79999923706055,40.099998474121094,EQUITY,HOOD"
"2025-03-19 13:30:00,40.17599868774414,43.84000015258789,40.775001525878906,42.79999923706055,EQUITY,HOOD"
"2025-03-20 13:30:00,41.93000030517578,44.2400016784668,42.20000076293945,43.65999984741211,EQUITY,HOOD"
"2025-03-21 13:30:00,41.5,44.72999954223633,41.95000076293945,44.36000061035156,EQUITY,HOOD"
"2025-03-24 13:30:00,46.099998474121094,48.9900016784668,46.400001525878906,48.36000061035156,EQUITY,HOOD"
"2025-03-25 13:30:00,47.20000076293945,49.880001068115234,48.75,48.150001525878906,EQUITY,HOOD"
"2025-03-26 13:30:00,43.79999923706055,48.0,47.97999954223633,44.72999954223633,EQUITY,HOOD"
"2025-03-27 13:30:00,43.2400016784668,45.59000015258789,44.11000061035156,43.9900016784668,EQUITY,HOOD"
"2025-03-28 13:30:00,40.56999969482422,43.06999969482422,42.689998626708984,41.91999816894531,EQUITY,HOOD"
"2025-03-31 13:30:00,38.8380012512207,41.95000076293945,39.775001525878906,41.619998931884766,EQUITY,HOOD"
"2025-04-01 13:30:00,40.61000061035156,43.369998931884766,41.79999923706055,42.15999984741211,EQUITY,HOOD"
"2025-04-02 13:30:00,40.54999923706055,43.5989990234375,40.689998626708984,42.68000030517578,EQUITY,HOOD"
"2025-04-03 13:30:00,37.439998626708984,39.88999938964844,37.974998474121094,38.2599983215332,EQUITY,HOOD"
"2025-04-04 13:30:00,31.59000015258789,36.25,35.625,34.5099983215332,EQUITY,HOOD"
"2025-04-07 13:30:00,29.65999984741211,37.108001708984375,30.67300033569336,35.40999984741211,EQUITY,HOOD"
"2025-04-08 13:30:00,33.084999084472656,37.849998474121094,37.1349983215332,34.16999816894531,EQUITY,HOOD"
"2025-04-09 13:30:00,33.54999923706055,42.68000030517578,33.709999084472656,42.209999084472656,EQUITY,HOOD"
"2025-04-10 13:30:00,37.779998779296875,42.130001068115234,40.29999923706055,40.5099983215332,EQUITY,HOOD"
"2025-04-11 13:30:00,40.08000183105469,43.790000915527344,40.73500061035156,43.68000030517578,EQUITY,HOOD"
"2025-04-14 13:30:00,42.5099983215332,45.09000015258789,45.0099983215332,44.13999938964844,EQUITY,HOOD"
"2025-04-15 13:30:00,43.6870002746582,45.560001373291016,44.189998626708984,44.08000183105469,EQUITY,HOOD"
"2025-04-16 13:30:00,40.06999969482422,43.13999938964844,41.86000061035156,40.65999984741211,EQUITY,HOOD"
"2025-04-17 13:30:00,40.119998931884766,41.75,41.029998779296875,41.18000030517578,EQUITY,HOOD"
"2025-04-21 13:30:00,39.209999084472656,41.558998107910156,40.72999954223633,39.849998474121094,EQUITY,HOOD"
"2025-04-22 13:30:00,40.8120002746582,43.369998931884766,41.029998779296875,42.09000015258789,EQUITY,HOOD"
"2025-04-23 13:30:00,44.27000045776367,47.220001220703125,45.29999923706055,44.65999984741211,EQUITY,HOOD"
"2025-04-24 13:30:00,44.959999084472656,48.279998779296875,45.09000015258789,48.150001525878906,EQUITY,HOOD"
"2025-04-25 13:30:00,48.47999954223633,49.9900016784668,48.900001525878906,49.45000076293945,EQUITY,HOOD"
"2025-04-28 13:30:00,47.7400016784668,51.06999969482422,50.52000045776367,48.93000030517578,EQUITY,HOOD"
"2025-04-29 13:30:00,48.459999084472656,49.880001068115234,49.439998626708984,49.369998931884766,EQUITY,HOOD"
"2025-04-30 13:30:00,46.18000030517578,49.900001525878906,46.40999984741211,49.11000061035156,EQUITY,HOOD"
"2025-05-01 13:30:00,46.529998779296875,51.29999923706055,51.125,46.619998931884766,EQUITY,HOOD"
"2025-05-02 13:30:00,46.709999084472656,50.06999969482422,46.775001525878906,48.59000015258789,EQUITY,HOOD"
"2025-05-05 13:30:00,45.560001373291016,48.34000015258789,47.209999084472656,48.04999923706055,EQUITY,HOOD"
"2025-05-06 13:30:00,45.82500076293945,48.880001068115234,46.32500076293945,48.689998626708984,EQUITY,HOOD"
"2025-05-07 13:30:00,48.31999969482422,50.5099983215332,48.849998474121094,49.9900016784668,EQUITY,HOOD"
"2025-05-08 13:30:00,51.61000061035156,54.84000015258789,51.729000091552734,54.06999969482422,EQUITY,HOOD"
"2025-05-09 13:30:00,53.742000579833984,56.314998626708984,54.939998626708984,54.650001525878906,EQUITY,HOOD"
"2025-05-12 13:30:00,55.888999938964844,59.33000183105469,59.18000030517578,57.43000030517578,EQUITY,HOOD"
"2025-05-13 13:30:00,58.81999969482422,63.415000915527344,58.91999816894531,62.56999969482422,EQUITY,HOOD"
"2025-05-14 13:30:00,61.09000015258789,63.779998779296875,62.375,61.38999938964844,EQUITY,HOOD"
"2025-05-15 13:30:00,57.68000030517578,60.83000183105469,60.30500030517578,60.68000030517578,EQUITY,HOOD"
"2025-05-16 13:30:00,60.459999084472656,62.13999938964844,60.904998779296875,61.7599983215332,EQUITY,HOOD"
"2025-05-19 13:30:00,59.68000030517578,64.36000061035156,59.85499954223633,64.2699966430664,EQUITY,HOOD"
"2025-05-20 13:30:00,63.349998474121094,65.27999877929688,64.04000091552734,64.91000366210938,EQUITY,HOOD"
"2025-05-21 13:30:00,63.31999969482422,66.88999938964844,64.05999755859375,63.86000061035156,EQUITY,HOOD"
"2025-05-22 13:30:00,63.75,65.875,64.88999938964844,64.7699966430664,EQUITY,HOOD"
"2025-05-23 13:30:00,62.63199996948242,64.45999908447266,62.849998474121094,63.16999816894531,EQUITY,HOOD"
"2025-05-27 13:30:00,63.83000183105469,67.12999725341797,64.95999908447266,66.0199966430664,EQUITY,HOOD"
"2025-05-28 13:30:00,64.80999755859375,66.61000061035156,66.13999938964844,65.13999938964844,EQUITY,HOOD"
"2025-05-29 13:30:00,63.630001068115234,66.53500366210938,66.32499694824219,63.95000076293945,EQUITY,HOOD"
"2025-05-30 13:30:00,62.91999816894531,66.48999786376953,63.59000015258789,66.1500015258789,EQUITY,HOOD"
"2025-06-02 13:30:00,65.37999725341797,68.19999694824219,66.02999877929688,67.9800033569336,EQUITY,HOOD"
"2025-06-03 13:30:00,69.05999755859375,72.72000122070312,69.9000015258789,71.72000122070312,EQUITY,HOOD"
"2025-06-04 13:30:00,71.12999725341797,73.0,72.95999908447266,72.2699966430664,EQUITY,HOOD"
"2025-06-05 13:30:00,71.19999694824219,76.75,73.55000305175781,72.51000213623047,EQUITY,HOOD"
"2025-06-06 13:30:00,73.0999984741211,77.80000305175781,74.5999984741211,74.87999725341797,EQUITY,HOOD"
"2025-06-09 13:30:00,68.55999755859375,73.7300033569336,72.05999755859375,73.4000015258789,EQUITY,HOOD"
"2025-06-10 13:30:00,70.75,74.63999938964844,73.23999786376953,72.51000213623047,EQUITY,HOOD"
"2025-06-11 13:30:00,72.31999969482422,75.38999938964844,73.05000305175781,74.87999725341797,EQUITY,HOOD"
"2025-06-12 13:30:00,73.2300033569336,75.58999633789062,73.5260009765625,73.83999633789062,EQUITY,HOOD"
"2025-06-13 13:30:00,71.69000244140625,74.81999969482422,72.0,72.5999984741211,EQUITY,HOOD"
"2025-06-16 13:30:00,73.36000061035156,76.87999725341797,73.69999694824219,76.75,EQUITY,HOOD"
"2025-06-17 13:30:00,72.86000061035156,77.05000305175781,76.11000061035156,74.94999694824219,EQUITY,HOOD"
"2025-06-18 13:30:00,74.54000091552734,78.73999786376953,75.16999816894531,78.3499984741211,EQUITY,HOOD"
"2025-06-20 13:30:00,75.79000091552734,79.37999725341797,78.47000122070312,78.5,EQUITY,HOOD"
"2025-06-23 13:30:00,74.38999938964844,79.04499816894531,77.86000061035156,76.3499984741211,EQUITY,HOOD"
"2025-06-24 13:30:00,76.83000183105469,82.2699966430664,77.9000015258789,82.01000213623047,EQUITY,HOOD"
"2025-06-25 13:30:00,81.9000015258789,85.55000305175781,84.94000244140625,82.75,EQUITY,HOOD"
"2025-06-26 13:30:00,82.52999877929688,84.80000305175781,83.41000366210938,84.5199966430664,EQUITY,HOOD"
"2025-06-27 13:30:00,81.91999816894531,84.87999725341797,84.65499877929688,83.02999877929688,EQUITY,HOOD"
"2025-06-30 13:30:00,85.5,94.23999786376953,85.6500015258789,93.62999725341797,EQUITY,HOOD"
"2025-07-01 13:30:00,89.69999694824219,99.18000030517578,95.01200103759766,92.33000183105469,EQUITY,HOOD"
"2025-07-02 13:30:00,90.9000015258789,100.87999725341797,91.25,97.9800033569336,EQUITY,HOOD"
"2025-07-03 13:30:00,92.11000061035156,95.6500015258789,95.48999786376953,94.4000015258789,EQUITY,HOOD"
"2025-07-07 13:30:00,91.25,95.69999694824219,93.58999633789062,93.45999908447266,EQUITY,HOOD"
"2025-07-08 13:30:00,90.69999694824219,98.04000091552734,95.4000015258789,91.2699966430664,EQUITY,HOOD"
"2025-07-09 13:30:00,91.74099731445312,94.6500015258789,92.91000366210938,94.54000091552734,EQUITY,HOOD"
"2025-07-10 13:30:00,93.54100036621094,98.76000213623047,95.9000015258789,98.69999694824219,EQUITY,HOOD"
"2025-07-11 13:30:00,97.33000183105469,101.5,97.5,98.33999633789062,EQUITY,HOOD"
"2025-07-14 13:30:00,98.9000015258789,101.88999938964844,100.87000274658203,99.95999908447266,EQUITY,HOOD"
"2025-07-15 13:30:00,97.16000366210938,101.26000213623047,99.01000213623047,99.54000091552734,EQUITY,HOOD"
"2025-07-16 13:30:00,99.69999694824219,104.62000274658203,100.0199966430664,103.25,EQUITY,HOOD"
"2025-07-17 13:30:00,102.72000122070312,106.63999938964844,103.53500366210938,105.44999694824219,EQUITY,HOOD"
"2025-07-18 13:30:00,106.94999694824219,113.43900299072266,109.75,109.73999786376953,EQUITY,HOOD"
"2025-07-21 13:30:00,104.06999969482422,110.30999755859375,109.0,104.33999633789062,EQUITY,HOOD"
"2025-07-22 13:30:00,98.75,105.93000030517578,103.70999908447266,101.8499984741211,EQUITY,HOOD"
"2025-07-23 13:30:00,100.54000091552734,102.68000030517578,102.12999725341797,102.08000183105469,EQUITY,HOOD"
"2025-07-24 13:30:00,100.31999969482422,103.04000091552734,103.0,101.93000030517578,EQUITY,HOOD"
"2025-07-25 13:30:00,101.05000305175781,106.38999938964844,101.54499816894531,104.8499984741211,EQUITY,HOOD"
"2025-07-28 13:30:00,104.66000366210938,107.12999725341797,105.83999633789062,106.7699966430664,EQUITY,HOOD"
"2025-07-29 13:30:00,103.0,107.41999816894531,106.61000061035156,103.31999969482422,EQUITY,HOOD"
"2025-07-30 13:30:00,103.3499984741211,107.45999908447266,103.8499984741211,106.0999984741211,EQUITY,HOOD"
"2025-07-31 13:30:00,101.06999969482422,109.05999755859375,103.86499786376953,103.05000305175781,EQUITY,HOOD"
"2025-08-01 13:30:00,93.36000061035156,104.58999633789062,97.80000305175781,99.9000015258789,EQUITY,HOOD"
"2025-08-04 13:30:00,97.15299987792969,106.79000091552734,101.22899627685547,106.37000274658203,EQUITY,HOOD"
"2025-08-05 13:30:00,103.22000122070312,107.30000305175781,105.97000122070312,105.45999908447266,EQUITY,HOOD"
"2025-08-06 13:30:00,101.18000030517578,105.9000015258789,104.50499725341797,105.6500015258789,EQUITY,HOOD"
"2025-08-07 13:30:00,107.4000015258789,112.63400268554688,107.88999938964844,111.2300033569336,EQUITY,HOOD"
"2025-08-08 13:30:00,110.9000015258789,117.0,111.5,114.62999725341797,EQUITY,HOOD"
"2025-08-11 13:30:00,113.38999938964844,117.47000122070312,116.22000122070312,113.62000274658203,EQUITY,HOOD"
"2025-08-12 13:30:00,113.18000030517578,117.69999694824219,115.04000091552734,114.08999633789062,EQUITY,HOOD"
"2025-08-13 13:30:00,107.27999877929688,116.4000015258789,115.6500015258789,108.62000274658203,EQUITY,HOOD"
"2025-08-14 13:30:00,106.30999755859375,111.45999908447266,107.87999725341797,110.70999908447266,EQUITY,HOOD"
"2025-08-15 13:30:00,108.61000061035156,114.36000061035156,110.7300033569336,114.16999816894531,EQUITY,HOOD"
"2025-08-18 13:30:00,109.77999877929688,115.08999633789062,113.0,115.0199966430664,EQUITY,HOOD"
"2025-08-19 13:30:00,106.5,117.45999908447266,116.12000274658203,107.5,EQUITY,HOOD"
"2025-08-20 13:30:00,99.0,107.9800033569336,106.66500091552734,105.33999633789062,EQUITY,HOOD"
"2025-08-21 13:30:00,104.3499984741211,108.20999908447266,105.02999877929688,106.30000305175781,EQUITY,HOOD"
"2025-08-22 13:30:00,103.80000305175781,111.88300323486328,105.52999877929688,109.31999969482422,EQUITY,HOOD"
"2025-08-25 13:30:00,105.94999694824219,109.8499984741211,108.48999786376953,107.94000244140625,EQUITY,HOOD"
"2025-08-26 13:30:00,105.12000274658203,109.36000061035156,106.8499984741211,108.80000305175781,EQUITY,HOOD"
"2025-08-27 13:30:00,102.80999755859375,109.2699966430664,108.69000244140625,102.91999816894531,EQUITY,HOOD"
"2025-08-28 13:30:00,102.76000213623047,105.4000015258789,104.0,103.69000244140625,EQUITY,HOOD"
"2025-08-29 13:30:00,101.93000030517578,104.4000015258789,102.83999633789062,104.02999877929688,EQUITY,HOOD"
"2025-09-02 13:30:00,97.9000015258789,101.9000015258789,100.33999633789062,100.83999633789062,EQUITY,HOOD"
"2025-09-03 13:30:00,99.41000366210938,102.69000244140625,101.58999633789062,100.81999969482422,EQUITY,HOOD"
"2025-09-04 13:30:00,100.5999984741211,104.75,100.75,102.91000366210938,EQUITY,HOOD"
"2025-09-05 13:30:00,95.66000366210938,106.02999877929688,104.9800033569336,101.25,EQUITY,HOOD"
"2025-09-08 13:30:00,110.12000274658203,117.30000305175781,110.62999725341797,117.27999877929688,EQUITY,HOOD"
"2025-09-09 13:30:00,113.76000213623047,118.69999694824219,116.52999877929688,118.5,EQUITY,HOOD"
"2025-09-10 13:30:00,116.69000244140625,123.44000244140625,120.83000183105469,117.45999908447266,EQUITY,HOOD"
"2025-09-11 13:30:00,117.37000274658203,121.69000244140625,117.87999725341797,117.75,EQUITY,HOOD"
"2025-09-12 13:30:00,114.05000305175781,118.56999969482422,117.93000030517578,115.02999877929688,EQUITY,HOOD"
"2025-09-15 13:30:00,112.42500305175781,116.52999877929688,115.34500122070312,114.83000183105469,EQUITY,HOOD"
"2025-09-16 13:30:00,113.79000091552734,118.12999725341797,115.05999755859375,117.37999725341797,EQUITY,HOOD"
"2025-09-17 13:30:00,114.88999938964844,119.12999725341797,117.08999633789062,118.63999938964844,EQUITY,HOOD"
"2025-09-18 13:30:00,119.85900115966797,124.36000061035156,120.08000183105469,120.91000366210938,EQUITY,HOOD"
"2025-09-19 13:30:00,121.0,125.18000030517578,121.69999694824219,124.77999877929688,EQUITY,HOOD"
"2025-09-22 13:30:00,122.19999694824219,126.63999938964844,123.625,124.88999938964844,EQUITY,HOOD"
"2025-09-23 13:30:00,124.06999969482422,127.77999877929688,125.41000366210938,126.19999694824219,EQUITY,HOOD"
"2025-09-24 13:30:00,125.0,130.07000732421875,127.51499938964844,126.80000305175781,EQUITY,HOOD"
"2025-09-25 13:30:00,120.62000274658203,125.80000305175781,123.33000183105469,122.6500015258789,EQUITY,HOOD"
"2025-09-26 13:30:00,120.45999908447266,125.05999755859375,124.18000030517578,121.77999877929688,EQUITY,HOOD"
"2025-09-29 13:30:00,123.77999877929688,136.83999633789062,123.77999877929688,136.72000122070312,EQUITY,HOOD"
"2025-09-30 13:30:00,135.57000732421875,143.6199951171875,135.6699981689453,143.17999267578125,EQUITY,HOOD"
"2025-10-01 13:30:00,137.77999877929688,143.1699981689453,141.25999450683594,139.13999938964844,EQUITY,HOOD"
"2025-10-02 13:30:00,140.14999389648438,146.6999969482422,142.77999877929688,145.6999969482422,EQUITY,HOOD"
"2025-10-03 13:30:00,145.22999572753906,150.2100067138672,146.82000732421875,148.6699981689453,EQUITY,HOOD"
"2025-10-06 13:30:00,144.11900329589844,153.86000061035156,153.0,144.25999450683594,EQUITY,HOOD"
"2025-10-07 13:30:00,141.25999450683594,147.1199951171875,146.3300018310547,145.0,EQUITY,HOOD"
"2025-10-08 13:30:00,144.5500030517578,151.35000610351562,146.11000061035156,150.8699951171875,EQUITY,HOOD"
"2025-10-09 13:30:00,147.3000030517578,153.0800018310547,150.50999450683594,152.4600067138672,EQUITY,HOOD"
"2025-10-10 13:30:00,138.94000244140625,153.55999755859375,151.5050048828125,138.9600067138672,EQUITY,HOOD"
"2024-09-09 13:30:00,78.36000061035156,80.19999694824219,78.4000015258789,79.16999816894531,EQUITY,GILD"
"2024-09-10 13:30:00,78.7300033569336,81.55999755859375,79.16999816894531,81.44000244140625,EQUITY,GILD"
"2024-09-11 13:30:00,79.63999938964844,81.19999694824219,81.13999938964844,80.94000244140625,EQUITY,GILD"
"2024-09-12 13:30:00,81.9800033569336,84.88999938964844,83.0199966430664,83.16000366210938,EQUITY,GILD"
"2024-09-13 13:30:00,81.56999969482422,83.16999816894531,81.94999694824219,82.80999755859375,EQUITY,GILD"
"2024-09-16 13:30:00,82.5199966430664,83.58000183105469,83.0,83.16000366210938,EQUITY,GILD"
"2024-09-17 13:30:00,82.37999725341797,83.33999633789062,83.05999755859375,83.05000305175781,EQUITY,GILD"
"2024-09-18 13:30:00,82.76000213623047,84.5199966430664,83.37000274658203,83.88999938964844,EQUITY,GILD"
"2024-09-19 13:30:00,83.43000030517578,84.6500015258789,84.38999938964844,83.9000015258789,EQUITY,GILD"
"2024-09-20 13:30:00,82.75,83.98999786376953,83.26000213623047,83.94000244140625,EQUITY,GILD"
"2024-09-23 13:30:00,83.4800033569336,84.45999908447266,84.25,83.98999786376953,EQUITY,GILD"
"2024-09-24 13:30:00,83.33999633789062,84.27999877929688,83.79000091552734,83.79000091552734,EQUITY,GILD"
"2024-09-25 13:30:00,82.1500015258789,83.98999786376953,83.94000244140625,82.20999908447266,EQUITY,GILD"
"2024-09-26 13:30:00,81.83000183105469,83.12000274658203,82.0199966430664,83.04000091552734,EQUITY,GILD"
"2024-09-27 13:30:00,83.04000091552734,84.33000183105469,83.2300033569336,83.61000061035156,EQUITY,GILD"
"2024-09-30 13:30:00,83.13999938964844,84.25,83.1500015258789,83.83999633789062,EQUITY,GILD"
"2024-10-01 13:30:00,82.81999969482422,83.9800033569336,83.81999969482422,83.94000244140625,EQUITY,GILD"
"2024-10-02 13:30:00,83.0999984741211,85.43000030517578,83.33000183105469,84.73999786376953,EQUITY,GILD"
"2024-10-03 13:30:00,84.01000213623047,84.93000030517578,84.25,84.16999816894531,EQUITY,GILD"
"2024-10-04 13:30:00,83.9800033569336,84.95999908447266,84.33999633789062,84.58999633789062,EQUITY,GILD"
"2024-10-07 13:30:00,84.33999633789062,85.66000366210938,85.05000305175781,84.43000030517578,EQUITY,GILD"
"2024-10-08 13:30:00,84.31999969482422,85.38999938964844,84.5199966430664,85.20999908447266,EQUITY,GILD"
"2024-10-09 13:30:00,85.05999755859375,86.8499984741211,85.18000030517578,86.13999938964844,EQUITY,GILD"
"2024-10-10 13:30:00,84.58999633789062,85.94000244140625,85.83000183105469,84.66999816894531,EQUITY,GILD"
"2024-10-11 13:30:00,84.16999816894531,84.9800033569336,84.86000061035156,84.94999694824219,EQUITY,GILD"
"2024-10-14 13:30:00,84.33999633789062,85.33999633789062,84.91999816894531,85.05000305175781,EQUITY,GILD"
"2024-10-15 13:30:00,84.80000305175781,86.63999938964844,85.18000030517578,85.81999969482422,EQUITY,GILD"
"2024-10-16 13:30:00,85.83000183105469,86.81999969482422,85.83000183105469,86.75,EQUITY,GILD"
"2024-10-17 13:30:00,86.58999633789062,87.6500015258789,86.91999816894531,87.36000061035156,EQUITY,GILD"
"2024-10-18 13:30:00,86.01000213623047,87.16999816894531,86.79000091552734,86.72000122070312,EQUITY,GILD"
"2024-10-21 13:30:00,85.91999816894531,87.2699966430664,86.63999938964844,86.29000091552734,EQUITY,GILD"
"2024-10-22 13:30:00,85.5999984741211,88.36000061035156,85.68000030517578,88.16000366210938,EQUITY,GILD"
"2024-10-23 13:30:00,87.13999938964844,88.38999938964844,88.1500015258789,87.2300033569336,EQUITY,GILD"
"2024-10-24 13:30:00,87.62000274658203,89.22000122070312,87.72000122070312,88.77999877929688,EQUITY,GILD"
"2024-10-25 13:30:00,88.44999694824219,89.73999786376953,89.44999694824219,89.0,EQUITY,GILD"
"2024-10-28 13:30:00,88.5199966430664,89.41999816894531,89.23999786376953,88.76000213623047,EQUITY,GILD"
"2024-10-29 13:30:00,86.80999755859375,88.5199966430664,88.37999725341797,88.08000183105469,EQUITY,GILD"
"2024-10-30 13:30:00,87.4800033569336,88.37000274658203,87.9000015258789,88.29000091552734,EQUITY,GILD"
"2024-10-31 13:30:00,87.73999786376953,89.27999877929688,87.94000244140625,88.81999969482422,EQUITY,GILD"
"2024-11-01 13:30:00,88.19000244140625,89.56999969482422,88.30999755859375,89.51000213623047,EQUITY,GILD"
"2024-11-04 14:30:00,89.37000274658203,90.70999908447266,89.48999786376953,89.83999633789062,EQUITY,GILD"
"2024-11-05 14:30:00,89.01000213623047,90.38999938964844,89.63999938964844,90.22000122070312,EQUITY,GILD"
"2024-11-06 14:30:00,90.5,91.9800033569336,91.0,91.69000244140625,EQUITY,GILD"
"2024-11-07 14:30:00,93.51000213623047,98.31999969482422,94.0,97.9000015258789,EQUITY,GILD"
"2024-11-08 14:30:00,94.91000366210938,97.31999969482422,96.05000305175781,96.56999969482422,EQUITY,GILD"
"2024-11-11 14:30:00,96.30000305175781,98.9000015258789,96.4000015258789,97.02999877929688,EQUITY,GILD"
"2024-11-12 14:30:00,94.2300033569336,96.83999633789062,96.3499984741211,94.3499984741211,EQUITY,GILD"
"2024-11-13 14:30:00,91.62999725341797,94.20999908447266,94.12999725341797,92.62999725341797,EQUITY,GILD"
"2024-11-14 14:30:00,91.30000305175781,92.66000366210938,92.30999755859375,92.11000061035156,EQUITY,GILD"
"2024-11-15 14:30:00,88.20999908447266,91.98999786376953,91.70999908447266,88.4000015258789,EQUITY,GILD"
"2024-11-18 14:30:00,87.62999725341797,89.04000091552734,88.38999938964844,88.45999908447266,EQUITY,GILD"
"2024-11-19 14:30:00,86.08000183105469,88.5999984741211,87.62999725341797,87.75,EQUITY,GILD"
"2024-11-20 14:30:00,87.7699966430664,89.08000183105469,88.11000061035156,88.62999725341797,EQUITY,GILD"
"2024-11-21 14:30:00,88.06999969482422,89.94000244140625,89.06999969482422,89.76000213623047,EQUITY,GILD"
"2024-11-22 14:30:00,89.2699966430664,90.48999786376953,89.80999755859375,90.19000244140625,EQUITY,GILD"
"2024-11-25 14:30:00,89.5,91.37000274658203,90.75,90.48999786376953,EQUITY,GILD"
"2024-11-26 14:30:00,89.62999725341797,91.68000030517578,90.33999633789062,91.3499984741211,EQUITY,GILD"
"2024-11-27 14:30:00,91.44000244140625,92.9000015258789,91.44000244140625,92.41000366210938,EQUITY,GILD"
"2024-11-29 14:30:00,92.33000183105469,93.16000366210938,92.83999633789062,92.58000183105469,EQUITY,GILD"
"2024-12-02 14:30:00,92.48999786376953,94.36000061035156,92.52999877929688,94.0199966430664,EQUITY,GILD"
"2024-12-03 14:30:00,92.45999908447266,94.38999938964844,93.80999755859375,92.48999786376953,EQUITY,GILD"
"2024-12-04 14:30:00,89.86000061035156,92.5999984741211,92.58999633789062,91.58999633789062,EQUITY,GILD"
"2024-12-05 14:30:00,91.5999984741211,94.2699966430664,91.5999984741211,93.38999938964844,EQUITY,GILD"
"2024-12-06 14:30:00,92.02999877929688,94.22000122070312,93.5,92.12999725341797,EQUITY,GILD"
"2024-12-09 14:30:00,90.5,92.1500015258789,91.86000061035156,90.58999633789062,EQUITY,GILD"
"2024-12-10 14:30:00,90.63999938964844,92.94999694824219,91.3499984741211,92.33999633789062,EQUITY,GILD"
"2024-12-11 14:30:00,91.94000244140625,94.6500015258789,92.4000015258789,92.37999725341797,EQUITY,GILD"
"2024-12-12 14:30:00,91.44000244140625,93.22000122070312,92.45999908447266,92.37999725341797,EQUITY,GILD"
"2024-12-13 14:30:00,89.1500015258789,92.11000061035156,91.66000366210938,91.86000061035156,EQUITY,GILD"
"2024-12-16 14:30:00,91.9000015258789,93.26000213623047,91.95999908447266,92.05000305175781,EQUITY,GILD"
"2024-12-17 14:30:00,91.87999725341797,93.58999633789062,91.87999725341797,92.80000305175781,EQUITY,GILD"
"2024-12-18 14:30:00,90.58999633789062,93.5,92.72000122070312,90.69000244140625,EQUITY,GILD"
"2024-12-19 14:30:00,90.2699966430664,91.4800033569336,90.4000015258789,91.08999633789062,EQUITY,GILD"
"2024-12-20 14:30:00,90.70999908447266,93.29000091552734,90.91999816894531,92.56999969482422,EQUITY,GILD"
"2024-12-23 14:30:00,91.79000091552734,93.5199966430664,92.62000274658203,93.4000015258789,EQUITY,GILD"
"2024-12-24 14:30:00,92.0999984741211,94.05000305175781,93.0,93.94999694824219,EQUITY,GILD"
"2024-12-26 14:30:00,92.9800033569336,94.55000305175781,93.16999816894531,94.41000366210938,EQUITY,GILD"
"2024-12-27 14:30:00,93.43000030517578,94.37999725341797,93.43000030517578,94.11000061035156,EQUITY,GILD"
"2024-12-30 14:30:00,91.72000122070312,94.0,93.93000030517578,92.01000213623047,EQUITY,GILD"
"2024-12-31 14:30:00,91.77999877929688,92.9800033569336,92.58999633789062,92.37000274658203,EQUITY,GILD"
"2025-01-02 14:30:00,91.4000015258789,92.83000183105469,92.62000274658203,91.87999725341797,EQUITY,GILD"
"2025-01-03 14:30:00,91.30999755859375,92.33999633789062,92.19000244140625,91.41000366210938,EQUITY,GILD"
"2025-01-06 14:30:00,90.33000183105469,91.52999877929688,90.75,91.2300033569336,EQUITY,GILD"
"2025-01-07 14:30:00,90.51000213623047,91.51000213623047,90.88999938964844,90.62999725341797,EQUITY,GILD"
"2025-01-08 14:30:00,89.0,90.68000030517578,90.68000030517578,89.13999938964844,EQUITY,GILD"
"2025-01-10 14:30:00,88.56999969482422,91.43000030517578,90.19000244140625,89.87999725341797,EQUITY,GILD"
"2025-01-13 14:30:00,89.0199966430664,90.37000274658203,90.30000305175781,89.94000244140625,EQUITY,GILD"
"2025-01-14 14:30:00,89.83000183105469,91.4800033569336,90.58999633789062,91.0,EQUITY,GILD"
"2025-01-15 14:30:00,91.04000091552734,92.66000366210938,91.3499984741211,92.37999725341797,EQUITY,GILD"
"2025-01-16 14:30:00,90.81999969482422,93.06999969482422,92.26000213623047,91.6500015258789,EQUITY,GILD"
"2025-01-17 14:30:00,91.69000244140625,92.80000305175781,92.01000213623047,91.83999633789062,EQUITY,GILD"
"2025-01-21 14:30:00,92.05999755859375,93.9000015258789,92.05999755859375,92.95999908447266,EQUITY,GILD"
"2025-01-22 14:30:00,91.83999633789062,93.30999755859375,92.62999725341797,93.04000091552734,EQUITY,GILD"
"2025-01-23 14:30:00,92.20999908447266,93.29000091552734,93.02999877929688,92.91999816894531,EQUITY,GILD"
"2025-01-24 14:30:00,92.26000213623047,94.0,92.36000061035156,93.06999969482422,EQUITY,GILD"
"2025-01-27 14:30:00,93.0999984741211,95.83999633789062,93.0999984741211,95.3499984741211,EQUITY,GILD"
"2025-01-28 14:30:00,93.80999755859375,96.69999694824219,95.0,93.8499984741211,EQUITY,GILD"
"2025-01-29 14:30:00,94.08000183105469,95.93000030517578,94.4000015258789,95.58999633789062,EQUITY,GILD"
"2025-01-30 14:30:00,95.44000244140625,96.97000122070312,96.55999755859375,96.94999694824219,EQUITY,GILD"
"2025-01-31 14:30:00,96.43000030517578,98.37000274658203,96.7300033569336,97.19999694824219,EQUITY,GILD"
"2025-02-03 14:30:00,96.73999786376953,99.44999694824219,97.02999877929688,98.37999725341797,EQUITY,GILD"
"2025-02-04 14:30:00,97.05000305175781,98.47000122070312,98.37999725341797,97.98999786376953,EQUITY,GILD"
"2025-02-05 14:30:00,98.01000213623047,100.51000213623047,98.4800033569336,99.6500015258789,EQUITY,GILD"
"2025-02-06 14:30:00,97.8499984741211,99.58999633789062,99.54000091552734,98.04000091552734,EQUITY,GILD"
"2025-02-07 14:30:00,95.9000015258789,98.33000183105469,97.76000213623047,96.04000091552734,EQUITY,GILD"
"2025-02-10 14:30:00,94.55999755859375,96.16999816894531,96.04000091552734,95.4800033569336,EQUITY,GILD"
"2025-02-11 14:30:00,95.02999877929688,96.27999877929688,95.33000183105469,96.13999938964844,EQUITY,GILD"
"2025-02-12 14:30:00,100.83000183105469,104.70999908447266,101.73999786376953,103.30999755859375,EQUITY,GILD"
"2025-02-13 14:30:00,103.81999969482422,106.43000030517578,104.83999633789062,105.95999908447266,EQUITY,GILD"
"2025-02-14 14:30:00,103.91999816894531,106.69000244140625,105.80000305175781,104.08000183105469,EQUITY,GILD"
"2025-02-18 14:30:00,104.0,106.58000183105469,104.25,105.25,EQUITY,GILD"
"2025-02-19 14:30:00,105.19999694824219,107.80999755859375,105.2300033569336,107.6500015258789,EQUITY,GILD"
"2025-02-20 14:30:00,107.43000030517578,110.11000061035156,107.77999877929688,110.02999877929688,EQUITY,GILD"
"2025-02-21 14:30:00,109.7699966430664,111.02999877929688,110.7300033569336,109.94999694824219,EQUITY,GILD"
"2025-02-24 14:30:00,109.44999694824219,111.98999786376953,109.56999969482422,111.02999877929688,EQUITY,GILD"
"2025-02-25 14:30:00,110.0999984741211,112.11000061035156,111.0999984741211,111.52999877929688,EQUITY,GILD"
"2025-02-26 14:30:00,108.4000015258789,111.06999969482422,110.70999908447266,110.45999908447266,EQUITY,GILD"
"2025-02-27 14:30:00,110.05000305175781,112.56999969482422,110.33000183105469,111.98999786376953,EQUITY,GILD"
"2025-02-28 14:30:00,111.80999755859375,114.7699966430664,112.1500015258789,114.30999755859375,EQUITY,GILD"
"2025-03-03 14:30:00,114.68000030517578,117.16000366210938,114.88999938964844,115.98999786376953,EQUITY,GILD"
"2025-03-04 14:30:00,113.58000183105469,117.38999938964844,117.25,114.73999786376953,EQUITY,GILD"
"2025-03-05 14:30:00,114.5,117.20999908447266,114.73999786376953,115.44000244140625,EQUITY,GILD"
"2025-03-06 14:30:00,114.61000061035156,116.30999755859375,115.45999908447266,116.04000091552734,EQUITY,GILD"
"2025-03-07 14:30:00,114.79000091552734,118.41999816894531,115.6500015258789,117.41000366210938,EQUITY,GILD"
"2025-03-10 13:30:00,116.77999877929688,119.95999908447266,117.0,117.20999908447266,EQUITY,GILD"
"2025-03-11 13:30:00,113.91999816894531,116.9800033569336,116.6500015258789,114.43000030517578,EQUITY,GILD"
"2025-03-12 13:30:00,112.81999969482422,114.87000274658203,113.1500015258789,113.98999786376953,EQUITY,GILD"
"2025-03-13 13:30:00,112.69999694824219,115.47000122070312,113.79000091552734,113.3499984741211,EQUITY,GILD"
"2025-03-14 13:30:00,110.9000015258789,113.36000061035156,112.88999938964844,111.44000244140625,EQUITY,GILD"
"2025-03-17 13:30:00,109.45999908447266,112.55999755859375,110.52999877929688,112.26000213623047,EQUITY,GILD"
"2025-03-18 13:30:00,109.83999633789062,112.19999694824219,112.19000244140625,110.2300033569336,EQUITY,GILD"
"2025-03-19 13:30:00,105.80000305175781,109.72000122070312,109.69000244140625,107.51000213623047,EQUITY,GILD"
"2025-03-20 13:30:00,104.69999694824219,106.83000183105469,106.83000183105469,105.87000274658203,EQUITY,GILD"
"2025-03-21 13:30:00,104.91999816894531,107.41999816894531,105.16000366210938,107.08000183105469,EQUITY,GILD"
"2025-03-24 13:30:00,106.0999984741211,107.38999938964844,107.01000213623047,106.73999786376953,EQUITY,GILD"
"2025-03-25 13:30:00,106.30000305175781,107.94999694824219,106.73999786376953,107.88999938964844,EQUITY,GILD"
"2025-03-26 13:30:00,107.9000015258789,110.45999908447266,107.98999786376953,109.2699966430664,EQUITY,GILD"
"2025-03-27 13:30:00,109.73999786376953,111.80999755859375,110.0,111.16000366210938,EQUITY,GILD"
"2025-03-28 13:30:00,109.6500015258789,112.37999725341797,111.1500015258789,111.79000091552734,EQUITY,GILD"
"2025-03-31 13:30:00,109.5999984741211,112.45999908447266,109.66999816894531,112.05000305175781,EQUITY,GILD"
"2025-04-01 13:30:00,110.70999908447266,112.86000061035156,112.0,111.27999877929688,EQUITY,GILD"
"2025-04-02 13:30:00,110.47000122070312,112.0199966430664,111.12999725341797,111.88999938964844,EQUITY,GILD"
"2025-04-03 13:30:00,112.27999877929688,114.75,113.0199966430664,112.38999938964844,EQUITY,GILD"
"2025-04-04 13:30:00,107.12000274658203,112.87000274658203,110.51000213623047,107.25,EQUITY,GILD"
"2025-04-07 13:30:00,103.31999969482422,109.0,104.75,105.5199966430664,EQUITY,GILD"
"2025-04-08 13:30:00,101.80000305175781,107.47000122070312,105.4000015258789,103.19000244140625,EQUITY,GILD"
"2025-04-09 13:30:00,97.31999969482422,107.45999908447266,97.97000122070312,105.25,EQUITY,GILD"
"2025-04-10 13:30:00,99.25,105.0,104.81999969482422,101.4000015258789,EQUITY,GILD"
"2025-04-11 13:30:00,100.76000213623047,104.79000091552734,102.18000030517578,103.62999725341797,EQUITY,GILD"
"2025-04-14 13:30:00,103.9800033569336,107.18000030517578,103.9800033569336,106.5,EQUITY,GILD"
"2025-04-15 13:30:00,104.87000274658203,106.5,106.4000015258789,105.68000030517578,EQUITY,GILD"
"2025-04-16 13:30:00,104.3499984741211,106.4000015258789,105.93000030517578,104.87999725341797,EQUITY,GILD"
"2025-04-17 13:30:00,103.5199966430664,105.75,104.73999786376953,104.54000091552734,EQUITY,GILD"
"2025-04-21 13:30:00,103.08999633789062,105.2300033569336,104.0999984741211,104.33000183105469,EQUITY,GILD"
"2025-04-22 13:30:00,104.77999877929688,106.44000244140625,104.9000015258789,105.51000213623047,EQUITY,GILD"
"2025-04-23 13:30:00,99.31999969482422,106.63999938964844,105.94999694824219,106.37999725341797,EQUITY,GILD"
"2025-04-24 13:30:00,105.73999786376953,107.55999755859375,106.11000061035156,106.1500015258789,EQUITY,GILD"
"2025-04-25 13:30:00,93.37000274658203,104.19999694824219,102.68000030517578,103.16999816894531,EQUITY,GILD"
"2025-04-28 13:30:00,103.13999938964844,106.54000091552734,103.86000061035156,106.33999633789062,EQUITY,GILD"
"2025-04-29 13:30:00,104.11000061035156,107.16999816894531,105.68000030517578,104.20999908447266,EQUITY,GILD"
"2025-04-30 13:30:00,103.80000305175781,106.80999755859375,105.33000183105469,106.54000091552734,EQUITY,GILD"
"2025-05-01 13:30:00,103.16000366210938,105.86000061035156,105.51000213623047,103.25,EQUITY,GILD"
"2025-05-02 13:30:00,102.4800033569336,105.16999816894531,104.87000274658203,103.68000030517578,EQUITY,GILD"
"2025-05-05 13:30:00,102.45999908447266,103.8499984741211,103.72000122070312,102.80999755859375,EQUITY,GILD"
"2025-05-06 13:30:00,97.33000183105469,102.7300033569336,102.33000183105469,97.87999725341797,EQUITY,GILD"
"2025-05-07 13:30:00,97.33000183105469,99.69999694824219,97.87000274658203,98.9000015258789,EQUITY,GILD"
"2025-05-08 13:30:00,95.30000305175781,98.44000244140625,97.25,98.16000366210938,EQUITY,GILD"
"2025-05-09 13:30:00,96.19999694824219,98.6500015258789,98.06999969482422,96.91000366210938,EQUITY,GILD"
"2025-05-12 13:30:00,96.19000244140625,104.66000366210938,96.79000091552734,103.81999969482422,EQUITY,GILD"
"2025-05-13 13:30:00,100.7300033569336,102.83000183105469,102.55999755859375,101.43000030517578,EQUITY,GILD"
"2025-05-14 13:30:00,98.08000183105469,101.7300033569336,100.93000030517578,98.37999725341797,EQUITY,GILD"
"2025-05-15 13:30:00,97.86000061035156,100.62000274658203,99.52999877929688,100.33999633789062,EQUITY,GILD"
"2025-05-16 13:30:00,100.2300033569336,102.55000305175781,100.61000061035156,102.5,EQUITY,GILD"
"2025-05-19 13:30:00,102.83999633789062,106.25,103.0,106.16000366210938,EQUITY,GILD"
"2025-05-20 13:30:00,105.76000213623047,109.26000213623047,105.76000213623047,109.11000061035156,EQUITY,GILD"
"2025-05-21 13:30:00,107.38999938964844,108.7699966430664,108.11000061035156,107.72000122070312,EQUITY,GILD"
"2025-05-22 13:30:00,106.12999725341797,107.94999694824219,107.25,106.73999786376953,EQUITY,GILD"
"2025-05-23 13:30:00,105.58000183105469,107.83999633789062,105.8499984741211,107.37000274658203,EQUITY,GILD"
"2025-05-27 13:30:00,108.04000091552734,109.55000305175781,108.30000305175781,109.08999633789062,EQUITY,GILD"
"2025-05-28 13:30:00,107.2300033569336,109.44999694824219,109.12000274658203,108.44000244140625,EQUITY,GILD"
"2025-05-29 13:30:00,108.12000274658203,111.23999786376953,108.58999633789062,111.11000061035156,EQUITY,GILD"
"2025-05-30 13:30:00,109.58000183105469,111.62000274658203,111.62000274658203,110.08000183105469,EQUITY,GILD"
"2025-06-02 13:30:00,105.69000244140625,110.41000366210938,109.23999786376953,108.91000366210938,EQUITY,GILD"
"2025-06-03 13:30:00,107.6500015258789,109.7699966430664,108.4000015258789,109.33000183105469,EQUITY,GILD"
"2025-06-04 13:30:00,108.88999938964844,111.29000091552734,109.5199966430664,109.0199966430664,EQUITY,GILD"
"2025-06-05 13:30:00,108.30999755859375,112.52999877929688,108.97000122070312,110.45999908447266,EQUITY,GILD"
"2025-06-06 13:30:00,110.7699966430664,112.76000213623047,111.69000244140625,112.45999908447266,EQUITY,GILD"
"2025-06-09 13:30:00,111.7699966430664,113.5199966430664,112.5999984741211,113.0,EQUITY,GILD"
"2025-06-10 13:30:00,109.76000213623047,112.23999786376953,109.88999938964844,110.08999633789062,EQUITY,GILD"
"2025-06-11 13:30:00,109.0199966430664,111.04000091552734,109.81999969482422,109.30000305175781,EQUITY,GILD"
"2025-06-12 13:30:00,108.9000015258789,112.08999633789062,110.58999633789062,112.05000305175781,EQUITY,GILD"
"2025-06-13 13:30:00,109.4800033569336,111.37000274658203,110.51000213623047,109.9800033569336,EQUITY,GILD"
"2025-06-16 13:30:00,108.80000305175781,111.47000122070312,110.16999816894531,110.83000183105469,EQUITY,GILD"
"2025-06-17 13:30:00,107.73999786376953,110.69000244140625,110.29000091552734,108.0,EQUITY,GILD"
"2025-06-18 13:30:00,107.19000244140625,111.77999877929688,108.61000061035156,108.0,EQUITY,GILD"
"2025-06-20 13:30:00,107.30000305175781,110.16000366210938,108.8499984741211,108.5,EQUITY,GILD"
"2025-06-23 13:30:00,105.3499984741211,109.44000244140625,108.81999969482422,106.19000244140625,EQUITY,GILD"
"2025-06-24 13:30:00,106.0,107.5999984741211,106.33000183105469,107.19999694824219,EQUITY,GILD"
"2025-06-25 13:30:00,104.45999908447266,106.91999816894531,106.83999633789062,105.93000030517578,EQUITY,GILD"
"2025-06-26 13:30:00,105.79000091552734,107.86000061035156,106.19000244140625,107.62000274658203,EQUITY,GILD"
"2025-06-27 13:30:00,106.83999633789062,112.0,108.26000213623047,110.66999816894531,EQUITY,GILD"
"2025-06-30 13:30:00,109.87999725341797,111.44000244140625,110.61000061035156,110.87000274658203,EQUITY,GILD"
"2025-07-01 13:30:00,110.80000305175781,112.56999969482422,111.5,111.7300033569336,EQUITY,GILD"
"2025-07-02 13:30:00,111.08999633789062,112.83000183105469,111.79000091552734,111.51000213623047,EQUITY,GILD"
"2025-07-03 13:30:00,110.61000061035156,112.08000183105469,111.55000305175781,111.75,EQUITY,GILD"
"2025-07-07 13:30:00,110.75,112.58000183105469,112.0,111.77999877929688,EQUITY,GILD"
"2025-07-08 13:30:00,110.88999938964844,113.1500015258789,111.76000213623047,111.05999755859375,EQUITY,GILD"
"2025-07-09 13:30:00,111.83000183105469,113.66999816894531,112.43000030517578,113.23999786376953,EQUITY,GILD"
"2025-07-10 13:30:00,112.83000183105469,114.87000274658203,113.06999969482422,114.54000091552734,EQUITY,GILD"
"2025-07-11 13:30:00,109.44999694824219,113.80999755859375,113.54000091552734,109.63999938964844,EQUITY,GILD"
"2025-07-14 13:30:00,109.66000366210938,112.19000244140625,109.66999816894531,112.08999633789062,EQUITY,GILD"
"2025-07-15 13:30:00,108.7300033569336,111.48999786376953,110.94000244140625,109.05999755859375,EQUITY,GILD"
"2025-07-16 13:30:00,108.56999969482422,110.72000122070312,108.58000183105469,109.8499984741211,EQUITY,GILD"
"2025-07-17 13:30:00,108.16000366210938,110.1500015258789,109.20999908447266,108.80000305175781,EQUITY,GILD"
"2025-07-18 13:30:00,108.04000091552734,110.9000015258789,109.8499984741211,108.22000122070312,EQUITY,GILD"
"2025-07-21 13:30:00,107.75,109.37999725341797,108.37999725341797,108.27999877929688,EQUITY,GILD"
"2025-07-22 13:30:00,108.05999755859375,110.97000122070312,108.4000015258789,110.16999816894531,EQUITY,GILD"
"2025-07-23 13:30:00,110.37999725341797,113.88999938964844,110.62000274658203,113.55999755859375,EQUITY,GILD"
"2025-07-24 13:30:00,112.51000213623047,113.69999694824219,113.58000183105469,113.19999694824219,EQUITY,GILD"
"2025-07-25 13:30:00,114.12999725341797,117.5999984741211,114.55999755859375,116.19999694824219,EQUITY,GILD"
"2025-07-28 13:30:00,112.68000030517578,114.75,113.38999938964844,113.02999877929688,EQUITY,GILD"
"2025-07-29 13:30:00,112.30000305175781,114.41000366210938,112.94999694824219,114.2300033569336,EQUITY,GILD"
"2025-07-30 13:30:00,113.52999877929688,115.75,114.2699966430664,114.76000213623047,EQUITY,GILD"
"2025-07-31 13:30:00,111.80000305175781,115.54000091552734,113.86000061035156,112.29000091552734,EQUITY,GILD"
"2025-08-01 13:30:00,111.8499984741211,113.80999755859375,112.26000213623047,113.18000030517578,EQUITY,GILD"
"2025-08-04 13:30:00,113.2300033569336,114.56999969482422,113.44999694824219,114.51000213623047,EQUITY,GILD"
"2025-08-05 13:30:00,112.30999755859375,114.5,113.98999786376953,112.45999908447266,EQUITY,GILD"
"2025-08-06 13:30:00,110.19000244140625,112.25,111.97000122070312,110.27999877929688,EQUITY,GILD"
"2025-08-07 13:30:00,108.54000091552734,110.66999816894531,110.58000183105469,110.27999877929688,EQUITY,GILD"
"2025-08-08 13:30:00,114.80000305175781,121.37999725341797,115.22000122070312,119.41000366210938,EQUITY,GILD"
"2025-08-11 13:30:00,118.16999816894531,120.61000061035156,119.2300033569336,120.47000122070312,EQUITY,GILD"
"2025-08-12 13:30:00,119.26000213623047,121.83000183105469,120.55999755859375,120.0199966430664,EQUITY,GILD"
"2025-08-13 13:30:00,119.5,121.12000274658203,120.55000305175781,120.13999938964844,EQUITY,GILD"
"2025-08-14 13:30:00,118.12000274658203,120.5,119.80000305175781,119.0199966430664,EQUITY,GILD"
"2025-08-15 13:30:00,117.66999816894531,119.0199966430664,118.55000305175781,118.37000274658203,EQUITY,GILD"
"2025-08-18 13:30:00,117.8499984741211,119.37000274658203,118.30999755859375,117.98999786376953,EQUITY,GILD"
"2025-08-19 13:30:00,117.06999969482422,119.52999877929688,118.22000122070312,117.9800033569336,EQUITY,GILD"
"2025-08-20 13:30:00,118.45999908447266,120.88999938964844,118.56999969482422,118.7300033569336,EQUITY,GILD"
"2025-08-21 13:30:00,114.55999755859375,117.94000244140625,115.5,116.13999938964844,EQUITY,GILD"
"2025-08-22 13:30:00,114.5199966430664,118.12999725341797,116.9000015258789,114.7699966430664,EQUITY,GILD"
"2025-08-25 13:30:00,113.80999755859375,115.5,114.91000366210938,114.1500015258789,EQUITY,GILD"
"2025-08-26 13:30:00,113.88999938964844,115.23999786376953,114.3499984741211,114.75,EQUITY,GILD"
"2025-08-27 13:30:00,113.76000213623047,115.22000122070312,114.0199966430664,113.91999816894531,EQUITY,GILD"
"2025-08-28 13:30:00,112.31999969482422,113.8499984741211,113.62999725341797,112.55999755859375,EQUITY,GILD"
"2025-08-29 13:30:00,112.1500015258789,113.23999786376953,112.76000213623047,112.97000122070312,EQUITY,GILD"
"2025-09-02 13:30:00,111.27999877929688,113.30000305175781,112.9000015258789,112.70999908447266,EQUITY,GILD"
"2025-09-03 13:30:00,112.1500015258789,113.4000015258789,112.62999725341797,112.98999786376953,EQUITY,GILD"
"2025-09-04 13:30:00,112.27999877929688,113.83000183105469,113.1500015258789,112.7699966430664,EQUITY,GILD"
"2025-09-05 13:30:00,112.25,115.80999755859375,112.41000366210938,115.05000305175781,EQUITY,GILD"
"2025-09-08 13:30:00,113.81999969482422,116.18000030517578,114.68000030517578,115.87999725341797,EQUITY,GILD"
"2025-09-09 13:30:00,113.87000274658203,116.25,115.87999725341797,115.76000213623047,EQUITY,GILD"
"2025-09-10 13:30:00,114.5,115.8499984741211,115.54000091552734,115.25,EQUITY,GILD"
"2025-09-11 13:30:00,115.22000122070312,118.11000061035156,115.4000015258789,117.86000061035156,EQUITY,GILD"
"2025-09-12 13:30:00,114.18000030517578,117.62999725341797,117.48999786376953,114.55000305175781,EQUITY,GILD"
"2025-09-15 13:30:00,111.33000183105469,113.66999816894531,113.66999816894531,112.54000091552734,EQUITY,GILD"
"2025-09-16 13:30:00,110.1500015258789,114.12999725341797,113.22000122070312,110.86000061035156,EQUITY,GILD"
"2025-09-17 13:30:00,111.20999908447266,112.45999908447266,111.37000274658203,112.26000213623047,EQUITY,GILD"
"2025-09-18 13:30:00,111.26000213623047,113.75,111.4000015258789,113.62000274658203,EQUITY,GILD"
"2025-09-19 13:30:00,113.08999633789062,115.06999969482422,114.30999755859375,114.08999633789062,EQUITY,GILD"
"2025-09-22 13:30:00,112.1500015258789,114.05000305175781,113.44999694824219,112.48999786376953,EQUITY,GILD"
"2025-09-23 13:30:00,111.75,115.56999969482422,111.87999725341797,114.4000015258789,EQUITY,GILD"
"2025-09-24 13:30:00,111.95999908447266,114.56999969482422,114.30000305175781,113.66999816894531,EQUITY,GILD"
"2025-09-25 13:30:00,110.80999755859375,115.25,114.5199966430664,110.98999786376953,EQUITY,GILD"
"2025-09-26 13:30:00,110.69999694824219,112.23999786376953,111.3499984741211,112.0999984741211,EQUITY,GILD"
"2025-09-29 13:30:00,110.81999969482422,112.69999694824219,112.55000305175781,112.62000274658203,EQUITY,GILD"
"2025-09-30 13:30:00,110.91999816894531,114.86000061035156,113.02999877929688,111.0,EQUITY,GILD"
"2025-10-01 13:30:00,110.19999694824219,113.06999969482422,112.0,111.1500015258789,EQUITY,GILD"
"2025-10-02 13:30:00,108.45999908447266,111.69999694824219,110.19999694824219,110.55999755859375,EQUITY,GILD"
"2025-10-03 13:30:00,109.66000366210938,113.58999633789062,110.73999786376953,112.69000244140625,EQUITY,GILD"
"2025-10-06 13:30:00,112.41000366210938,117.0,115.66999816894531,113.58000183105469,EQUITY,GILD"
"2025-10-07 13:30:00,112.81999969482422,116.91000366210938,113.5999984741211,116.77999877929688,EQUITY,GILD"
"2025-10-08 13:30:00,115.76000213623047,118.3499984741211,117.11000061035156,118.25,EQUITY,GILD"
"2025-10-09 13:30:00,116.51000213623047,118.86000061035156,118.75,116.73999786376953,EQUITY,GILD"
"2025-10-10 13:30:00,116.5,119.33000183105469,117.6500015258789,117.18000030517578,EQUITY,GILD"
"2024-09-09 13:30:00,197.3800048828125,202.92999267578125,200.00999450683594,201.80999755859375,EQUITY,GEV"
"2024-09-10 13:30:00,199.13999938964844,203.0,202.74000549316406,202.00999450683594,EQUITY,GEV"
"2024-09-11 13:30:00,201.5,210.1199951171875,204.10000610351562,209.14999389648438,EQUITY,GEV"
"2024-09-12 13:30:00,199.64999389648438,217.08999633789062,200.0,215.27000427246094,EQUITY,GEV"
"2024-09-13 13:30:00,219.00999450683594,228.677001953125,220.64999389648438,225.58999633789062,EQUITY,GEV"
"2024-09-16 13:30:00,225.24000549316406,231.50999450683594,227.8800048828125,229.92999267578125,EQUITY,GEV"
"2024-09-17 13:30:00,233.50999450683594,240.0,237.6699981689453,237.14999389648438,EQUITY,GEV"
"2024-09-18 13:30:00,234.0,241.5189971923828,238.6199951171875,235.6699981689453,EQUITY,GEV"
"2024-09-19 13:30:00,238.11000061035156,245.0,243.30499267578125,244.4499969482422,EQUITY,GEV"
"2024-09-20 13:30:00,242.25,250.8489990234375,243.22999572753906,245.4600067138672,EQUITY,GEV"
"2024-09-23 13:30:00,246.7899932861328,254.8699951171875,247.8249969482422,251.52999877929688,EQUITY,GEV"
"2024-09-24 13:30:00,252.1199951171875,257.5,254.0,255.47999572753906,EQUITY,GEV"
"2024-09-25 13:30:00,252.1699981689453,257.75,257.1000061035156,255.0500030517578,EQUITY,GEV"
"2024-09-26 13:30:00,247.07000732421875,258.6400146484375,257.760009765625,251.22000122070312,EQUITY,GEV"
"2024-09-27 13:30:00,249.5800018310547,254.42999267578125,250.75999450683594,249.86000061035156,EQUITY,GEV"
"2024-09-30 13:30:00,248.9600067138672,255.35000610351562,251.0,254.97999572753906,EQUITY,GEV"
"2024-10-01 13:30:00,251.10000610351562,257.6000061035156,256.0,256.5299987792969,EQUITY,GEV"
"2024-10-02 13:30:00,248.5,257.5299987792969,251.0,252.2899932861328,EQUITY,GEV"
"2024-10-03 13:30:00,250.88999938964844,257.239990234375,253.14999389648438,254.67999267578125,EQUITY,GEV"
"2024-10-04 13:30:00,253.22999572753906,266.4200134277344,257.0,265.5899963378906,EQUITY,GEV"
"2024-10-07 13:30:00,260.5199890136719,265.9800109863281,265.4100036621094,262.5400085449219,EQUITY,GEV"
"2024-10-08 13:30:00,262.25,266.5559997558594,264.0299987792969,264.2699890136719,EQUITY,GEV"
"2024-10-09 13:30:00,262.8800048828125,269.2980041503906,264.5,266.6000061035156,EQUITY,GEV"
"2024-10-10 13:30:00,261.7900085449219,266.54998779296875,264.0,264.6199951171875,EQUITY,GEV"
"2024-10-11 13:30:00,261.04998779296875,270.1099853515625,263.75,266.8900146484375,EQUITY,GEV"
"2024-10-14 13:30:00,265.69000244140625,270.8299865722656,267.260009765625,269.5,EQUITY,GEV"
"2024-10-15 13:30:00,260.04998779296875,270.8699951171875,270.0,266.3599853515625,EQUITY,GEV"
"2024-10-16 13:30:00,267.69000244140625,276.19000244140625,268.8999938964844,274.7699890136719,EQUITY,GEV"
"2024-10-17 13:30:00,271.8900146484375,281.37298583984375,279.239990234375,272.0,EQUITY,GEV"
"2024-10-18 13:30:00,271.3500061035156,275.29998779296875,273.69000244140625,272.7200012207031,EQUITY,GEV"
"2024-10-21 13:30:00,272.2799987792969,277.6000061035156,277.0,276.42999267578125,EQUITY,GEV"
"2024-10-22 13:30:00,270.5450134277344,278.2900085449219,271.0,276.4200134277344,EQUITY,GEV"
"2024-10-23 13:30:00,268.5,282.9700012207031,273.7099914550781,279.8800048828125,EQUITY,GEV"
"2024-10-24 13:30:00,283.0,297.5400085449219,285.80999755859375,297.0,EQUITY,GEV"
"2024-10-25 13:30:00,292.3949890136719,298.80999755859375,295.3900146484375,293.5400085449219,EQUITY,GEV"
"2024-10-28 13:30:00,288.0799865722656,295.94000244140625,295.739990234375,289.2300109863281,EQUITY,GEV"
"2024-10-29 13:30:00,284.1000061035156,298.9599914550781,288.0,298.7699890136719,EQUITY,GEV"
"2024-10-30 13:30:00,294.6700134277344,301.5299987792969,300.0,297.6000061035156,EQUITY,GEV"
"2024-10-31 13:30:00,296.0199890136719,303.7090148925781,300.0,301.6600036621094,EQUITY,GEV"
"2024-11-01 13:30:00,300.5199890136719,311.5799865722656,305.0,301.0899963378906,EQUITY,GEV"
"2024-11-04 14:30:00,292.5400085449219,301.5,298.0,295.4599914550781,EQUITY,GEV"
"2024-11-05 14:30:00,294.8699951171875,316.45001220703125,295.8500061035156,315.7699890136719,EQUITY,GEV"
"2024-11-06 14:30:00,319.0,338.5799865722656,321.1600036621094,336.29998779296875,EQUITY,GEV"
"2024-11-07 14:30:00,332.5,340.4100036621094,339.0,336.7799987792969,EQUITY,GEV"
"2024-11-08 14:30:00,335.75,342.7900085449219,336.5,341.17999267578125,EQUITY,GEV"
"2024-11-11 14:30:00,338.5,349.7900085449219,347.79998779296875,349.44000244140625,EQUITY,GEV"
"2024-11-12 14:30:00,319.1000061035156,349.3999938964844,346.5,323.7099914550781,EQUITY,GEV"
"2024-11-13 14:30:00,330.54998779296875,343.64300537109375,334.4200134277344,333.260009765625,EQUITY,GEV"
"2024-11-14 14:30:00,325.2799987792969,335.1109924316406,333.260009765625,326.0400085449219,EQUITY,GEV"
"2024-11-15 14:30:00,325.1000061035156,339.2359924316406,325.1000061035156,329.760009765625,EQUITY,GEV"
"2024-11-18 14:30:00,322.1600036621094,333.239990234375,326.57000732421875,325.3699951171875,EQUITY,GEV"
"2024-11-19 14:30:00,317.54998779296875,340.3900146484375,320.010009765625,340.0,EQUITY,GEV"
"2024-11-20 14:30:00,337.739990234375,348.0,343.75,342.7699890136719,EQUITY,GEV"
"2024-11-21 14:30:00,339.3800048828125,357.0899963378906,349.8999938964844,339.8500061035156,EQUITY,GEV"
"2024-11-22 14:30:00,334.0,349.70001220703125,339.8500061035156,349.1600036621094,EQUITY,GEV"
"2024-11-25 14:30:00,328.1940002441406,354.989990234375,353.5199890136719,328.9800109863281,EQUITY,GEV"
"2024-11-26 14:30:00,330.614990234375,340.7099914550781,332.2699890136719,338.8900146484375,EQUITY,GEV"
"2024-11-27 14:30:00,329.6300048828125,339.739990234375,339.2300109863281,335.3299865722656,EQUITY,GEV"
"2024-11-29 14:30:00,332.6700134277344,336.6199951171875,334.4599914550781,334.1199951171875,EQUITY,GEV"
"2024-12-02 14:30:00,335.510009765625,346.6700134277344,335.7300109863281,337.5400085449219,EQUITY,GEV"
"2024-12-03 14:30:00,326.6300048828125,339.9599914550781,338.75,331.9200134277344,EQUITY,GEV"
"2024-12-04 14:30:00,333.6300048828125,344.7300109863281,336.4849853515625,343.75,EQUITY,GEV"
"2024-12-05 14:30:00,344.94000244140625,354.69000244140625,346.0199890136719,348.1300048828125,EQUITY,GEV"
"2024-12-06 14:30:00,341.0,349.32000732421875,347.5,346.510009765625,EQUITY,GEV"
"2024-12-09 14:30:00,324.5,345.0,340.3500061035156,335.25,EQUITY,GEV"
"2024-12-10 14:30:00,322.33099365234375,336.5899963378906,334.2099914550781,327.3900146484375,EQUITY,GEV"
"2024-12-11 14:30:00,333.3299865722656,350.5799865722656,333.55999755859375,343.79998779296875,EQUITY,GEV"
"2024-12-12 14:30:00,328.19000244140625,343.0,343.0,329.9100036621094,EQUITY,GEV"
"2024-12-13 14:30:00,329.45001220703125,338.0,334.7799987792969,332.010009765625,EQUITY,GEV"
"2024-12-16 14:30:00,330.8399963378906,340.5,336.05999755859375,337.7099914550781,EQUITY,GEV"
"2024-12-17 14:30:00,323.5,334.0,333.0,328.3399963378906,EQUITY,GEV"
"2024-12-18 14:30:00,314.19000244140625,332.05999755859375,327.5899963378906,317.1199951171875,EQUITY,GEV"
"2024-12-19 14:30:00,322.510009765625,337.4599914550781,324.95001220703125,332.79998779296875,EQUITY,GEV"
"2024-12-20 14:30:00,327.1499938964844,345.6400146484375,328.1300048828125,342.6600036621094,EQUITY,GEV"
"2024-12-23 14:30:00,337.0,346.2799987792969,344.25,344.9200134277344,EQUITY,GEV"
"2024-12-24 14:30:00,343.32000732421875,348.989990234375,347.2200012207031,347.2900085449219,EQUITY,GEV"
"2024-12-26 14:30:00,338.8999938964844,345.79998779296875,345.79998779296875,343.07000732421875,EQUITY,GEV"
"2024-12-27 14:30:00,332.5,340.75,339.95001220703125,333.79998779296875,EQUITY,GEV"
"2024-12-30 14:30:00,323.0,335.6400146484375,324.3399963378906,330.260009765625,EQUITY,GEV"
"2024-12-31 14:30:00,327.5,333.09600830078125,330.92999267578125,328.92999267578125,EQUITY,GEV"
"2025-01-02 14:30:00,328.5199890136719,342.6700134277344,332.7900085449219,338.94000244140625,EQUITY,GEV"
"2025-01-03 14:30:00,331.5,354.9800109863281,331.69000244140625,354.0299987792969,EQUITY,GEV"
"2025-01-06 14:30:00,366.510009765625,376.2950134277344,369.75,371.32000732421875,EQUITY,GEV"
"2025-01-07 14:30:00,357.22601318359375,374.6199951171875,373.260009765625,368.5199890136719,EQUITY,GEV"
"2025-01-08 14:30:00,348.20001220703125,368.7900085449219,362.30999755859375,366.4800109863281,EQUITY,GEV"
"2025-01-10 14:30:00,351.0,367.8299865722656,363.20001220703125,367.1000061035156,EQUITY,GEV"
"2025-01-13 14:30:00,353.010009765625,366.8500061035156,355.3299865722656,366.80999755859375,EQUITY,GEV"
"2025-01-14 14:30:00,373.70001220703125,388.8800048828125,376.32000732421875,382.260009765625,EQUITY,GEV"
"2025-01-15 14:30:00,380.0,392.7699890136719,391.0,387.0299987792969,EQUITY,GEV"
"2025-01-16 14:30:00,387.0299987792969,397.760009765625,394.07000732421875,391.0,EQUITY,GEV"
"2025-01-17 14:30:00,389.5899963378906,404.1300048828125,393.2900085449219,401.4100036621094,EQUITY,GEV"
"2025-01-21 14:30:00,395.2900085449219,417.2099914550781,405.0,416.0,EQUITY,GEV"
"2025-01-22 14:30:00,418.1000061035156,434.1000061035156,430.0,427.1000061035156,EQUITY,GEV"
"2025-01-23 14:30:00,422.6600036621094,447.5,423.6300048828125,437.7099914550781,EQUITY,GEV"
"2025-01-24 14:30:00,416.0,436.92999267578125,436.92999267578125,420.489990234375,EQUITY,GEV"
"2025-01-27 14:30:00,322.29998779296875,353.0,339.6000061035156,330.0,EQUITY,GEV"
"2025-01-28 14:30:00,317.70001220703125,355.510009765625,351.4150085449219,355.1199951171875,EQUITY,GEV"
"2025-01-29 14:30:00,346.260009765625,368.8399963378906,358.29998779296875,353.25,EQUITY,GEV"
"2025-01-30 14:30:00,364.92999267578125,387.6400146484375,365.0,382.94000244140625,EQUITY,GEV"
"2025-01-31 14:30:00,370.55999755859375,387.0799865722656,385.55999755859375,372.8800048828125,EQUITY,GEV"
"2025-02-03 14:30:00,348.95001220703125,367.19500732421875,350.3399963378906,361.7099914550781,EQUITY,GEV"
"2025-02-04 14:30:00,349.56500244140625,366.0799865722656,360.6000061035156,356.5299987792969,EQUITY,GEV"
"2025-02-05 14:30:00,359.6300048828125,369.4750061035156,363.9700012207031,367.92999267578125,EQUITY,GEV"
"2025-02-06 14:30:00,364.5979919433594,380.04998779296875,365.989990234375,374.8299865722656,EQUITY,GEV"
"2025-02-07 14:30:00,375.3900146484375,389.8900146484375,380.67999267578125,377.9700012207031,EQUITY,GEV"
"2025-02-10 14:30:00,372.0,385.70001220703125,379.1499938964844,385.0,EQUITY,GEV"
"2025-02-11 14:30:00,369.3699951171875,383.0799865722656,381.29998779296875,372.8999938964844,EQUITY,GEV"
"2025-02-12 14:30:00,359.7300109863281,378.260009765625,364.760009765625,369.6499938964844,EQUITY,GEV"
"2025-02-13 14:30:00,360.6000061035156,377.20001220703125,376.0,370.30999755859375,EQUITY,GEV"
"2025-02-14 14:30:00,357.0,369.2799987792969,369.2799987792969,367.5899963378906,EQUITY,GEV"
"2025-02-18 14:30:00,363.3500061035156,377.7699890136719,367.9200134277344,373.25,EQUITY,GEV"
"2025-02-19 14:30:00,366.25,376.4800109863281,369.94000244140625,375.20001220703125,EQUITY,GEV"
"2025-02-20 14:30:00,353.1099853515625,383.2900085449219,375.05999755859375,359.67999267578125,EQUITY,GEV"
"2025-02-21 14:30:00,325.4200134277344,359.92999267578125,357.6000061035156,327.8800048828125,EQUITY,GEV"
"2025-02-24 14:30:00,303.44000244140625,329.3869934082031,327.3800048828125,315.9100036621094,EQUITY,GEV"
"2025-02-25 14:30:00,298.0,322.10400390625,307.260009765625,317.69000244140625,EQUITY,GEV"
"2025-02-26 14:30:00,327.8500061035156,342.07000732421875,334.8299865722656,335.239990234375,EQUITY,GEV"
"2025-02-27 14:30:00,322.0,348.510009765625,345.17999267578125,326.2799987792969,EQUITY,GEV"
"2025-02-28 14:30:00,318.67999267578125,336.0,322.3500061035156,335.17999267578125,EQUITY,GEV"
"2025-03-03 14:30:00,308.77301025390625,337.42999267578125,334.70001220703125,315.9800109863281,EQUITY,GEV"
"2025-03-04 14:30:00,294.45001220703125,321.6499938964844,305.79998779296875,313.07000732421875,EQUITY,GEV"
"2025-03-05 14:30:00,311.19000244140625,323.8900146484375,314.54998779296875,316.79998779296875,EQUITY,GEV"
"2025-03-06 14:30:00,288.2799987792969,309.0799865722656,306.67999267578125,293.2099914550781,EQUITY,GEV"
"2025-03-07 14:30:00,279.55999755859375,301.0,293.0,289.29998779296875,EQUITY,GEV"
"2025-03-10 13:30:00,266.4700012207031,281.3699951171875,275.9700012207031,270.1300048828125,EQUITY,GEV"
"2025-03-11 13:30:00,268.510009765625,291.5299987792969,269.989990234375,284.2099914550781,EQUITY,GEV"
"2025-03-12 13:30:00,292.3900146484375,308.0,301.5799865722656,298.67999267578125,EQUITY,GEV"
"2025-03-13 13:30:00,285.3500061035156,303.489990234375,297.0,300.239990234375,EQUITY,GEV"
"2025-03-14 13:30:00,303.0,315.79998779296875,306.45001220703125,313.6300048828125,EQUITY,GEV"
"2025-03-17 13:30:00,311.0,335.2900085449219,312.5,331.9599914550781,EQUITY,GEV"
"2025-03-18 13:30:00,314.56201171875,330.97698974609375,329.0,318.92999267578125,EQUITY,GEV"
"2025-03-19 13:30:00,320.5,343.4200134277344,323.2650146484375,335.79998779296875,EQUITY,GEV"
"2025-03-20 13:30:00,329.2699890136719,342.3399963378906,329.2699890136719,336.8299865722656,EQUITY,GEV"
"2025-03-21 13:30:00,325.1099853515625,335.1520080566406,330.6400146484375,333.8699951171875,EQUITY,GEV"
"2025-03-24 13:30:00,339.1499938964844,349.6199951171875,344.239990234375,343.57000732421875,EQUITY,GEV"
"2025-03-25 13:30:00,333.2099914550781,344.94000244140625,343.8699951171875,336.20001220703125,EQUITY,GEV"
"2025-03-26 13:30:00,314.6600036621094,335.45001220703125,335.45001220703125,317.70001220703125,EQUITY,GEV"
"2025-03-27 13:30:00,302.3299865722656,314.989990234375,310.17999267578125,303.0,EQUITY,GEV"
"2025-03-28 13:30:00,299.1300048828125,308.8800048828125,302.0,302.92999267578125,EQUITY,GEV"
"2025-03-31 13:30:00,288.0,306.0299987792969,291.3500061035156,305.2799987792969,EQUITY,GEV"
"2025-04-01 13:30:00,302.3999938964844,316.42999267578125,307.6000061035156,315.6400146484375,EQUITY,GEV"
"2025-04-02 13:30:00,306.0,335.7850036621094,307.0799865722656,330.79998779296875,EQUITY,GEV"
"2025-04-03 13:30:00,293.4750061035156,315.8699951171875,306.9549865722656,297.6600036621094,EQUITY,GEV"
"2025-04-04 13:30:00,252.25,283.4700012207031,277.1600036621094,271.4800109863281,EQUITY,GEV"
"2025-04-07 13:30:00,253.0760040283203,298.489990234375,257.0199890136719,286.07000732421875,EQUITY,GEV"
"2025-04-08 13:30:00,279.5719909667969,307.05999755859375,303.7699890136719,286.8900146484375,EQUITY,GEV"
"2025-04-09 13:30:00,281.5610046386719,333.29998779296875,283.2099914550781,326.80999755859375,EQUITY,GEV"
"2025-04-10 13:30:00,303.1000061035156,322.239990234375,312.0400085449219,309.95001220703125,EQUITY,GEV"
"2025-04-11 13:30:00,306.0,323.2099914550781,310.0,321.42999267578125,EQUITY,GEV"
"2025-04-14 13:30:00,317.5,334.25,333.3299865722656,322.29998779296875,EQUITY,GEV"
"2025-04-15 13:30:00,323.07000732421875,331.1300048828125,323.3699951171875,328.55999755859375,EQUITY,GEV"
"2025-04-16 13:30:00,316.0,332.30999755859375,318.57000732421875,328.1600036621094,EQUITY,GEV"
"2025-04-17 13:30:00,321.7799987792969,339.989990234375,335.260009765625,323.54998779296875,EQUITY,GEV"
"2025-04-21 13:30:00,306.2099914550781,324.92999267578125,320.0,313.0799865722656,EQUITY,GEV"
"2025-04-22 13:30:00,317.6000061035156,331.2200012207031,319.04998779296875,326.07000732421875,EQUITY,GEV"
"2025-04-23 13:30:00,333.19000244140625,358.8800048828125,354.0400085449219,336.0899963378906,EQUITY,GEV"
"2025-04-24 13:30:00,337.30999755859375,366.6600036621094,342.489990234375,360.489990234375,EQUITY,GEV"
"2025-04-25 13:30:00,356.94000244140625,376.1499938964844,359.80999755859375,372.4200134277344,EQUITY,GEV"
"2025-04-28 13:30:00,361.6300048828125,379.9620056152344,371.0,370.05999755859375,EQUITY,GEV"
"2025-04-29 13:30:00,363.2200012207031,372.0899963378906,369.6199951171875,371.19000244140625,EQUITY,GEV"
"2025-04-30 13:30:00,357.6400146484375,371.510009765625,359.9800109863281,370.82000732421875,EQUITY,GEV"
"2025-05-01 13:30:00,378.4700012207031,387.5199890136719,383.3399963378906,382.2900085449219,EQUITY,GEV"
"2025-05-02 13:30:00,385.54998779296875,403.4200134277344,391.0,396.32000732421875,EQUITY,GEV"
"2025-05-05 13:30:00,390.21099853515625,403.79998779296875,392.0,401.1000061035156,EQUITY,GEV"
"2025-05-06 13:30:00,392.1199951171875,402.6400146484375,394.57000732421875,401.2300109863281,EQUITY,GEV"
"2025-05-07 13:30:00,397.010009765625,407.2900085449219,400.0,406.80999755859375,EQUITY,GEV"
"2025-05-08 13:30:00,393.8599853515625,413.75,410.0,394.0,EQUITY,GEV"
"2025-05-09 13:30:00,387.0299987792969,399.7799987792969,396.25,399.260009765625,EQUITY,GEV"
"2025-05-12 13:30:00,408.82000732421875,418.79998779296875,415.0,416.6300048828125,EQUITY,GEV"
"2025-05-13 13:30:00,420.0,444.0,420.9100036621094,433.3299865722656,EQUITY,GEV"
"2025-05-14 13:30:00,431.82000732421875,440.3399963378906,438.9200134277344,432.8399963378906,EQUITY,GEV"
"2025-05-15 13:30:00,425.3900146484375,432.7900085449219,430.1700134277344,426.9700012207031,EQUITY,GEV"
"2025-05-16 13:30:00,423.1000061035156,431.4630126953125,431.0,428.05999755859375,EQUITY,GEV"
"2025-05-19 13:30:00,421.63800048828125,447.44500732421875,424.5,446.6000061035156,EQUITY,GEV"
"2025-05-20 13:30:00,442.5570068359375,451.364990234375,443.7799987792969,450.0400085449219,EQUITY,GEV"
"2025-05-21 13:30:00,446.5,463.0,447.0,453.0299987792969,EQUITY,GEV"
"2025-05-22 13:30:00,448.45001220703125,464.70001220703125,453.0,458.82000732421875,EQUITY,GEV"
"2025-05-23 13:30:00,458.7900085449219,469.8110046386719,460.010009765625,464.3900146484375,EQUITY,GEV"
"2025-05-27 13:30:00,466.0,476.010009765625,471.6400146484375,471.510009765625,EQUITY,GEV"
"2025-05-28 13:30:00,467.5,487.3999938964844,468.5400085449219,485.010009765625,EQUITY,GEV"
"2025-05-29 13:30:00,462.0,489.1300048828125,487.25,471.1700134277344,EQUITY,GEV"
"2025-05-30 13:30:00,463.3399963378906,473.7900085449219,470.0,472.9800109863281,EQUITY,GEV"
"2025-06-02 13:30:00,472.489990234375,486.2799987792969,475.0,485.1600036621094,EQUITY,GEV"
"2025-06-03 13:30:00,485.0,500.7200012207031,494.0,492.9700012207031,EQUITY,GEV"
"2025-06-04 13:30:00,486.510009765625,499.42999267578125,493.7300109863281,488.1300048828125,EQUITY,GEV"
"2025-06-05 13:30:00,479.5379943847656,493.8699951171875,491.07000732421875,484.30999755859375,EQUITY,GEV"
"2025-06-06 13:30:00,478.0,488.95001220703125,486.7799987792969,485.0,EQUITY,GEV"
"2025-06-09 13:30:00,479.79998779296875,492.30999755859375,492.0,480.0,EQUITY,GEV"
"2025-06-10 13:30:00,458.64599609375,482.69000244140625,482.3599853515625,465.30999755859375,EQUITY,GEV"
"2025-06-11 13:30:00,464.0,484.3299865722656,469.5199890136719,483.4700012207031,EQUITY,GEV"
"2025-06-12 13:30:00,478.1000061035156,489.7099914550781,478.80999755859375,487.6700134277344,EQUITY,GEV"
"2025-06-13 13:30:00,474.2099914550781,484.62799072265625,477.67999267578125,478.45001220703125,EQUITY,GEV"
"2025-06-16 13:30:00,480.0,492.5299987792969,480.0,487.8800048828125,EQUITY,GEV"
"2025-06-17 13:30:00,481.6000061035156,494.0199890136719,486.7699890136719,488.6600036621094,EQUITY,GEV"
"2025-06-18 13:30:00,482.010009765625,491.1300048828125,486.7900085449219,490.19000244140625,EQUITY,GEV"
"2025-06-20 13:30:00,480.54998779296875,496.010009765625,493.5299987792969,486.9599914550781,EQUITY,GEV"
"2025-06-23 13:30:00,479.0400085449219,500.0400085449219,486.6600036621094,499.8800048828125,EQUITY,GEV"
"2025-06-24 13:30:00,496.7300109863281,512.8200073242188,505.9599914550781,510.8399963378906,EQUITY,GEV"
"2025-06-25 13:30:00,502.25,522.969970703125,516.0,502.6700134277344,EQUITY,GEV"
"2025-06-26 13:30:00,498.80999755859375,508.9100036621094,505.0,506.80999755859375,EQUITY,GEV"
"2025-06-27 13:30:00,503.0,532.5900268554688,507.0,519.6599731445312,EQUITY,GEV"
"2025-06-30 13:30:00,516.593994140625,531.3699951171875,524.27001953125,529.1500244140625,EQUITY,GEV"
"2025-07-01 13:30:00,482.20001220703125,528.0,525.1599731445312,506.0,EQUITY,GEV"
"2025-07-02 13:30:00,497.29998779296875,511.5199890136719,502.5799865722656,505.07000732421875,EQUITY,GEV"
"2025-07-03 13:30:00,506.0199890136719,519.7100219726562,511.739990234375,517.0399780273438,EQUITY,GEV"
"2025-07-07 13:30:00,514.0800170898438,531.1900024414062,520.0,530.280029296875,EQUITY,GEV"
"2025-07-08 13:30:00,511.5,537.219970703125,535.0,530.0,EQUITY,GEV"
"2025-07-09 13:30:00,530.0,545.6300048828125,535.5599975585938,535.77001953125,EQUITY,GEV"
"2025-07-10 13:30:00,520.0,542.3699951171875,539.0399780273438,539.3599853515625,EQUITY,GEV"
"2025-07-11 13:30:00,534.6699829101562,546.6500244140625,538.0,539.1599731445312,EQUITY,GEV"
"2025-07-14 13:30:00,540.0,555.85498046875,541.4500122070312,555.0399780273438,EQUITY,GEV"
"2025-07-15 13:30:00,545.489990234375,560.6300048828125,556.8099975585938,559.6099853515625,EQUITY,GEV"
"2025-07-16 13:30:00,552.0,566.52001953125,559.6199951171875,561.1699829101562,EQUITY,GEV"
"2025-07-17 13:30:00,566.219970703125,581.2650146484375,568.6500244140625,570.1699829101562,EQUITY,GEV"
"2025-07-18 13:30:00,567.0,579.0250244140625,570.6099853515625,574.5999755859375,EQUITY,GEV"
"2025-07-21 13:30:00,564.6599731445312,577.625,576.1400146484375,565.9099731445312,EQUITY,GEV"
"2025-07-22 13:30:00,537.155029296875,558.510009765625,558.510009765625,548.989990234375,EQUITY,GEV"
"2025-07-23 13:30:00,585.0,633.719970703125,595.75,629.030029296875,EQUITY,GEV"
"2025-07-24 13:30:00,615.2999877929688,633.0700073242188,632.27001953125,623.969970703125,EQUITY,GEV"
"2025-07-25 13:30:00,626.0,651.219970703125,630.0,644.5900268554688,EQUITY,GEV"
"2025-07-28 13:30:00,631.1599731445312,648.5180053710938,638.260009765625,647.6599731445312,EQUITY,GEV"
"2025-07-29 13:30:00,629.989990234375,655.6500244140625,646.989990234375,632.6699829101562,EQUITY,GEV"
"2025-07-30 13:30:00,635.1699829101562,656.1699829101562,639.9500122070312,655.0,EQUITY,GEV"
"2025-07-31 13:30:00,656.0700073242188,677.2899780273438,660.0,660.2899780273438,EQUITY,GEV"
"2025-08-01 13:30:00,632.4600219726562,664.260009765625,638.1799926757812,656.5,EQUITY,GEV"
"2025-08-04 13:30:00,653.9500122070312,674.969970703125,659.3599853515625,662.77001953125,EQUITY,GEV"
"2025-08-05 13:30:00,643.9600219726562,665.1099853515625,661.239990234375,649.719970703125,EQUITY,GEV"
"2025-08-06 13:30:00,644.0,666.2899780273438,646.6300048828125,664.5499877929688,EQUITY,GEV"
"2025-08-07 13:30:00,638.52001953125,669.3829956054688,665.77001953125,645.8599853515625,EQUITY,GEV"
"2025-08-08 13:30:00,639.1699829101562,656.25,655.22998046875,649.0900268554688,EQUITY,GEV"
"2025-08-11 13:30:00,637.3699951171875,653.4199829101562,641.0,650.760009765625,EQUITY,GEV"
"2025-08-12 13:30:00,651.0,662.8350219726562,652.739990234375,657.4400024414062,EQUITY,GEV"
"2025-08-13 13:30:00,614.22998046875,666.1500244140625,662.3200073242188,634.3099975585938,EQUITY,GEV"
"2025-08-14 13:30:00,620.280029296875,640.280029296875,627.0,625.27001953125,EQUITY,GEV"
"2025-08-15 13:30:00,607.8599853515625,624.030029296875,624.030029296875,621.9099731445312,EQUITY,GEV"
"2025-08-18 13:30:00,614.22998046875,628.5449829101562,621.3800048828125,625.02001953125,EQUITY,GEV"
"2025-08-19 13:30:00,595.1900024414062,620.97998046875,620.5499877929688,603.1300048828125,EQUITY,GEV"
"2025-08-20 13:30:00,581.22998046875,607.77001953125,592.6099853515625,604.5900268554688,EQUITY,GEV"
"2025-08-21 13:30:00,605.3099975585938,620.0,607.02001953125,606.0,EQUITY,GEV"
"2025-08-22 13:30:00,602.5,623.97998046875,607.969970703125,607.0700073242188,EQUITY,GEV"
"2025-08-25 13:30:00,597.0339965820312,614.4710083007812,608.8300170898438,602.3099975585938,EQUITY,GEV"
"2025-08-26 13:30:00,603.0419921875,628.5800170898438,603.8499755859375,625.9099731445312,EQUITY,GEV"
"2025-08-27 13:30:00,618.0,629.9349975585938,625.219970703125,622.3900146484375,EQUITY,GEV"
"2025-08-28 13:30:00,626.780029296875,646.9500122070312,626.780029296875,633.6900024414062,EQUITY,GEV"
"2025-08-29 13:30:00,609.3400268554688,635.0,631.8599853515625,612.969970703125,EQUITY,GEV"
"2025-09-02 13:30:00,567.8599853515625,594.0,590.5499877929688,579.6799926757812,EQUITY,GEV"
"2025-09-03 13:30:00,565.4299926757812,586.2849731445312,586.2849731445312,577.0399780273438,EQUITY,GEV"
"2025-09-04 13:30:00,580.0599975585938,600.3699951171875,580.8099975585938,598.8099975585938,EQUITY,GEV"
"2025-09-05 13:30:00,565.5,604.5,599.9600219726562,582.0800170898438,EQUITY,GEV"
"2025-09-08 13:30:00,584.9400024414062,606.0,594.4099731445312,600.22998046875,EQUITY,GEV"
"2025-09-09 13:30:00,594.77001953125,607.6900024414062,606.3499755859375,605.7000122070312,EQUITY,GEV"
"2025-09-10 13:30:00,623.0,645.1900024414062,625.0,643.5599975585938,EQUITY,GEV"
"2025-09-11 13:30:00,620.0999755859375,653.5,648.75,634.1500244140625,EQUITY,GEV"
"2025-09-12 13:30:00,624.1500244140625,646.8800048828125,632.1199951171875,625.5499877929688,EQUITY,GEV"
"2025-09-15 13:30:00,624.0999755859375,639.8900146484375,630.1500244140625,628.6799926757812,EQUITY,GEV"
"2025-09-16 13:30:00,608.72998046875,633.52001953125,629.5,617.9099731445312,EQUITY,GEV"
"2025-09-17 13:30:00,601.1199951171875,619.114013671875,616.4000244140625,614.7899780273438,EQUITY,GEV"
"2025-09-18 13:30:00,611.0,627.0999755859375,622.9600219726562,611.0,EQUITY,GEV"
"2025-09-19 13:30:00,596.5059814453125,625.6599731445312,611.6900024414062,624.1699829101562,EQUITY,GEV"
"2025-09-22 13:30:00,620.1099853515625,648.5,620.1099853515625,644.3699951171875,EQUITY,GEV"
"2025-09-23 13:30:00,622.2000122070312,644.7210083007812,644.6799926757812,633.4099731445312,EQUITY,GEV"
"2025-09-24 13:30:00,624.1900024414062,642.0,640.0,628.969970703125,EQUITY,GEV"
"2025-09-25 13:30:00,593.3800048828125,619.7470092773438,614.905029296875,607.52001953125,EQUITY,GEV"
"2025-09-26 13:30:00,598.1099853515625,615.1400146484375,610.0,605.1699829101562,EQUITY,GEV"
"2025-09-29 13:30:00,596.3800048828125,616.4400024414062,612.4500122070312,602.4299926757812,EQUITY,GEV"
"2025-09-30 13:30:00,603.2990112304688,614.9400024414062,604.8800048828125,614.9000244140625,EQUITY,GEV"
"2025-10-01 13:30:00,595.0,610.6599731445312,599.6400146484375,606.1500244140625,EQUITY,GEV"
"2025-10-02 13:30:00,603.614990234375,622.5,611.1099853515625,606.22998046875,EQUITY,GEV"
"2025-10-03 13:30:00,588.0,611.75,610.2899780273438,594.989990234375,EQUITY,GEV"
"2025-10-06 13:30:00,593.7000122070312,608.5900268554688,606.0,603.219970703125,EQUITY,GEV"
"2025-10-07 13:30:00,592.0,609.3900146484375,603.155029296875,606.1199951171875,EQUITY,GEV"
"2025-10-08 13:30:00,599.0,626.4409790039062,613.0,625.4500122070312,EQUITY,GEV"
"2025-10-09 13:30:00,621.1110229492188,637.1500244140625,629.0,634.27001953125,EQUITY,GEV"
"2025-10-10 13:30:00,602.594970703125,634.27001953125,630.0,604.5599975585938,EQUITY,GEV"
"2024-09-09 13:30:00,32.470001220703125,34.70000076293945,32.70000076293945,34.599998474121094,EQUITY,PLTR"
"2024-09-10 13:30:00,33.709999084472656,35.20000076293945,34.810001373291016,34.7599983215332,EQUITY,PLTR"
"2024-09-11 13:30:00,33.619998931884766,34.869998931884766,34.0099983215332,34.849998474121094,EQUITY,PLTR"
"2024-09-12 13:30:00,34.53099822998047,35.400001525878906,34.86000061035156,34.90999984741211,EQUITY,PLTR"
"2024-09-13 13:30:00,34.88999938964844,36.0099983215332,34.970001220703125,35.59000015258789,EQUITY,PLTR"
"2024-09-16 13:30:00,35.560001373291016,36.91999816894531,35.779998779296875,36.310001373291016,EQUITY,PLTR"
"2024-09-17 13:30:00,35.869998931884766,37.04999923706055,37.0,36.45000076293945,EQUITY,PLTR"
"2024-09-18 13:30:00,35.87099838256836,37.11000061035156,35.900001525878906,36.380001068115234,EQUITY,PLTR"
"2024-09-19 13:30:00,36.20000076293945,37.349998474121094,37.0,36.83000183105469,EQUITY,PLTR"
"2024-09-20 13:30:00,35.709999084472656,37.290000915527344,36.0099983215332,37.20000076293945,EQUITY,PLTR"
"2024-09-23 13:30:00,36.56999969482422,38.189998626708984,36.86000061035156,37.95000076293945,EQUITY,PLTR"
"2024-09-24 13:30:00,36.43000030517578,37.97999954223633,37.970001220703125,36.900001525878906,EQUITY,PLTR"
"2024-09-25 13:30:00,36.382999420166016,37.18000030517578,36.88999938964844,37.119998931884766,EQUITY,PLTR"
"2024-09-26 13:30:00,36.599998474121094,37.439998626708984,37.2599983215332,37.099998474121094,EQUITY,PLTR"
"2024-09-27 13:30:00,36.59000015258789,37.470001220703125,36.90999984741211,36.84000015258789,EQUITY,PLTR"
"2024-09-30 13:30:00,36.150001525878906,37.31999969482422,36.58000183105469,37.20000076293945,EQUITY,PLTR"
"2024-10-01 13:30:00,36.04999923706055,37.560001373291016,37.209999084472656,36.459999084472656,EQUITY,PLTR"
"2024-10-02 13:30:00,36.14500045776367,37.68000030517578,36.29999923706055,37.4900016784668,EQUITY,PLTR"
"2024-10-03 13:30:00,37.369998931884766,39.290000915527344,37.45000076293945,39.2400016784668,EQUITY,PLTR"
"2024-10-04 13:30:00,39.400001525878906,40.290000915527344,39.650001525878906,40.0099983215332,EQUITY,PLTR"
"2024-10-07 13:30:00,38.775001525878906,40.150001525878906,39.900001525878906,38.88999938964844,EQUITY,PLTR"
"2024-10-08 13:30:00,39.01499938964844,41.4900016784668,39.290000915527344,41.45000076293945,EQUITY,PLTR"
"2024-10-09 13:30:00,41.209999084472656,43.34000015258789,41.54999923706055,43.130001068115234,EQUITY,PLTR"
"2024-10-10 13:30:00,42.40999984741211,43.87799835205078,42.91999816894531,43.52000045776367,EQUITY,PLTR"
"2024-10-11 13:30:00,42.619998931884766,44.380001068115234,43.400001525878906,43.5099983215332,EQUITY,PLTR"
"2024-10-14 13:30:00,43.279998779296875,44.38999938964844,43.720001220703125,43.400001525878906,EQUITY,PLTR"
"2024-10-15 13:30:00,41.51499938964844,43.68000030517578,43.474998474121094,42.43000030517578,EQUITY,PLTR"
"2024-10-16 13:30:00,40.36000061035156,42.4900016784668,42.400001525878906,41.93000030517578,EQUITY,PLTR"
"2024-10-17 13:30:00,41.61000061035156,42.70000076293945,42.150001525878906,42.0,EQUITY,PLTR"
"2024-10-18 13:30:00,41.650001525878906,42.9900016784668,42.01499938964844,42.970001220703125,EQUITY,PLTR"
"2024-10-21 13:30:00,42.40999984741211,43.400001525878906,42.86000061035156,42.70000076293945,EQUITY,PLTR"
"2024-10-22 13:30:00,42.29999923706055,43.4900016784668,42.689998626708984,42.939998626708984,EQUITY,PLTR"
"2024-10-23 13:30:00,42.05500030517578,43.68000030517578,42.849998474121094,42.59000015258789,EQUITY,PLTR"
"2024-10-24 13:30:00,42.65999984741211,43.72999954223633,42.88999938964844,43.560001373291016,EQUITY,PLTR"
"2024-10-25 13:30:00,43.64500045776367,45.06999969482422,43.849998474121094,44.86000061035156,EQUITY,PLTR"
"2024-10-28 13:30:00,44.68000030517578,45.13999938964844,45.04999923706055,44.970001220703125,EQUITY,PLTR"
"2024-10-29 13:30:00,44.040000915527344,45.06999969482422,44.900001525878906,44.93000030517578,EQUITY,PLTR"
"2024-10-30 13:30:00,43.61000061035156,44.79999923706055,44.58000183105469,43.689998626708984,EQUITY,PLTR"
"2024-10-31 13:30:00,40.900001525878906,43.31999969482422,42.790000915527344,41.560001373291016,EQUITY,PLTR"
"2024-11-01 13:30:00,41.59000015258789,42.56999969482422,41.93000030517578,41.91999816894531,EQUITY,PLTR"
"2024-11-04 14:30:00,41.03200149536133,42.040000915527344,41.08000183105469,41.40999984741211,EQUITY,PLTR"
"2024-11-05 14:30:00,46.86000061035156,51.57500076293945,47.86000061035156,51.130001068115234,EQUITY,PLTR"
"2024-11-06 14:30:00,51.61000061035156,55.689998626708984,53.439998626708984,55.529998779296875,EQUITY,PLTR"
"2024-11-07 14:30:00,53.54999923706055,56.470001220703125,55.81999969482422,55.880001068115234,EQUITY,PLTR"
"2024-11-08 14:30:00,55.29999923706055,58.47999954223633,55.56999969482422,58.38999938964844,EQUITY,PLTR"
"2024-11-11 14:30:00,58.689998626708984,62.08000183105469,60.132999420166016,60.2400016784668,EQUITY,PLTR"
"2024-11-12 14:30:00,58.56999969482422,60.09000015258789,59.0099983215332,59.849998474121094,EQUITY,PLTR"
"2024-11-13 14:30:00,59.849998474121094,63.38999938964844,61.52000045776367,60.70000076293945,EQUITY,PLTR"
"2024-11-14 14:30:00,58.529998779296875,61.16999816894531,61.04999923706055,59.18000030517578,EQUITY,PLTR"
"2024-11-15 14:30:00,60.90999984741211,66.0,61.0099983215332,65.7699966430664,EQUITY,PLTR"
"2024-11-18 14:30:00,58.849998474121094,64.91999816894531,64.91999816894531,61.2599983215332,EQUITY,PLTR"
"2024-11-19 14:30:00,59.26499938964844,63.0099983215332,59.5099983215332,62.97999954223633,EQUITY,PLTR"
"2024-11-20 14:30:00,59.959999084472656,63.08000183105469,62.59000015258789,62.119998931884766,EQUITY,PLTR"
"2024-11-21 14:30:00,60.89500045776367,63.400001525878906,62.040000915527344,61.36000061035156,EQUITY,PLTR"
"2024-11-22 14:30:00,61.369998931884766,64.44000244140625,61.599998474121094,64.3499984741211,EQUITY,PLTR"
"2024-11-25 14:30:00,64.08000183105469,67.87999725341797,66.9000015258789,64.6500015258789,EQUITY,PLTR"
"2024-11-26 14:30:00,63.88999938964844,65.8499984741211,64.56999969482422,65.73999786376953,EQUITY,PLTR"
"2024-11-27 14:30:00,64.23999786376953,67.55999755859375,66.23999786376953,66.05000305175781,EQUITY,PLTR"
"2024-11-29 14:30:00,65.47000122070312,67.16000366210938,65.88999938964844,67.08000183105469,EQUITY,PLTR"
"2024-12-02 14:30:00,65.95999908447266,67.87999725341797,67.44000244140625,66.38999938964844,EQUITY,PLTR"
"2024-12-03 14:30:00,66.1500015258789,71.37000274658203,66.41000366210938,70.95999908447266,EQUITY,PLTR"
"2024-12-04 14:30:00,67.27999877929688,71.18000030517578,71.12999725341797,69.8499984741211,EQUITY,PLTR"
"2024-12-05 14:30:00,69.88999938964844,72.9800033569336,70.11000061035156,71.87000274658203,EQUITY,PLTR"
"2024-12-06 14:30:00,72.27999877929688,76.81999969482422,72.94999694824219,76.33999633789062,EQUITY,PLTR"
"2024-12-09 14:30:00,71.05000305175781,80.91000366210938,80.58000183105469,72.45999908447266,EQUITY,PLTR"
"2024-12-10 14:30:00,70.7300033569336,75.55999755859375,71.98999786376953,70.88999938964844,EQUITY,PLTR"
"2024-12-11 14:30:00,68.06999969482422,73.0,72.9800033569336,72.51000213623047,EQUITY,PLTR"
"2024-12-12 14:30:00,71.9000015258789,75.37999725341797,72.30000305175781,73.19999694824219,EQUITY,PLTR"
"2024-12-13 14:30:00,72.44999694824219,76.0999984741211,73.48999786376953,76.06999969482422,EQUITY,PLTR"
"2024-12-16 14:30:00,71.16000366210938,77.81999969482422,75.05999755859375,75.75,EQUITY,PLTR"
"2024-12-17 14:30:00,71.69999694824219,75.31999969482422,73.27999877929688,74.38999938964844,EQUITY,PLTR"
"2024-12-18 14:30:00,70.2699966430664,77.5999984741211,74.30000305175781,71.51000213623047,EQUITY,PLTR"
"2024-12-19 14:30:00,73.37000274658203,76.58999633789062,73.98999786376953,74.20999908447266,EQUITY,PLTR"
"2024-12-20 14:30:00,71.5,80.66000366210938,72.63999938964844,80.55000305175781,EQUITY,PLTR"
"2024-12-23 14:30:00,77.41000366210938,82.0199966430664,80.6500015258789,80.69000244140625,EQUITY,PLTR"
"2024-12-24 14:30:00,81.0,84.7969970703125,81.08999633789062,82.37999725341797,EQUITY,PLTR"
"2024-12-26 14:30:00,81.30000305175781,83.48999786376953,83.16000366210938,82.13999938964844,EQUITY,PLTR"
"2024-12-27 14:30:00,77.93000030517578,82.0,81.41999816894531,79.08000183105469,EQUITY,PLTR"
"2024-12-30 14:30:00,76.11000061035156,79.23999786376953,77.04000091552734,77.18000030517578,EQUITY,PLTR"
"2024-12-31 14:30:00,73.6500015258789,77.9800033569336,77.58000183105469,75.62999725341797,EQUITY,PLTR"
"2025-01-02 14:30:00,72.41999816894531,76.52999877929688,76.19999694824219,75.19000244140625,EQUITY,PLTR"
"2025-01-03 14:30:00,75.19000244140625,79.9800033569336,75.38999938964844,79.88999938964844,EQUITY,PLTR"
"2025-01-06 14:30:00,74.61000061035156,80.05999755859375,78.69000244140625,75.91999816894531,EQUITY,PLTR"
"2025-01-07 14:30:00,69.75,75.38999938964844,75.19999694824219,69.98999786376953,EQUITY,PLTR"
"2025-01-08 14:30:00,66.51000213623047,69.52999877929688,68.12000274658203,68.2300033569336,EQUITY,PLTR"
"2025-01-10 14:30:00,65.04000091552734,68.19999694824219,66.01000213623047,67.26000213623047,EQUITY,PLTR"
"2025-01-13 14:30:00,63.400001525878906,65.68000030517578,64.29000091552734,64.9800033569336,EQUITY,PLTR"
"2025-01-14 14:30:00,65.19000244140625,68.2300033569336,67.18000030517578,65.91000366210938,EQUITY,PLTR"
"2025-01-15 14:30:00,67.08000183105469,68.8499984741211,68.55000305175781,68.13999938964844,EQUITY,PLTR"
"2025-01-16 14:30:00,68.36000061035156,71.43000030517578,69.08000183105469,69.23999786376953,EQUITY,PLTR"
"2025-01-17 14:30:00,69.94999694824219,72.33999633789062,70.9000015258789,71.7699966430664,EQUITY,PLTR"
"2025-01-21 14:30:00,70.60099792480469,73.63600158691406,73.23999786376953,73.06999969482422,EQUITY,PLTR"
"2025-01-22 14:30:00,73.80000305175781,77.16000366210938,74.5,76.87000274658203,EQUITY,PLTR"
"2025-01-23 14:30:00,75.83999633789062,79.0,76.04000091552734,78.9800033569336,EQUITY,PLTR"
"2025-01-24 14:30:00,78.44000244140625,82.23999786376953,79.05000305175781,78.9800033569336,EQUITY,PLTR"
"2025-01-27 14:30:00,72.66999816894531,76.72000122070312,74.06999969482422,75.44000244140625,EQUITY,PLTR"
"2025-01-28 14:30:00,74.04000091552734,80.73999786376953,75.54000091552734,80.2300033569336,EQUITY,PLTR"
"2025-01-29 14:30:00,77.80999755859375,80.81999969482422,79.94999694824219,79.76000213623047,EQUITY,PLTR"
"2025-01-30 14:30:00,79.37999725341797,81.83000183105469,80.0199966430664,81.22000122070312,EQUITY,PLTR"
"2025-01-31 14:30:00,80.87000274658203,85.22000122070312,81.0,82.48999786376953,EQUITY,PLTR"
"2025-02-03 14:30:00,78.47000122070312,84.25,80.125,83.73999786376953,EQUITY,PLTR"
"2025-02-04 14:30:00,100.51000213623047,106.91000366210938,102.80000305175781,103.83000183105469,EQUITY,PLTR"
"2025-02-05 14:30:00,99.31999969482422,103.56999969482422,101.77999877929688,101.36000061035156,EQUITY,PLTR"
"2025-02-06 14:30:00,100.26000213623047,111.54499816894531,101.08999633789062,111.27999877929688,EQUITY,PLTR"
"2025-02-07 14:30:00,110.44999694824219,116.30000305175781,111.66000366210938,110.8499984741211,EQUITY,PLTR"
"2025-02-10 14:30:00,108.72000122070312,116.76000213623047,112.02999877929688,116.6500015258789,EQUITY,PLTR"
"2025-02-11 14:30:00,112.0999984741211,118.66000366210938,116.5,112.62000274658203,EQUITY,PLTR"
"2025-02-12 14:30:00,110.0,117.58999633789062,110.29000091552734,117.38999938964844,EQUITY,PLTR"
"2025-02-13 14:30:00,115.1500015258789,118.38999938964844,117.30999755859375,117.91000366210938,EQUITY,PLTR"
"2025-02-14 14:30:00,116.80000305175781,120.66999816894531,117.9000015258789,119.16000366210938,EQUITY,PLTR"
"2025-02-18 14:30:00,118.43000030517578,125.0,120.94000244140625,124.62000274658203,EQUITY,PLTR"
"2025-02-19 14:30:00,108.55999755859375,125.41000366210938,123.86000061035156,112.05999755859375,EQUITY,PLTR"
"2025-02-20 14:30:00,95.80000305175781,107.4000015258789,102.91000366210938,106.2699966430664,EQUITY,PLTR"
"2025-02-21 14:30:00,100.0,109.06999969482422,107.68000030517578,101.3499984741211,EQUITY,PLTR"
"2025-02-24 14:30:00,89.30000305175781,99.01000213623047,95.87999725341797,90.68000030517578,EQUITY,PLTR"
"2025-02-25 14:30:00,85.25,91.69999694824219,90.6500015258789,87.83999633789062,EQUITY,PLTR"
"2025-02-26 14:30:00,87.58999633789062,91.69000244140625,89.16000366210938,89.30999755859375,EQUITY,PLTR"
"2025-02-27 14:30:00,84.16999816894531,93.62000274658203,91.91000366210938,84.7699966430664,EQUITY,PLTR"
"2025-02-28 14:30:00,78.58000183105469,85.18000030517578,79.9800033569336,84.91999816894531,EQUITY,PLTR"
"2025-03-03 14:30:00,82.52999877929688,90.4800033569336,88.55000305175781,83.41999816894531,EQUITY,PLTR"
"2025-03-04 14:30:00,79.30000305175781,88.5,80.16000366210938,84.4000015258789,EQUITY,PLTR"
"2025-03-05 14:30:00,82.5,90.30000305175781,86.3499984741211,90.12999725341797,EQUITY,PLTR"
"2025-03-06 14:30:00,80.01000213623047,88.33999633789062,87.50499725341797,80.45999908447266,EQUITY,PLTR"
"2025-03-07 14:30:00,79.1500015258789,85.16000366210938,80.0250015258789,84.91000366210938,EQUITY,PLTR"
"2025-03-10 13:30:00,74.56999969482422,82.69000244140625,82.0,76.37999725341797,EQUITY,PLTR"
"2025-03-11 13:30:00,75.52999877929688,80.74500274658203,75.78500366210938,78.05000305175781,EQUITY,PLTR"
"2025-03-12 13:30:00,79.86000061035156,84.55000305175781,83.4800033569336,83.6500015258789,EQUITY,PLTR"
"2025-03-13 13:30:00,78.31999969482422,83.73999786376953,82.84500122070312,79.62000274658203,EQUITY,PLTR"
"2025-03-14 13:30:00,82.16000366210938,87.2699966430664,82.97000122070312,86.23999786376953,EQUITY,PLTR"
"2025-03-17 13:30:00,84.5,88.81999969482422,88.44000244140625,87.3499984741211,EQUITY,PLTR"
"2025-03-18 13:30:00,81.80000305175781,86.16999816894531,85.77999877929688,83.88999938964844,EQUITY,PLTR"
"2025-03-19 13:30:00,82.86000061035156,87.98999786376953,84.55000305175781,86.0999984741211,EQUITY,PLTR"
"2025-03-20 13:30:00,85.12000274658203,89.80000305175781,85.54000091552734,87.38999938964844,EQUITY,PLTR"
"2025-03-21 13:30:00,84.45999908447266,91.06999969482422,85.8499984741211,90.95999908447266,EQUITY,PLTR"
"2025-03-24 13:30:00,92.27999877929688,97.38999938964844,93.4000015258789,96.75,EQUITY,PLTR"
"2025-03-25 13:30:00,95.08000183105469,98.16999816894531,97.22000122070312,96.5,EQUITY,PLTR"
"2025-03-26 13:30:00,90.81999969482422,97.30000305175781,96.29000091552734,92.27999877929688,EQUITY,PLTR"
"2025-03-27 13:30:00,89.66999816894531,93.6500015258789,91.01499938964844,90.08999633789062,EQUITY,PLTR"
"2025-03-28 13:30:00,84.0999984741211,89.37999725341797,89.33999633789062,85.8499984741211,EQUITY,PLTR"
"2025-03-31 13:30:00,78.75,84.6500015258789,80.0,84.4000015258789,EQUITY,PLTR"
"2025-04-01 13:30:00,81.81999969482422,85.27999877929688,83.88999938964844,84.68000030517578,EQUITY,PLTR"
"2025-04-02 13:30:00,82.30000305175781,88.40499877929688,82.4000015258789,87.44999694824219,EQUITY,PLTR"
"2025-04-03 13:30:00,81.01000213623047,85.68000030517578,81.25,83.5999984741211,EQUITY,PLTR"
"2025-04-04 13:30:00,71.93000030517578,80.9800033569336,80.06999969482422,74.01000213623047,EQUITY,PLTR"
"2025-04-07 13:30:00,66.12000274658203,81.80000305175781,66.6500015258789,77.83999633789062,EQUITY,PLTR"
"2025-04-08 13:30:00,75.22000122070312,86.11399841308594,83.29000091552734,77.31999969482422,EQUITY,PLTR"
"2025-04-09 13:30:00,77.2699966430664,93.33000183105469,78.19000244140625,92.01000213623047,EQUITY,PLTR"
"2025-04-10 13:30:00,84.13999938964844,90.77999877929688,88.4000015258789,88.58999633789062,EQUITY,PLTR"
"2025-04-11 13:30:00,85.47000122070312,89.55000305175781,87.9800033569336,88.55000305175781,EQUITY,PLTR"
"2025-04-14 13:30:00,91.45999908447266,97.33000183105469,95.80000305175781,92.62000274658203,EQUITY,PLTR"
"2025-04-15 13:30:00,93.05000305175781,98.98999786376953,93.52999877929688,98.4000015258789,EQUITY,PLTR"
"2025-04-16 13:30:00,89.62000274658203,97.30000305175781,96.27999877929688,92.70999908447266,EQUITY,PLTR"
"2025-04-17 13:30:00,92.2699966430664,95.11000061035156,94.70999908447266,93.77999877929688,EQUITY,PLTR"
"2025-04-21 13:30:00,89.30999755859375,96.4749984741211,92.83999633789062,90.80000305175781,EQUITY,PLTR"
"2025-04-22 13:30:00,91.3499984741211,96.33999633789062,93.01499938964844,93.98999786376953,EQUITY,PLTR"
"2025-04-23 13:30:00,97.83000183105469,103.76000213623047,98.86000061035156,100.81999969482422,EQUITY,PLTR"
"2025-04-24 13:30:00,100.91000366210938,108.0,101.52999877929688,107.77999877929688,EQUITY,PLTR"
"2025-04-25 13:30:00,106.55000305175781,112.87999725341797,108.05000305175781,112.77999877929688,EQUITY,PLTR"
"2025-04-28 13:30:00,108.87000274658203,114.86000061035156,113.77999877929688,114.6500015258789,EQUITY,PLTR"
"2025-04-29 13:30:00,113.23999786376953,117.2300033569336,113.9800033569336,116.08000183105469,EQUITY,PLTR"
"2025-04-30 13:30:00,110.54000091552734,118.77999877929688,111.61000061035156,118.44000244140625,EQUITY,PLTR"
"2025-05-01 13:30:00,116.0,120.19000244140625,120.04000091552734,116.19999694824219,EQUITY,PLTR"
"2025-05-02 13:30:00,118.62999725341797,124.41999816894531,118.66000366210938,124.27999877929688,EQUITY,PLTR"
"2025-05-05 13:30:00,121.36000061035156,125.25499725341797,123.69999694824219,123.7699966430664,EQUITY,PLTR"
"2025-05-06 13:30:00,105.31999969482422,113.91000366210938,112.70999908447266,108.86000061035156,EQUITY,PLTR"
"2025-05-07 13:30:00,107.0,111.8499984741211,107.97000122070312,110.4800033569336,EQUITY,PLTR"
"2025-05-08 13:30:00,112.06999969482422,120.37999725341797,112.27999877929688,119.1500015258789,EQUITY,PLTR"
"2025-05-09 13:30:00,114.9000015258789,119.16000366210938,118.97000122070312,117.30000305175781,EQUITY,PLTR"
"2025-05-12 13:30:00,115.01000213623047,120.93499755859375,120.77999877929688,118.45999908447266,EQUITY,PLTR"
"2025-05-13 13:30:00,119.30999755859375,130.60000610351562,119.91999816894531,128.10000610351562,EQUITY,PLTR"
"2025-05-14 13:30:00,127.55899810791016,133.49000549316406,129.00999450683594,130.17999267578125,EQUITY,PLTR"
"2025-05-15 13:30:00,125.73999786376953,130.1999969482422,128.3699951171875,128.1199951171875,EQUITY,PLTR"
"2025-05-16 13:30:00,126.76000213623047,130.3300018310547,129.22999572753906,129.52000427246094,EQUITY,PLTR"
"2025-05-19 13:30:00,124.31999969482422,127.7699966430664,124.71499633789062,126.33000183105469,EQUITY,PLTR"
"2025-05-20 13:30:00,124.6500015258789,128.1999969482422,127.22000122070312,125.58999633789062,EQUITY,PLTR"
"2025-05-21 13:30:00,119.41000366210938,127.11000061035156,125.16000366210938,120.58000183105469,EQUITY,PLTR"
"2025-05-22 13:30:00,121.375,126.33000183105469,121.94999694824219,122.29000091552734,EQUITY,PLTR"
"2025-05-23 13:30:00,120.68000030517578,125.54000091552734,120.87999725341797,123.30999755859375,EQUITY,PLTR"
"2025-05-27 13:30:00,120.87999725341797,127.87999725341797,126.81999969482422,123.38999938964844,EQUITY,PLTR"
"2025-05-28 13:30:00,122.91000366210938,125.6500015258789,124.2300033569336,123.76000213623047,EQUITY,PLTR"
"2025-05-29 13:30:00,121.52999877929688,126.47000122070312,125.3499984741211,122.31999969482422,EQUITY,PLTR"
"2025-05-30 13:30:00,122.75,131.94000244140625,123.52999877929688,131.77999877929688,EQUITY,PLTR"
"2025-06-02 13:30:00,128.86000061035156,134.47999572753906,131.43499755859375,132.0399932861328,EQUITY,PLTR"
"2025-06-03 13:30:00,130.10000610351562,135.27999877929688,133.07000732421875,133.1699981689453,EQUITY,PLTR"
"2025-06-04 13:30:00,125.58000183105469,132.9499969482422,132.8000030517578,130.00999450683594,EQUITY,PLTR"
"2025-06-05 13:30:00,118.93000030517578,132.85000610351562,129.27000427246094,119.91000366210938,EQUITY,PLTR"
"2025-06-06 13:30:00,121.91999816894531,128.1300048828125,123.7300033569336,127.72000122070312,EQUITY,PLTR"
"2025-06-09 13:30:00,124.80000305175781,132.22999572753906,127.07499694824219,132.05999755859375,EQUITY,PLTR"
"2025-06-10 13:30:00,129.41000366210938,134.07000732421875,131.02000427246094,132.80999755859375,EQUITY,PLTR"
"2025-06-11 13:30:00,132.99000549316406,140.0,133.9199981689453,136.38999938964844,EQUITY,PLTR"
"2025-06-12 13:30:00,134.6300048828125,137.10000610351562,136.39999389648438,135.19000244140625,EQUITY,PLTR"
"2025-06-13 13:30:00,133.35000610351562,139.99000549316406,133.81500244140625,137.39999389648438,EQUITY,PLTR"
"2025-06-16 13:30:00,139.81199645996094,144.86000061035156,140.02999877929688,141.41000366210938,EQUITY,PLTR"
"2025-06-17 13:30:00,136.0800018310547,141.69000244140625,141.48500061035156,138.1999969482422,EQUITY,PLTR"
"2025-06-18 13:30:00,137.49000549316406,140.36000061035156,139.0399932861328,139.9600067138672,EQUITY,PLTR"
"2025-06-20 13:30:00,136.74200439453125,142.24000549316406,140.69000244140625,137.3000030517578,EQUITY,PLTR"
"2025-06-23 13:30:00,135.9600067138672,142.14999389648438,138.89999389648438,139.9199981689453,EQUITY,PLTR"
"2025-06-24 13:30:00,137.8000030517578,143.66000366210938,140.97999572753906,143.22999572753906,EQUITY,PLTR"
"2025-06-25 13:30:00,141.52999877929688,147.6699981689453,144.49000549316406,142.89999389648438,EQUITY,PLTR"
"2025-06-26 13:30:00,142.91000366210938,148.21499633789062,144.85000610351562,144.25,EQUITY,PLTR"
"2025-06-27 13:30:00,130.5399932861328,144.97000122070312,144.8699951171875,130.74000549316406,EQUITY,PLTR"
"2025-06-30 13:30:00,134.8000030517578,138.875,137.7899932861328,136.32000732421875,EQUITY,PLTR"
"2025-07-01 13:30:00,128.50999450683594,136.32000732421875,135.27000427246094,130.67999267578125,EQUITY,PLTR"
"2025-07-02 13:30:00,130.19000244140625,133.60000610351562,131.47000122070312,132.1199951171875,EQUITY,PLTR"
"2025-07-03 13:30:00,132.50999450683594,135.6199951171875,134.36000061035156,134.36000061035156,EQUITY,PLTR"
"2025-07-07 13:30:00,132.32000732421875,139.2899932861328,134.3800048828125,139.1199951171875,EQUITY,PLTR"
"2025-07-08 13:30:00,135.7899932861328,139.85499572753906,138.77499389648438,139.7100067138672,EQUITY,PLTR"
"2025-07-09 13:30:00,137.38999938964844,143.1699981689453,139.65499877929688,143.1300048828125,EQUITY,PLTR"
"2025-07-10 13:30:00,139.52999877929688,145.16000366210938,143.30999755859375,142.5,EQUITY,PLTR"
"2025-07-11 13:30:00,141.47000122070312,144.5800018310547,142.11000061035156,142.10000610351562,EQUITY,PLTR"
"2025-07-14 13:30:00,142.22000122070312,149.5749969482422,142.72000122070312,149.14999389648438,EQUITY,PLTR"
"2025-07-15 13:30:00,147.36000061035156,150.6199951171875,148.92999267578125,148.5800018310547,EQUITY,PLTR"
"2025-07-16 13:30:00,147.6739959716797,151.50999450683594,149.3000030517578,150.91000366210938,EQUITY,PLTR"
"2025-07-17 13:30:00,150.82000732421875,155.67999267578125,151.55999755859375,153.99000549316406,EQUITY,PLTR"
"2025-07-18 13:30:00,151.89999389648438,154.9199981689453,154.86000061035156,153.52000427246094,EQUITY,PLTR"
"2025-07-21 13:30:00,151.36000061035156,155.44000244140625,153.8800048828125,151.7899932861328,EQUITY,PLTR"
"2025-07-22 13:30:00,145.06199645996094,151.7899932861328,150.85000610351562,149.07000732421875,EQUITY,PLTR"
"2025-07-23 13:30:00,148.28700256347656,155.0,149.74000549316406,154.6300048828125,EQUITY,PLTR"
"2025-07-24 13:30:00,152.5749969482422,155.6300048828125,153.97999572753906,154.86000061035156,EQUITY,PLTR"
"2025-07-25 13:30:00,155.5800018310547,160.38999938964844,155.6300048828125,158.8000030517578,EQUITY,PLTR"
"2025-07-28 13:30:00,153.0399932861328,160.27999877929688,159.8800048828125,157.8800048828125,EQUITY,PLTR"
"2025-07-29 13:30:00,154.91000366210938,160.13999938964844,158.71499633789062,156.24000549316406,EQUITY,PLTR"
"2025-07-30 13:30:00,156.55999755859375,159.3800048828125,157.36500549316406,158.61000061035156,EQUITY,PLTR"
"2025-07-31 13:30:00,156.72999572753906,160.88999938964844,159.99000549316406,158.35000610351562,EQUITY,PLTR"
"2025-08-01 13:30:00,151.05799865722656,158.19000244140625,155.0500030517578,154.27000427246094,EQUITY,PLTR"
"2025-08-04 13:30:00,157.92999267578125,161.39999389648438,158.52999877929688,160.66000366210938,EQUITY,PLTR"
"2025-08-05 13:30:00,169.22000122070312,176.3300018310547,171.80999755859375,173.27000427246094,EQUITY,PLTR"
"2025-08-06 13:30:00,171.00999450683594,180.58099365234375,171.1750030517578,179.5399932861328,EQUITY,PLTR"
"2025-08-07 13:30:00,178.1699981689453,184.47999572753906,181.00999450683594,182.1999969482422,EQUITY,PLTR"
"2025-08-08 13:30:00,184.41000366210938,187.99000549316406,184.73500061035156,186.9600067138672,EQUITY,PLTR"
"2025-08-11 13:30:00,181.9199981689453,187.17999267578125,186.47000122070312,182.67999267578125,EQUITY,PLTR"
"2025-08-12 13:30:00,182.10000610351562,190.0,184.6999969482422,186.97000122070312,EQUITY,PLTR"
"2025-08-13 13:30:00,183.58999633789062,189.4600067138672,189.0,184.3699951171875,EQUITY,PLTR"
"2025-08-14 13:30:00,179.1999969482422,185.3300018310547,182.41000366210938,181.02000427246094,EQUITY,PLTR"
"2025-08-15 13:30:00,173.3800048828125,180.0,179.72500610351562,177.1699981689453,EQUITY,PLTR"
"2025-08-18 13:30:00,171.38999938964844,177.89999389648438,175.27000427246094,174.02999877929688,EQUITY,PLTR"
"2025-08-19 13:30:00,156.89999389648438,172.3000030517578,171.36000061035156,157.75,EQUITY,PLTR"
"2025-08-20 13:30:00,142.33999633789062,156.4600067138672,152.3000030517578,156.00999450683594,EQUITY,PLTR"
"2025-08-21 13:30:00,153.80999755859375,157.97000122070312,157.1699981689453,156.17999267578125,EQUITY,PLTR"
"2025-08-22 13:30:00,151.77000427246094,163.1999969482422,155.31500244140625,158.74000549316406,EQUITY,PLTR"
"2025-08-25 13:30:00,149.3699951171875,158.58999633789062,156.10000610351562,157.1699981689453,EQUITY,PLTR"
"2025-08-26 13:30:00,154.57000732421875,162.1300048828125,155.38999938964844,160.8699951171875,EQUITY,PLTR"
"2025-08-27 13:30:00,155.97999572753906,162.39999389648438,162.32000732421875,156.72000122070312,EQUITY,PLTR"
"2025-08-28 13:30:00,152.5500030517578,158.22999572753906,157.6300048828125,158.1199951171875,EQUITY,PLTR"
"2025-08-29 13:30:00,153.0,158.4199981689453,156.97999572753906,156.7100067138672,EQUITY,PLTR"
"2025-09-02 13:30:00,150.27999877929688,158.38999938964844,151.1999969482422,157.08999633789062,EQUITY,PLTR"
"2025-09-03 13:30:00,152.7100067138672,161.14999389648438,158.0,154.89999389648438,EQUITY,PLTR"
"2025-09-04 13:30:00,153.16000366210938,157.0399932861328,154.86500549316406,156.13999938964844,EQUITY,PLTR"
"2025-09-05 13:30:00,148.0399932861328,158.97000122070312,157.82000732421875,153.11000061035156,EQUITY,PLTR"
"2025-09-08 13:30:00,154.83999633789062,158.3000030517578,154.91000366210938,156.10000610351562,EQUITY,PLTR"
"2025-09-09 13:30:00,156.3699951171875,162.75,157.25,162.36000061035156,EQUITY,PLTR"
"2025-09-10 13:30:00,163.44000244140625,169.0,166.0,166.74000549316406,EQUITY,PLTR"
"2025-09-11 13:30:00,163.22000122070312,167.45799255371094,167.24000549316406,164.36000061035156,EQUITY,PLTR"
"2025-09-12 13:30:00,164.00999450683594,171.52999877929688,165.35000610351562,171.42999267578125,EQUITY,PLTR"
"2025-09-15 13:30:00,167.41000366210938,171.8000030517578,169.60000610351562,171.2100067138672,EQUITY,PLTR"
"2025-09-16 13:30:00,168.9600067138672,171.30999755859375,171.0399932861328,170.25999450683594,EQUITY,PLTR"
"2025-09-17 13:30:00,161.27000427246094,169.67999267578125,169.02000427246094,168.3300018310547,EQUITY,PLTR"
"2025-09-18 13:30:00,169.38999938964844,178.8000030517578,170.27000427246094,176.97000122070312,EQUITY,PLTR"
"2025-09-19 13:30:00,176.7100067138672,184.4199981689453,177.07000732421875,182.38999938964844,EQUITY,PLTR"
"2025-09-22 13:30:00,178.2899932861328,182.25,180.8800048828125,179.3300018310547,EQUITY,PLTR"
"2025-09-23 13:30:00,177.00999450683594,185.75,182.50999450683594,182.5500030517578,EQUITY,PLTR"
"2025-09-24 13:30:00,177.1199951171875,184.85000610351562,183.91000366210938,179.55999755859375,EQUITY,PLTR"
"2025-09-25 13:30:00,174.2899932861328,184.32000732421875,175.8000030517578,179.1199951171875,EQUITY,PLTR"
"2025-09-26 13:30:00,174.91000366210938,180.1199951171875,179.0500030517578,177.57000732421875,EQUITY,PLTR"
"2025-09-29 13:30:00,177.16000366210938,181.47999572753906,179.63999938964844,178.86000061035156,EQUITY,PLTR"
"2025-09-30 13:30:00,178.22000122070312,182.77000427246094,178.97999572753906,182.4199981689453,EQUITY,PLTR"
"2025-10-01 13:30:00,179.5,186.27999877929688,181.32000732421875,184.9499969482422,EQUITY,PLTR"
"2025-10-02 13:30:00,182.9499969482422,188.1999969482422,186.6999969482422,187.0500030517578,EQUITY,PLTR"
"2025-10-03 13:30:00,170.77000427246094,186.83999633789062,186.39999389648438,173.07000732421875,EQUITY,PLTR"
"2025-10-06 13:30:00,177.8300018310547,182.9499969482422,179.17999267578125,179.52999877929688,EQUITY,PLTR"
"2025-10-07 13:30:00,179.4199981689453,186.17999267578125,180.30999755859375,182.1699981689453,EQUITY,PLTR"
"2025-10-08 13:30:00,181.1999969482422,184.25999450683594,182.8000030517578,183.55999755859375,EQUITY,PLTR"
"2025-10-09 13:30:00,179.9499969482422,187.6199951171875,183.5800018310547,185.47000122070312,EQUITY,PLTR"
"2025-10-10 13:30:00,173.52999877929688,187.10000610351562,185.1699981689453,175.44000244140625,EQUITY,PLTR"
"2024-09-09 13:30:00,55.2400016784668,56.2599983215332,55.63999938964844,55.79999923706055,EQUITY,CTVA"
"2024-09-10 13:30:00,55.029998779296875,55.90999984741211,55.90999984741211,55.380001068115234,EQUITY,CTVA"
"2024-09-11 13:30:00,53.93000030517578,55.290000915527344,55.2599983215332,55.150001525878906,EQUITY,CTVA"
"2024-09-12 13:30:00,55.0099983215332,55.724998474121094,55.18000030517578,55.70000076293945,EQUITY,CTVA"
"2024-09-13 13:30:00,55.93000030517578,56.70500183105469,55.93000030517578,56.630001068115234,EQUITY,CTVA"
"2024-09-16 13:30:00,55.79999923706055,57.189998626708984,56.900001525878906,56.27000045776367,EQUITY,CTVA"
"2024-09-17 13:30:00,56.529998779296875,57.13999938964844,56.65999984741211,57.040000915527344,EQUITY,CTVA"
"2024-09-18 13:30:00,56.72999954223633,57.900001525878906,56.72999954223633,57.439998626708984,EQUITY,CTVA"
"2024-09-19 13:30:00,57.79999923706055,58.91999816894531,58.279998779296875,58.599998474121094,EQUITY,CTVA"
"2024-09-20 13:30:00,57.0099983215332,58.04999923706055,58.04999923706055,57.58000183105469,EQUITY,CTVA"
"2024-09-23 13:30:00,57.58000183105469,58.13999938964844,57.61000061035156,58.0,EQUITY,CTVA"
"2024-09-24 13:30:00,55.66999816894531,58.540000915527344,58.22999954223633,57.849998474121094,EQUITY,CTVA"
"2024-09-25 13:30:00,56.81999969482422,58.07500076293945,58.04999923706055,57.150001525878906,EQUITY,CTVA"
"2024-09-26 13:30:00,57.349998474121094,58.189998626708984,57.560001373291016,58.02000045776367,EQUITY,CTVA"
"2024-09-27 13:30:00,58.349998474121094,59.07500076293945,58.380001068115234,58.58000183105469,EQUITY,CTVA"
"2024-09-30 13:30:00,58.099998474121094,58.79999923706055,58.66999816894531,58.790000915527344,EQUITY,CTVA"
"2024-10-01 13:30:00,57.900001525878906,58.819000244140625,58.09000015258789,57.9900016784668,EQUITY,CTVA"
"2024-10-02 13:30:00,57.8489990234375,58.90999984741211,58.2599983215332,58.63999938964844,EQUITY,CTVA"
"2024-10-03 13:30:00,57.959999084472656,58.52000045776367,58.36000061035156,58.09000015258789,EQUITY,CTVA"
"2024-10-04 13:30:00,58.11000061035156,58.79999923706055,58.61000061035156,58.33000183105469,EQUITY,CTVA"
"2024-10-07 13:30:00,57.209999084472656,58.18000030517578,58.029998779296875,57.459999084472656,EQUITY,CTVA"
"2024-10-08 13:30:00,56.5099983215332,57.279998779296875,57.099998474121094,56.88999938964844,EQUITY,CTVA"
"2024-10-09 13:30:00,56.474998474121094,57.2400016784668,56.79999923706055,56.5,EQUITY,CTVA"
"2024-10-10 13:30:00,55.650001525878906,56.619998931884766,56.02000045776367,56.54999923706055,EQUITY,CTVA"
"2024-10-11 13:30:00,56.63999938964844,57.5,56.650001525878906,56.84000015258789,EQUITY,CTVA"
"2024-10-14 13:30:00,56.45000076293945,57.83000183105469,56.720001220703125,57.7599983215332,EQUITY,CTVA"
"2024-10-15 13:30:00,57.130001068115234,57.77000045776367,57.59000015258789,57.29999923706055,EQUITY,CTVA"
"2024-10-16 13:30:00,57.93000030517578,59.040000915527344,58.47999954223633,58.95000076293945,EQUITY,CTVA"
"2024-10-17 13:30:00,58.369998931884766,59.125999450683594,58.7599983215332,58.95000076293945,EQUITY,CTVA"
"2024-10-18 13:30:00,58.93000030517578,59.68000030517578,59.369998931884766,59.40999984741211,EQUITY,CTVA"
"2024-10-21 13:30:00,58.54999923706055,59.47999954223633,59.470001220703125,59.25,EQUITY,CTVA"
"2024-10-22 13:30:00,58.32500076293945,59.20000076293945,58.970001220703125,59.119998931884766,EQUITY,CTVA"
"2024-10-23 13:30:00,59.31999969482422,60.880001068115234,59.4900016784668,60.790000915527344,EQUITY,CTVA"
"2024-10-24 13:30:00,60.43000030517578,61.20000076293945,60.900001525878906,60.779998779296875,EQUITY,CTVA"
"2024-10-25 13:30:00,60.33000183105469,61.20500183105469,60.95000076293945,60.349998474121094,EQUITY,CTVA"
"2024-10-28 13:30:00,60.369998931884766,61.25,60.5099983215332,61.130001068115234,EQUITY,CTVA"
"2024-10-29 13:30:00,60.70000076293945,61.380001068115234,60.90999984741211,60.790000915527344,EQUITY,CTVA"
"2024-10-30 13:30:00,60.939998626708984,62.380001068115234,60.939998626708984,61.56999969482422,EQUITY,CTVA"
"2024-10-31 13:30:00,60.91999816894531,61.95000076293945,61.689998626708984,60.91999816894531,EQUITY,CTVA"
"2024-11-01 13:30:00,60.529998779296875,61.349998474121094,60.810001373291016,60.86000061035156,EQUITY,CTVA"
"2024-11-04 14:30:00,60.744998931884766,61.63999938964844,61.060001373291016,61.209999084472656,EQUITY,CTVA"
"2024-11-05 14:30:00,60.65999984741211,61.939998626708984,60.93000030517578,61.75,EQUITY,CTVA"
"2024-11-06 14:30:00,60.779998779296875,63.75,63.75,61.7400016784668,EQUITY,CTVA"
"2024-11-07 14:30:00,57.29999923706055,59.20000076293945,58.0,58.63999938964844,EQUITY,CTVA"
"2024-11-08 14:30:00,58.150001525878906,59.540000915527344,58.970001220703125,58.33000183105469,EQUITY,CTVA"
"2024-11-11 14:30:00,58.310001373291016,59.2599983215332,58.83000183105469,58.52000045776367,EQUITY,CTVA"
"2024-11-12 14:30:00,57.0,58.54999923706055,58.54999923706055,57.130001068115234,EQUITY,CTVA"
"2024-11-13 14:30:00,57.255001068115234,58.02000045776367,57.29499816894531,57.65999984741211,EQUITY,CTVA"
"2024-11-14 14:30:00,57.11000061035156,57.849998474121094,57.68000030517578,57.40999984741211,EQUITY,CTVA"
"2024-11-15 14:30:00,55.18000030517578,57.459999084472656,57.25,55.209999084472656,EQUITY,CTVA"
"2024-11-18 14:30:00,55.310001373291016,57.04999923706055,55.41999816894531,56.9900016784668,EQUITY,CTVA"
"2024-11-19 14:30:00,56.16999816894531,58.40999984741211,56.33000183105469,58.2400016784668,EQUITY,CTVA"
"2024-11-20 14:30:00,58.0,59.025001525878906,58.459999084472656,58.7599983215332,EQUITY,CTVA"
"2024-11-21 14:30:00,58.88999938964844,61.06999969482422,59.33000183105469,60.7599983215332,EQUITY,CTVA"
"2024-11-22 14:30:00,60.060001373291016,61.27000045776367,60.47999954223633,61.22999954223633,EQUITY,CTVA"
"2024-11-25 14:30:00,61.630001068115234,64.19999694824219,61.630001068115234,64.12999725341797,EQUITY,CTVA"
"2024-11-26 14:30:00,62.7599983215332,63.875,63.34000015258789,63.25,EQUITY,CTVA"
"2024-11-27 14:30:00,62.36000061035156,64.0999984741211,63.36000061035156,62.5,EQUITY,CTVA"
"2024-11-29 14:30:00,61.310001373291016,62.560001373291016,61.779998779296875,62.2400016784668,EQUITY,CTVA"
"2024-12-02 14:30:00,61.56999969482422,62.46500015258789,62.25,62.22999954223633,EQUITY,CTVA"
"2024-12-03 14:30:00,61.61000061035156,62.4900016784668,62.400001525878906,62.0,EQUITY,CTVA"
"2024-12-04 14:30:00,60.96099853515625,61.784000396728516,61.529998779296875,61.16999816894531,EQUITY,CTVA"
"2024-12-05 14:30:00,60.7400016784668,61.4900016784668,61.20000076293945,60.779998779296875,EQUITY,CTVA"
"2024-12-06 14:30:00,59.41999816894531,60.97999954223633,60.369998931884766,59.4900016784668,EQUITY,CTVA"
"2024-12-09 14:30:00,59.65999984741211,60.81999969482422,59.810001373291016,59.7400016784668,EQUITY,CTVA"
"2024-12-10 14:30:00,58.150001525878906,59.88999938964844,59.790000915527344,59.41999816894531,EQUITY,CTVA"
"2024-12-11 14:30:00,59.31999969482422,60.5,59.529998779296875,59.779998779296875,EQUITY,CTVA"
"2024-12-12 14:30:00,59.26499938964844,60.13999938964844,59.810001373291016,59.29999923706055,EQUITY,CTVA"
"2024-12-13 14:30:00,58.709999084472656,59.75,59.25,59.4900016784668,EQUITY,CTVA"
"2024-12-16 14:30:00,58.91999816894531,60.095001220703125,59.345001220703125,58.95000076293945,EQUITY,CTVA"
"2024-12-17 14:30:00,57.76499938964844,59.099998474121094,58.643001556396484,58.56999969482422,EQUITY,CTVA"
"2024-12-18 14:30:00,56.369998931884766,58.9900016784668,58.470001220703125,56.40999984741211,EQUITY,CTVA"
"2024-12-19 14:30:00,56.15999984741211,56.93000030517578,56.790000915527344,56.15999984741211,EQUITY,CTVA"
"2024-12-20 14:30:00,56.29999923706055,57.88999938964844,56.41999816894531,57.47999954223633,EQUITY,CTVA"
"2024-12-23 14:30:00,56.150001525878906,57.65999984741211,57.56999969482422,56.91999816894531,EQUITY,CTVA"
"2024-12-24 14:30:00,56.400001525878906,57.51499938964844,57.13999938964844,57.47999954223633,EQUITY,CTVA"
"2024-12-26 14:30:00,56.619998931884766,57.81999969482422,56.88999938964844,57.43000030517578,EQUITY,CTVA"
"2024-12-27 14:30:00,56.95000076293945,57.91999816894531,56.970001220703125,57.2400016784668,EQUITY,CTVA"
"2024-12-30 14:30:00,56.220001220703125,56.959999084472656,56.68000030517578,56.560001373291016,EQUITY,CTVA"
"2024-12-31 14:30:00,56.459999084472656,57.099998474121094,56.630001068115234,56.959999084472656,EQUITY,CTVA"
"2025-01-02 14:30:00,56.29999923706055,57.349998474121094,56.86000061035156,56.34000015258789,EQUITY,CTVA"
"2025-01-03 14:30:00,55.70000076293945,56.959999084472656,56.59000015258789,55.939998626708984,EQUITY,CTVA"
"2025-01-06 14:30:00,56.28499984741211,57.900001525878906,56.28499984741211,56.939998626708984,EQUITY,CTVA"
"2025-01-07 14:30:00,56.65999984741211,57.65999984741211,56.709999084472656,57.029998779296875,EQUITY,CTVA"
"2025-01-08 14:30:00,56.46699905395508,57.19900131225586,57.0,57.150001525878906,EQUITY,CTVA"
"2025-01-10 14:30:00,55.68000030517578,57.43000030517578,55.68000030517578,57.09000015258789,EQUITY,CTVA"
"2025-01-13 14:30:00,57.20000076293945,60.029998779296875,57.20000076293945,59.93000030517578,EQUITY,CTVA"
"2025-01-14 14:30:00,60.0099983215332,60.970001220703125,60.060001373291016,60.88999938964844,EQUITY,CTVA"
"2025-01-15 14:30:00,60.33000183105469,61.900001525878906,61.63999938964844,60.91999816894531,EQUITY,CTVA"
"2025-01-16 14:30:00,60.619998931884766,61.68000030517578,60.91999816894531,61.630001068115234,EQUITY,CTVA"
"2025-01-17 14:30:00,61.599998474121094,62.43000030517578,61.66999816894531,62.31999969482422,EQUITY,CTVA"
"2025-01-21 14:30:00,62.220001220703125,63.15999984741211,62.86000061035156,63.119998931884766,EQUITY,CTVA"
"2025-01-22 14:30:00,62.45000076293945,63.16999816894531,62.95000076293945,62.5099983215332,EQUITY,CTVA"
"2025-01-23 14:30:00,62.29999923706055,64.2300033569336,62.5,64.19000244140625,EQUITY,CTVA"
"2025-01-24 14:30:00,63.332000732421875,64.31999969482422,64.20999908447266,63.959999084472656,EQUITY,CTVA"
"2025-01-27 14:30:00,63.79499816894531,64.72000122070312,64.52999877929688,64.47000122070312,EQUITY,CTVA"
"2025-01-28 14:30:00,64.11000061035156,64.86000061035156,64.44999694824219,64.27999877929688,EQUITY,CTVA"
"2025-01-29 14:30:00,64.23999786376953,65.44000244140625,64.44000244140625,65.0,EQUITY,CTVA"
"2025-01-30 14:30:00,64.88999938964844,66.23999786376953,65.29499816894531,66.1500015258789,EQUITY,CTVA"
"2025-01-31 14:30:00,64.93000030517578,66.16000366210938,65.80000305175781,65.2699966430664,EQUITY,CTVA"
"2025-02-03 14:30:00,63.150001525878906,65.12000274658203,64.31999969482422,64.61000061035156,EQUITY,CTVA"
"2025-02-04 14:30:00,64.87999725341797,65.9000015258789,65.20999908447266,65.69999694824219,EQUITY,CTVA"
"2025-02-05 14:30:00,63.0,65.01000213623047,63.36000061035156,63.81999969482422,EQUITY,CTVA"
"2025-02-06 14:30:00,60.91999816894531,64.38999938964844,63.56999969482422,62.36000061035156,EQUITY,CTVA"
"2025-02-07 14:30:00,61.9900016784668,64.61499786376953,62.5,62.34000015258789,EQUITY,CTVA"
"2025-02-10 14:30:00,62.060001373291016,63.13999938964844,62.81999969482422,62.209999084472656,EQUITY,CTVA"
"2025-02-11 14:30:00,61.83000183105469,63.459999084472656,62.08000183105469,62.970001220703125,EQUITY,CTVA"
"2025-02-12 14:30:00,61.9900016784668,62.75,62.25,62.060001373291016,EQUITY,CTVA"
"2025-02-13 14:30:00,61.9900016784668,62.90999984741211,62.279998779296875,62.86000061035156,EQUITY,CTVA"
"2025-02-14 14:30:00,63.11000061035156,64.44000244140625,63.5,63.959999084472656,EQUITY,CTVA"
"2025-02-18 14:30:00,63.77000045776367,64.83000183105469,64.0999984741211,64.45999908447266,EQUITY,CTVA"
"2025-02-19 14:30:00,63.33000183105469,64.30000305175781,63.61000061035156,63.63999938964844,EQUITY,CTVA"
"2025-02-20 14:30:00,63.20000076293945,63.95000076293945,63.7400016784668,63.83000183105469,EQUITY,CTVA"
"2025-02-21 14:30:00,62.53499984741211,63.72999954223633,63.63999938964844,62.7599983215332,EQUITY,CTVA"
"2025-02-24 14:30:00,62.52000045776367,63.38999938964844,63.34000015258789,62.61000061035156,EQUITY,CTVA"
"2025-02-25 14:30:00,62.290000915527344,63.2400016784668,62.83000183105469,62.97999954223633,EQUITY,CTVA"
"2025-02-26 14:30:00,62.180999755859375,63.130001068115234,63.130001068115234,62.79999923706055,EQUITY,CTVA"
"2025-02-27 14:30:00,62.5,63.76499938964844,62.91999816894531,62.81999969482422,EQUITY,CTVA"
"2025-02-28 14:30:00,61.74800109863281,63.060001373291016,62.9900016784668,62.97999954223633,EQUITY,CTVA"
"2025-03-03 14:30:00,60.029998779296875,63.5,63.05500030517578,60.400001525878906,EQUITY,CTVA"
"2025-03-04 14:30:00,59.029998779296875,60.52000045776367,60.349998474121094,59.79999923706055,EQUITY,CTVA"
"2025-03-05 14:30:00,59.709999084472656,61.20000076293945,59.93000030517578,61.15999984741211,EQUITY,CTVA"
"2025-03-06 14:30:00,60.29999923706055,61.529998779296875,61.0,60.86000061035156,EQUITY,CTVA"
"2025-03-07 14:30:00,59.970001220703125,61.20000076293945,60.599998474121094,60.560001373291016,EQUITY,CTVA"
"2025-03-10 13:30:00,59.435001373291016,60.7599983215332,60.08000183105469,60.2400016784668,EQUITY,CTVA"
"2025-03-11 13:30:00,59.65999984741211,60.5099983215332,60.2400016784668,59.970001220703125,EQUITY,CTVA"
"2025-03-12 13:30:00,58.55500030517578,60.470001220703125,59.959999084472656,59.0,EQUITY,CTVA"
"2025-03-13 13:30:00,58.09000015258789,59.2400016784668,58.77000045776367,58.59000015258789,EQUITY,CTVA"
"2025-03-14 13:30:00,58.77000045776367,59.91999816894531,59.09000015258789,59.81999969482422,EQUITY,CTVA"
"2025-03-17 13:30:00,59.875,61.90999984741211,59.88999938964844,61.58000183105469,EQUITY,CTVA"
"2025-03-18 13:30:00,61.06800079345703,61.75,61.474998474121094,61.58000183105469,EQUITY,CTVA"
"2025-03-19 13:30:00,61.41999816894531,62.779998779296875,61.56999969482422,62.459999084472656,EQUITY,CTVA"
"2025-03-20 13:30:00,61.54999923706055,62.36000061035156,62.09000015258789,61.83000183105469,EQUITY,CTVA"
"2025-03-21 13:30:00,61.154998779296875,61.939998626708984,61.540000915527344,61.720001220703125,EQUITY,CTVA"
"2025-03-24 13:30:00,61.650001525878906,62.599998474121094,62.599998474121094,62.06999969482422,EQUITY,CTVA"
"2025-03-25 13:30:00,61.560001373291016,62.349998474121094,62.08000183105469,61.849998474121094,EQUITY,CTVA"
"2025-03-26 13:30:00,62.04999923706055,62.9900016784668,62.06999969482422,62.70000076293945,EQUITY,CTVA"
"2025-03-27 13:30:00,62.189998626708984,63.125,62.70000076293945,62.439998626708984,EQUITY,CTVA"
"2025-03-28 13:30:00,60.720001220703125,62.529998779296875,62.349998474121094,61.060001373291016,EQUITY,CTVA"
"2025-03-31 13:30:00,60.86000061035156,63.220001220703125,61.29999923706055,62.93000030517578,EQUITY,CTVA"
"2025-04-01 13:30:00,62.380001068115234,63.755001068115234,63.08000183105469,63.54999923706055,EQUITY,CTVA"
"2025-04-02 13:30:00,62.9900016784668,64.02999877929688,63.189998626708984,64.0,EQUITY,CTVA"
"2025-04-03 13:30:00,61.090999603271484,62.5,62.45000076293945,61.29999923706055,EQUITY,CTVA"
"2025-04-04 13:30:00,55.470001220703125,59.97999954223633,59.810001373291016,55.790000915527344,EQUITY,CTVA"
"2025-04-07 13:30:00,53.400001525878906,58.7400016784668,55.220001220703125,55.56999969482422,EQUITY,CTVA"
"2025-04-08 13:30:00,54.25,57.189998626708984,56.654998779296875,55.52000045776367,EQUITY,CTVA"
"2025-04-09 13:30:00,54.5,59.18000030517578,55.0,58.560001373291016,EQUITY,CTVA"
"2025-04-10 13:30:00,56.13999938964844,58.36000061035156,57.72999954223633,57.939998626708984,EQUITY,CTVA"
"2025-04-11 13:30:00,57.0,59.79999923706055,57.599998474121094,59.279998779296875,EQUITY,CTVA"
"2025-04-14 13:30:00,59.380001068115234,60.81999969482422,59.880001068115234,60.290000915527344,EQUITY,CTVA"
"2025-04-15 13:30:00,59.650001525878906,60.630001068115234,59.97999954223633,59.70000076293945,EQUITY,CTVA"
"2025-04-16 13:30:00,58.90999984741211,60.2599983215332,59.630001068115234,59.20000076293945,EQUITY,CTVA"
"2025-04-17 13:30:00,59.22999954223633,60.119998931884766,59.59000015258789,59.7400016784668,EQUITY,CTVA"
"2025-04-21 13:30:00,58.58000183105469,59.7599983215332,59.380001068115234,59.119998931884766,EQUITY,CTVA"
"2025-04-22 13:30:00,59.38999938964844,60.75,59.61000061035156,60.650001525878906,EQUITY,CTVA"
"2025-04-23 13:30:00,60.59000015258789,62.25,61.38999938964844,61.06999969482422,EQUITY,CTVA"
"2025-04-24 13:30:00,60.792999267578125,61.900001525878906,61.18000030517578,61.709999084472656,EQUITY,CTVA"
"2025-04-25 13:30:00,61.0,62.09000015258789,61.2599983215332,61.470001220703125,EQUITY,CTVA"
"2025-04-28 13:30:00,61.099998474121094,62.349998474121094,61.709999084472656,61.560001373291016,EQUITY,CTVA"
"2025-04-29 13:30:00,60.9900016784668,62.52000045776367,61.16999816894531,61.79999923706055,EQUITY,CTVA"
"2025-04-30 13:30:00,60.68000030517578,62.13999938964844,61.119998931884766,61.9900016784668,EQUITY,CTVA"
"2025-05-01 13:30:00,61.209999084472656,62.505001068115234,61.470001220703125,62.02000045776367,EQUITY,CTVA"
"2025-05-02 13:30:00,61.79999923706055,63.0,62.689998626708984,62.630001068115234,EQUITY,CTVA"
"2025-05-05 13:30:00,61.90999984741211,62.97999954223633,62.34000015258789,62.40999984741211,EQUITY,CTVA"
"2025-05-06 13:30:00,62.0,62.84000015258789,62.34000015258789,62.45000076293945,EQUITY,CTVA"
"2025-05-07 13:30:00,62.02000045776367,62.81999969482422,62.66999816894531,62.47999954223633,EQUITY,CTVA"
"2025-05-08 13:30:00,63.81999969482422,67.25,64.62999725341797,66.86000061035156,EQUITY,CTVA"
"2025-05-09 13:30:00,66.56800079345703,67.93000030517578,66.70999908447266,67.79000091552734,EQUITY,CTVA"
"2025-05-12 13:30:00,67.44999694824219,69.27999877929688,69.12999725341797,67.95999908447266,EQUITY,CTVA"
"2025-05-13 13:30:00,67.79000091552734,68.6500015258789,68.08999633789062,67.9000015258789,EQUITY,CTVA"
"2025-05-14 13:30:00,66.70999908447266,67.80999755859375,67.43000030517578,67.58999633789062,EQUITY,CTVA"
"2025-05-15 13:30:00,67.27999877929688,68.47000122070312,67.48999786376953,68.29000091552734,EQUITY,CTVA"
"2025-05-16 13:30:00,67.93000030517578,68.77799987792969,68.26000213623047,68.61000061035156,EQUITY,CTVA"
"2025-05-19 13:30:00,68.125,69.08999633789062,68.25,68.80999755859375,EQUITY,CTVA"
"2025-05-20 13:30:00,68.38999938964844,69.22000122070312,68.77999877929688,69.18000030517578,EQUITY,CTVA"
"2025-05-21 13:30:00,68.61599731445312,69.41999816894531,68.80000305175781,68.95999908447266,EQUITY,CTVA"
"2025-05-22 13:30:00,68.16999816894531,68.9800033569336,68.77999877929688,68.58999633789062,EQUITY,CTVA"
"2025-05-23 13:30:00,67.93000030517578,69.23999786376953,68.41000366210938,69.05999755859375,EQUITY,CTVA"
"2025-05-27 13:30:00,69.41000366210938,70.43499755859375,69.43000030517578,70.41000366210938,EQUITY,CTVA"
"2025-05-28 13:30:00,69.94499969482422,70.70999908447266,70.48999786376953,70.31999969482422,EQUITY,CTVA"
"2025-05-29 13:30:00,69.4000015258789,70.27999877929688,70.27999877929688,69.70999908447266,EQUITY,CTVA"
"2025-05-30 13:30:00,69.20500183105469,71.01000213623047,69.62000274658203,70.80000305175781,EQUITY,CTVA"
"2025-06-02 13:30:00,70.1500015258789,71.11000061035156,70.69000244140625,70.94999694824219,EQUITY,CTVA"
"2025-06-03 13:30:00,70.19000244140625,71.30999755859375,70.80000305175781,71.19000244140625,EQUITY,CTVA"
"2025-06-04 13:30:00,71.23999786376953,71.87999725341797,71.52999877929688,71.37999725341797,EQUITY,CTVA"
"2025-06-05 13:30:00,71.12999725341797,71.80000305175781,71.80000305175781,71.19999694824219,EQUITY,CTVA"
"2025-06-06 13:30:00,71.41999816894531,72.23999786376953,71.41999816894531,71.63999938964844,EQUITY,CTVA"
"2025-06-09 13:30:00,71.16000366210938,72.30000305175781,71.79000091552734,72.01000213623047,EQUITY,CTVA"
"2025-06-10 13:30:00,71.41000366210938,72.3949966430664,72.02999877929688,71.55000305175781,EQUITY,CTVA"
"2025-06-11 13:30:00,71.5,72.13999938964844,71.93000030517578,72.06999969482422,EQUITY,CTVA"
"2025-06-12 13:30:00,71.30000305175781,72.52999877929688,72.0,72.5199966430664,EQUITY,CTVA"
"2025-06-13 13:30:00,71.93000030517578,72.91000366210938,72.22000122070312,72.43000030517578,EQUITY,CTVA"
"2025-06-16 13:30:00,72.62000274658203,74.19000244140625,72.83000183105469,74.19000244140625,EQUITY,CTVA"
"2025-06-17 13:30:00,73.61499786376953,74.62999725341797,74.15499877929688,74.20999908447266,EQUITY,CTVA"
"2025-06-18 13:30:00,74.04000091552734,74.83999633789062,74.04000091552734,74.12000274658203,EQUITY,CTVA"
"2025-06-20 13:30:00,72.87000274658203,74.63999938964844,74.08000183105469,73.72000122070312,EQUITY,CTVA"
"2025-06-23 13:30:00,73.5,74.95999908447266,73.79000091552734,74.44000244140625,EQUITY,CTVA"
"2025-06-24 13:30:00,73.29000091552734,74.55500030517578,74.27999877929688,73.29000091552734,EQUITY,CTVA"
"2025-06-25 13:30:00,72.94000244140625,73.65499877929688,73.22000122070312,73.23999786376953,EQUITY,CTVA"
"2025-06-26 13:30:00,73.625,75.05000305175781,73.95999908447266,74.30000305175781,EQUITY,CTVA"
"2025-06-27 13:30:00,73.87999725341797,74.79499816894531,74.33000183105469,74.38999938964844,EQUITY,CTVA"
"2025-06-30 13:30:00,73.69999694824219,74.62000274658203,74.08999633789062,74.52999877929688,EQUITY,CTVA"
"2025-07-01 13:30:00,74.10399627685547,75.22000122070312,74.51000213623047,75.11000061035156,EQUITY,CTVA"
"2025-07-02 13:30:00,75.2699966430664,77.04000091552734,75.4000015258789,77.0,EQUITY,CTVA"
"2025-07-03 13:30:00,76.70500183105469,77.41000366210938,76.91999816894531,77.12000274658203,EQUITY,CTVA"
"2025-07-07 13:30:00,76.12000274658203,77.33000183105469,77.08000183105469,76.58000183105469,EQUITY,CTVA"
"2025-07-08 13:30:00,75.98500061035156,77.23999786376953,76.9000015258789,76.44999694824219,EQUITY,CTVA"
"2025-07-09 13:30:00,74.86000061035156,76.66999816894531,76.56999969482422,76.19999694824219,EQUITY,CTVA"
"2025-07-10 13:30:00,74.62999725341797,76.06999969482422,76.06999969482422,74.83000183105469,EQUITY,CTVA"
"2025-07-11 13:30:00,73.36000061035156,74.44999694824219,74.33999633789062,73.56999969482422,EQUITY,CTVA"
"2025-07-14 13:30:00,73.04000091552734,74.19999694824219,73.77999877929688,73.11000061035156,EQUITY,CTVA"
"2025-07-15 13:30:00,71.93000030517578,73.41600036621094,73.37000274658203,72.08999633789062,EQUITY,CTVA"
"2025-07-16 13:30:00,71.77999877929688,73.03500366210938,72.22000122070312,72.9800033569336,EQUITY,CTVA"
"2025-07-17 13:30:00,72.66100311279297,73.54000091552734,73.0199966430664,73.16999816894531,EQUITY,CTVA"
"2025-07-18 13:30:00,72.48999786376953,73.58999633789062,73.13999938964844,73.05000305175781,EQUITY,CTVA"
"2025-07-21 13:30:00,72.83000183105469,73.80000305175781,73.0999984741211,73.0,EQUITY,CTVA"
"2025-07-22 13:30:00,73.01000213623047,74.29499816894531,73.16000366210938,73.75,EQUITY,CTVA"
"2025-07-23 13:30:00,73.62999725341797,74.30999755859375,73.9000015258789,73.9000015258789,EQUITY,CTVA"
"2025-07-24 13:30:00,72.66999816894531,73.80000305175781,73.47000122070312,73.12000274658203,EQUITY,CTVA"
"2025-07-25 13:30:00,72.55000305175781,73.5,72.83999633789062,73.43000030517578,EQUITY,CTVA"
"2025-07-28 13:30:00,72.2699966430664,73.2300033569336,73.2300033569336,72.4000015258789,EQUITY,CTVA"
"2025-07-29 13:30:00,72.4800033569336,73.08000183105469,72.83000183105469,72.87999725341797,EQUITY,CTVA"
"2025-07-30 13:30:00,71.70999908447266,72.8499984741211,72.8499984741211,71.9800033569336,EQUITY,CTVA"
"2025-07-31 13:30:00,71.66500091552734,72.30000305175781,71.81999969482422,72.12999725341797,EQUITY,CTVA"
"2025-08-01 13:30:00,70.58000183105469,71.83000183105469,71.6500015258789,71.16999816894531,EQUITY,CTVA"
"2025-08-04 13:30:00,71.32499694824219,72.01000213623047,71.55000305175781,71.91999816894531,EQUITY,CTVA"
"2025-08-05 13:30:00,71.80000305175781,72.70999908447266,72.54000091552734,72.30999755859375,EQUITY,CTVA"
"2025-08-06 13:30:00,71.05999755859375,72.30999755859375,72.0999984741211,71.16999816894531,EQUITY,CTVA"
"2025-08-07 13:30:00,68.69999694824219,71.47000122070312,70.51000213623047,71.05000305175781,EQUITY,CTVA"
"2025-08-08 13:30:00,70.2699966430664,71.30000305175781,71.30000305175781,70.91000366210938,EQUITY,CTVA"
"2025-08-11 13:30:00,70.95500183105469,72.56500244140625,71.0,72.45999908447266,EQUITY,CTVA"
"2025-08-12 13:30:00,70.81999969482422,73.0,72.73999786376953,71.02999877929688,EQUITY,CTVA"
"2025-08-13 13:30:00,70.83499908447266,72.3949966430664,72.04000091552734,72.33000183105469,EQUITY,CTVA"
"2025-08-14 13:30:00,71.3499984741211,72.16999816894531,72.0,71.87000274658203,EQUITY,CTVA"
"2025-08-15 13:30:00,71.5999984741211,72.23999786376953,71.94000244140625,71.76000213623047,EQUITY,CTVA"
"2025-08-18 13:30:00,71.65499877929688,72.6500015258789,71.72000122070312,72.29000091552734,EQUITY,CTVA"
"2025-08-19 13:30:00,71.87000274658203,72.4800033569336,72.29000091552734,72.4000015258789,EQUITY,CTVA"
"2025-08-20 13:30:00,72.33000183105469,73.16999816894531,72.41000366210938,72.95999908447266,EQUITY,CTVA"
"2025-08-21 13:30:00,72.55999755859375,73.26499938964844,72.70999908447266,72.9800033569336,EQUITY,CTVA"
"2025-08-22 13:30:00,72.69499969482422,73.58000183105469,73.33000183105469,73.37000274658203,EQUITY,CTVA"
"2025-08-25 13:30:00,72.9000015258789,73.82499694824219,73.30000305175781,73.5999984741211,EQUITY,CTVA"
"2025-08-26 13:30:00,72.12999725341797,73.95999908447266,73.43000030517578,73.94000244140625,EQUITY,CTVA"
"2025-08-27 13:30:00,73.61000061035156,75.12000274658203,73.80000305175781,75.02999877929688,EQUITY,CTVA"
"2025-08-28 13:30:00,73.38500213623047,75.16000366210938,75.02999877929688,74.31999969482422,EQUITY,CTVA"
"2025-08-29 13:30:00,74.05500030517578,74.62999725341797,74.2300033569336,74.19000244140625,EQUITY,CTVA"
"2025-09-02 13:30:00,73.30000305175781,74.03500366210938,73.72000122070312,73.91999816894531,EQUITY,CTVA"
"2025-09-03 13:30:00,72.3499984741211,73.6969985961914,73.45999908447266,72.38999938964844,EQUITY,CTVA"
"2025-09-04 13:30:00,72.01000213623047,72.80999755859375,72.44000244140625,72.6500015258789,EQUITY,CTVA"
"2025-09-05 13:30:00,71.38999938964844,72.7300033569336,72.52999877929688,72.30000305175781,EQUITY,CTVA"
"2025-09-08 13:30:00,71.69999694824219,73.02999877929688,72.19999694824219,72.94999694824219,EQUITY,CTVA"
"2025-09-09 13:30:00,72.0,73.66000366210938,73.13999938964844,72.5,EQUITY,CTVA"
"2025-09-10 13:30:00,71.55999755859375,72.80999755859375,72.18000030517578,71.77999877929688,EQUITY,CTVA"
"2025-09-11 13:30:00,71.58499908447266,73.11000061035156,71.63999938964844,72.98999786376953,EQUITY,CTVA"
"2025-09-12 13:30:00,72.33000183105469,75.91000366210938,72.9000015258789,74.29000091552734,EQUITY,CTVA"
"2025-09-15 13:30:00,69.27999877929688,74.5,73.88999938964844,70.06999969482422,EQUITY,CTVA"
"2025-09-16 13:30:00,69.44999694824219,70.4000015258789,70.01000213623047,69.87999725341797,EQUITY,CTVA"
"2025-09-17 13:30:00,69.7699966430664,71.0999984741211,70.08000183105469,70.63999938964844,EQUITY,CTVA"
"2025-09-18 13:30:00,70.12999725341797,71.02200317382812,70.83999633789062,70.66000366210938,EQUITY,CTVA"
"2025-09-19 13:30:00,70.38999938964844,71.0199966430664,70.56999969482422,70.86000061035156,EQUITY,CTVA"
"2025-09-22 13:30:00,69.73999786376953,70.4800033569336,70.4000015258789,69.75,EQUITY,CTVA"
"2025-09-23 13:30:00,69.43499755859375,70.55999755859375,69.94000244140625,69.4800033569336,EQUITY,CTVA"
"2025-09-24 13:30:00,69.44499969482422,70.33999633789062,69.63999938964844,69.61000061035156,EQUITY,CTVA"
"2025-09-25 13:30:00,65.91000366210938,69.98500061035156,69.93000030517578,67.08000183105469,EQUITY,CTVA"
"2025-09-26 13:30:00,67.19200134277344,68.12000274658203,67.54000091552734,68.08999633789062,EQUITY,CTVA"
"2025-09-29 13:30:00,67.55000305175781,68.66999816894531,68.4000015258789,67.7699966430664,EQUITY,CTVA"
"2025-09-30 13:30:00,67.19000244140625,67.94999694824219,67.9000015258789,67.62999725341797,EQUITY,CTVA"
"2025-10-01 13:30:00,60.70500183105469,66.9000015258789,66.9000015258789,61.470001220703125,EQUITY,CTVA"
"2025-10-02 13:30:00,61.32500076293945,63.68000030517578,61.32500076293945,63.4900016784668,EQUITY,CTVA"
"2025-10-03 13:30:00,62.4900016784668,63.65999984741211,62.5,63.369998931884766,EQUITY,CTVA"
"2025-10-06 13:30:00,63.400001525878906,65.06500244140625,63.52000045776367,64.30000305175781,EQUITY,CTVA"
"2025-10-07 13:30:00,63.779998779296875,65.61000061035156,64.19000244140625,65.61000061035156,EQUITY,CTVA"
"2025-10-08 13:30:00,62.79999923706055,65.44499969482422,65.18000030517578,63.11000061035156,EQUITY,CTVA"
"2025-10-09 13:30:00,62.54999923706055,63.814998626708984,63.59000015258789,62.75,EQUITY,CTVA"
"2025-10-10 13:30:00,61.83000183105469,63.125,62.70000076293945,61.83000183105469,EQUITY,CTVA"
"2024-09-09 13:30:00,124.47000122070312,127.47000122070312,124.62000274658203,127.33000183105469,EQUITY,WELL"
"2024-09-10 13:30:00,126.33000183105469,129.11000061035156,127.87999725341797,129.02000427246094,EQUITY,WELL"
"2024-09-11 13:30:00,126.69000244140625,128.77999877929688,128.07000732421875,128.66000366210938,EQUITY,WELL"
"2024-09-12 13:30:00,127.05000305175781,128.92999267578125,128.02999877929688,128.8300018310547,EQUITY,WELL"
"2024-09-13 13:30:00,128.27999877929688,129.8699951171875,129.0500030517578,129.75,EQUITY,WELL"
"2024-09-16 13:30:00,129.10000610351562,131.30999755859375,130.97000122070312,129.17999267578125,EQUITY,WELL"
"2024-09-17 13:30:00,127.05999755859375,129.55999755859375,128.9499969482422,127.45999908447266,EQUITY,WELL"
"2024-09-18 13:30:00,126.77999877929688,128.72000122070312,127.63999938964844,127.66999816894531,EQUITY,WELL"
"2024-09-19 13:30:00,124.48999786376953,128.4600067138672,127.66000366210938,125.38999938964844,EQUITY,WELL"
"2024-09-20 13:30:00,123.05000305175781,126.30000305175781,123.9800033569336,125.2699966430664,EQUITY,WELL"
"2024-09-23 13:30:00,125.5,128.7100067138672,125.83000183105469,128.58999633789062,EQUITY,WELL"
"2024-09-24 13:30:00,126.8499984741211,128.38999938964844,127.12000274658203,127.5999984741211,EQUITY,WELL"
"2024-09-25 13:30:00,128.27000427246094,129.5399932861328,128.30999755859375,129.0800018310547,EQUITY,WELL"
"2024-09-26 13:30:00,126.11000061035156,129.0800018310547,128.9199981689453,126.55000305175781,EQUITY,WELL"
"2024-09-27 13:30:00,126.20999908447266,127.5199966430664,127.3499984741211,127.19999694824219,EQUITY,WELL"
"2024-09-30 13:30:00,126.19999694824219,128.02999877929688,126.83999633789062,128.02999877929688,EQUITY,WELL"
"2024-10-01 13:30:00,126.91000366210938,128.5,128.30999755859375,127.58000183105469,EQUITY,WELL"
"2024-10-02 13:30:00,126.12000274658203,127.97000122070312,126.41999816894531,127.02999877929688,EQUITY,WELL"
"2024-10-03 13:30:00,126.22000122070312,127.7699966430664,127.33999633789062,126.45999908447266,EQUITY,WELL"
"2024-10-04 13:30:00,124.54000091552734,125.9000015258789,125.31999969482422,125.55999755859375,EQUITY,WELL"
"2024-10-07 13:30:00,123.98999786376953,125.52999877929688,124.91000366210938,124.2699966430664,EQUITY,WELL"
"2024-10-08 13:30:00,123.81999969482422,125.0,124.5,124.7699966430664,EQUITY,WELL"
"2024-10-09 13:30:00,123.23999786376953,124.87000274658203,124.80000305175781,124.33999633789062,EQUITY,WELL"
"2024-10-10 13:30:00,122.33999633789062,124.44999694824219,124.36000061035156,123.11000061035156,EQUITY,WELL"
"2024-10-11 13:30:00,123.5999984741211,125.30999755859375,124.33999633789062,125.18000030517578,EQUITY,WELL"
"2024-10-14 13:30:00,125.72000122070312,127.91000366210938,126.16999816894531,127.5999984741211,EQUITY,WELL"
"2024-10-15 13:30:00,128.10000610351562,130.0399932861328,128.47999572753906,129.25,EQUITY,WELL"
"2024-10-16 13:30:00,128.82000732421875,130.75,129.1999969482422,130.35000610351562,EQUITY,WELL"
"2024-10-17 13:30:00,130.0,131.00999450683594,130.8000030517578,130.74000549316406,EQUITY,WELL"
"2024-10-18 13:30:00,130.72000122070312,132.27000427246094,131.4199981689453,132.24000549316406,EQUITY,WELL"
"2024-10-21 13:30:00,129.77999877929688,132.5399932861328,131.9499969482422,130.05999755859375,EQUITY,WELL"
"2024-10-22 13:30:00,129.25,130.6999969482422,129.47999572753906,130.08999633789062,EQUITY,WELL"
"2024-10-23 13:30:00,129.6699981689453,132.27000427246094,129.91000366210938,131.77000427246094,EQUITY,WELL"
"2024-10-24 13:30:00,131.10000610351562,132.4499969482422,131.44000244140625,132.0399932861328,EQUITY,WELL"
"2024-10-25 13:30:00,130.1300048828125,132.66000366210938,132.39999389648438,130.1999969482422,EQUITY,WELL"
"2024-10-28 13:30:00,129.92999267578125,131.5399932861328,130.7899932861328,130.57000732421875,EQUITY,WELL"
"2024-10-29 13:30:00,133.39999389648438,137.72999572753906,133.6199951171875,137.33999633789062,EQUITY,WELL"
"2024-10-30 13:30:00,136.9499969482422,139.8000030517578,137.4600067138672,138.4499969482422,EQUITY,WELL"
"2024-10-31 13:30:00,134.6300048828125,138.6199951171875,137.3800048828125,134.8800048828125,EQUITY,WELL"
"2024-11-01 13:30:00,133.14999389648438,136.6699981689453,135.5399932861328,133.27000427246094,EQUITY,WELL"
"2024-11-04 14:30:00,133.36000061035156,134.8800048828125,133.6699981689453,134.30999755859375,EQUITY,WELL"
"2024-11-05 14:30:00,133.0500030517578,135.1699981689453,133.6999969482422,135.1199951171875,EQUITY,WELL"
"2024-11-06 14:30:00,131.2100067138672,136.0,136.0,133.6699981689453,EQUITY,WELL"
"2024-11-07 14:30:00,133.4600067138672,137.52000427246094,133.91000366210938,136.9199981689453,EQUITY,WELL"
"2024-11-08 14:30:00,137.91000366210938,140.19000244140625,138.0,138.1999969482422,EQUITY,WELL"
"2024-11-11 14:30:00,136.89999389648438,138.7899932861328,138.1999969482422,137.6300048828125,EQUITY,WELL"
"2024-11-12 14:30:00,135.89999389648438,137.97000122070312,137.5800018310547,135.9600067138672,EQUITY,WELL"
"2024-11-13 14:30:00,134.77999877929688,137.30999755859375,136.6300048828125,134.9499969482422,EQUITY,WELL"
"2024-11-14 14:30:00,133.25999450683594,135.30999755859375,134.63999938964844,134.4199981689453,EQUITY,WELL"
"2024-11-15 14:30:00,133.80999755859375,136.25,133.91000366210938,136.02000427246094,EQUITY,WELL"
"2024-11-18 14:30:00,135.1999969482422,137.2100067138672,135.1999969482422,137.00999450683594,EQUITY,WELL"
"2024-11-19 14:30:00,136.4199981689453,138.58999633789062,137.11000061035156,138.17999267578125,EQUITY,WELL"
"2024-11-20 14:30:00,137.16000366210938,138.47000122070312,137.55999755859375,137.39999389648438,EQUITY,WELL"
"2024-11-21 14:30:00,136.82000732421875,138.33999633789062,137.27000427246094,137.8800048828125,EQUITY,WELL"
"2024-11-22 14:30:00,137.3000030517578,139.33999633789062,138.82000732421875,137.91000366210938,EQUITY,WELL"
"2024-11-25 14:30:00,135.69000244140625,138.52000427246094,137.7899932861328,135.75,EQUITY,WELL"
"2024-11-26 14:30:00,136.0500030517578,139.10000610351562,136.57000732421875,138.9600067138672,EQUITY,WELL"
"2024-11-27 14:30:00,138.88999938964844,140.75,139.8300018310547,139.3000030517578,EQUITY,WELL"
"2024-11-29 14:30:00,138.17999267578125,140.2899932861328,139.32000732421875,138.17999267578125,EQUITY,WELL"
"2024-12-02 14:30:00,133.49000549316406,137.8000030517578,137.38999938964844,134.02999877929688,EQUITY,WELL"
"2024-12-03 14:30:00,132.64999389648438,134.3800048828125,134.0,132.85000610351562,EQUITY,WELL"
"2024-12-04 14:30:00,132.25999450683594,134.3300018310547,132.91000366210938,133.58999633789062,EQUITY,WELL"
"2024-12-05 14:30:00,132.35000610351562,133.85000610351562,133.0800018310547,132.61000061035156,EQUITY,WELL"
"2024-12-06 14:30:00,130.3800048828125,133.1300048828125,132.11000061035156,131.3699951171875,EQUITY,WELL"
"2024-12-09 14:30:00,129.02999877929688,131.88999938964844,131.25,129.4499969482422,EQUITY,WELL"
"2024-12-10 14:30:00,128.80999755859375,131.00999450683594,129.69000244140625,129.27000427246094,EQUITY,WELL"
"2024-12-11 14:30:00,127.9800033569336,129.41000366210938,128.22000122070312,128.58999633789062,EQUITY,WELL"
"2024-12-12 14:30:00,128.44000244140625,130.22000122070312,128.8699951171875,128.44000244140625,EQUITY,WELL"
"2024-12-13 14:30:00,127.9000015258789,129.64999389648438,128.4499969482422,129.1199951171875,EQUITY,WELL"
"2024-12-16 14:30:00,128.66000366210938,130.49000549316406,129.5,128.6999969482422,EQUITY,WELL"
"2024-12-17 14:30:00,127.72000122070312,131.02000427246094,128.13999938964844,129.22999572753906,EQUITY,WELL"
"2024-12-18 14:30:00,125.4000015258789,129.94000244140625,128.7100067138672,125.58999633789062,EQUITY,WELL"
"2024-12-19 14:30:00,123.66000366210938,128.3800048828125,125.9800033569336,123.77999877929688,EQUITY,WELL"
"2024-12-20 14:30:00,123.25,126.5999984741211,124.58000183105469,124.63999938964844,EQUITY,WELL"
"2024-12-23 14:30:00,124.0199966430664,126.0199966430664,124.7699966430664,125.62000274658203,EQUITY,WELL"
"2024-12-24 14:30:00,125.0199966430664,126.88999938964844,125.0199966430664,126.58999633789062,EQUITY,WELL"
"2024-12-26 14:30:00,125.5999984741211,126.87000274658203,125.5999984741211,126.38999938964844,EQUITY,WELL"
"2024-12-27 14:30:00,124.70999908447266,126.43000030517578,125.5999984741211,125.0,EQUITY,WELL"
"2024-12-30 14:30:00,123.4800033569336,125.22000122070312,124.3499984741211,124.91999816894531,EQUITY,WELL"
"2024-12-31 14:30:00,124.75,126.2699966430664,125.94000244140625,126.02999877929688,EQUITY,WELL"
"2025-01-02 14:30:00,123.56999969482422,126.11000061035156,125.63999938964844,124.72000122070312,EQUITY,WELL"
"2025-01-03 14:30:00,124.45999908447266,126.18000030517578,124.91999816894531,125.81999969482422,EQUITY,WELL"
"2025-01-06 14:30:00,123.7699966430664,126.31999969482422,125.77999877929688,124.05000305175781,EQUITY,WELL"
"2025-01-07 14:30:00,123.66000366210938,125.58000183105469,124.7300033569336,124.23999786376953,EQUITY,WELL"
"2025-01-08 14:30:00,124.01000213623047,127.18000030517578,124.87000274658203,126.4800033569336,EQUITY,WELL"
"2025-01-10 14:30:00,123.11000061035156,126.2699966430664,125.12999725341797,124.77999877929688,EQUITY,WELL"
"2025-01-13 14:30:00,124.19000244140625,125.91000366210938,124.5,125.72000122070312,EQUITY,WELL"
"2025-01-14 14:30:00,125.69999694824219,127.0,125.73999786376953,126.87000274658203,EQUITY,WELL"
"2025-01-15 14:30:00,125.80999755859375,129.42999267578125,128.92999267578125,126.58999633789062,EQUITY,WELL"
"2025-01-16 14:30:00,126.5,128.80999755859375,126.68000030517578,128.72999572753906,EQUITY,WELL"
"2025-01-17 14:30:00,128.35000610351562,129.67999267578125,129.11000061035156,129.33999633789062,EQUITY,WELL"
"2025-01-21 14:30:00,129.6199951171875,134.25,129.6199951171875,133.6699981689453,EQUITY,WELL"
"2025-01-22 14:30:00,131.0800018310547,133.58999633789062,133.58999633789062,131.14999389648438,EQUITY,WELL"
"2025-01-23 14:30:00,130.7100067138672,132.38999938964844,131.10000610351562,132.24000549316406,EQUITY,WELL"
"2025-01-24 14:30:00,131.13999938964844,137.5800018310547,132.0,136.75,EQUITY,WELL"
"2025-01-27 14:30:00,136.2899932861328,139.2899932861328,136.5800018310547,138.4499969482422,EQUITY,WELL"
"2025-01-28 14:30:00,136.49000549316406,139.89999389648438,138.36000061035156,137.14999389648438,EQUITY,WELL"
"2025-01-29 14:30:00,134.3000030517578,138.1199951171875,137.14999389648438,134.92999267578125,EQUITY,WELL"
"2025-01-30 14:30:00,136.11000061035156,138.32000732421875,136.69000244140625,137.17999267578125,EQUITY,WELL"
"2025-01-31 14:30:00,136.02999877929688,137.8800048828125,137.10000610351562,136.47999572753906,EQUITY,WELL"
"2025-02-03 14:30:00,135.75,140.58999633789062,136.0,140.3800048828125,EQUITY,WELL"
"2025-02-04 14:30:00,137.7899932861328,140.22000122070312,139.57000732421875,138.86000061035156,EQUITY,WELL"
"2025-02-05 14:30:00,139.3800048828125,142.85000610351562,140.32000732421875,142.19000244140625,EQUITY,WELL"
"2025-02-06 14:30:00,141.69000244140625,143.16000366210938,142.75,142.38999938964844,EQUITY,WELL"
"2025-02-07 14:30:00,142.30999755859375,143.38999938964844,142.49000549316406,142.58999633789062,EQUITY,WELL"
"2025-02-10 14:30:00,140.8000030517578,143.83999633789062,142.19000244140625,143.11000061035156,EQUITY,WELL"
"2025-02-11 14:30:00,141.58999633789062,143.5800018310547,142.32000732421875,143.39999389648438,EQUITY,WELL"
"2025-02-12 14:30:00,142.0,148.5,144.5500030517578,146.5,EQUITY,WELL"
"2025-02-13 14:30:00,146.60000610351562,151.9600067138672,146.85000610351562,151.44000244140625,EQUITY,WELL"
"2025-02-14 14:30:00,149.05999755859375,151.7899932861328,151.5,149.97000122070312,EQUITY,WELL"
"2025-02-18 14:30:00,149.89999389648438,152.80999755859375,149.9600067138672,150.8000030517578,EQUITY,WELL"
"2025-02-19 14:30:00,149.27999877929688,150.77999877929688,150.72000122070312,149.7100067138672,EQUITY,WELL"
"2025-02-20 14:30:00,148.7899932861328,151.07000732421875,149.1300048828125,150.32000732421875,EQUITY,WELL"
"2025-02-21 14:30:00,147.2899932861328,151.0800018310547,150.3300018310547,148.5800018310547,EQUITY,WELL"
"2025-02-24 14:30:00,148.8300018310547,151.77000427246094,148.9199981689453,150.63999938964844,EQUITY,WELL"
"2025-02-25 14:30:00,149.44000244140625,152.58999633789062,150.35000610351562,151.74000549316406,EQUITY,WELL"
"2025-02-26 14:30:00,149.82000732421875,152.42999267578125,152.32000732421875,150.64999389648438,EQUITY,WELL"
"2025-02-27 14:30:00,149.97999572753906,152.19000244140625,150.57000732421875,151.52000427246094,EQUITY,WELL"
"2025-02-28 14:30:00,150.6999969482422,153.89999389648438,152.91000366210938,153.50999450683594,EQUITY,WELL"
"2025-03-03 14:30:00,152.50999450683594,157.1699981689453,153.49000549316406,156.86000061035156,EQUITY,WELL"
"2025-03-04 14:30:00,153.36000061035156,158.5500030517578,157.30999755859375,153.89999389648438,EQUITY,WELL"
"2025-03-05 14:30:00,152.27999877929688,155.52000427246094,152.27999877929688,154.85000610351562,EQUITY,WELL"
"2025-03-06 14:30:00,148.7899932861328,154.0,153.72000122070312,148.97000122070312,EQUITY,WELL"
"2025-03-07 14:30:00,146.22999572753906,149.82000732421875,149.2100067138672,147.4499969482422,EQUITY,WELL"
"2025-03-10 13:30:00,143.5800018310547,146.8699951171875,145.44000244140625,146.1999969482422,EQUITY,WELL"
"2025-03-11 13:30:00,145.72000122070312,149.3300018310547,147.22000122070312,147.2899932861328,EQUITY,WELL"
"2025-03-12 13:30:00,146.07000732421875,148.4199981689453,148.17999267578125,147.3800048828125,EQUITY,WELL"
"2025-03-13 13:30:00,144.75,148.25,147.75,145.88999938964844,EQUITY,WELL"
"2025-03-14 13:30:00,145.3800048828125,148.2899932861328,146.0399932861328,147.83999633789062,EQUITY,WELL"
"2025-03-17 13:30:00,147.2100067138672,151.74000549316406,148.1699981689453,151.25999450683594,EQUITY,WELL"
"2025-03-18 13:30:00,149.7100067138672,152.60000610351562,151.0,149.97000122070312,EQUITY,WELL"
"2025-03-19 13:30:00,148.1199951171875,150.49000549316406,149.97000122070312,148.75999450683594,EQUITY,WELL"
"2025-03-20 13:30:00,147.3300018310547,149.14999389648438,148.75999450683594,147.88999938964844,EQUITY,WELL"
"2025-03-21 13:30:00,145.77999877929688,148.38999938964844,146.6199951171875,146.52000427246094,EQUITY,WELL"
"2025-03-24 13:30:00,146.9199981689453,150.83999633789062,147.77000427246094,149.83999633789062,EQUITY,WELL"
"2025-03-25 13:30:00,147.35000610351562,150.67999267578125,149.7100067138672,148.1699981689453,EQUITY,WELL"
"2025-03-26 13:30:00,147.97999572753906,150.1199951171875,148.4199981689453,149.85000610351562,EQUITY,WELL"
"2025-03-27 13:30:00,149.0399932861328,151.36000061035156,149.7899932861328,149.9199981689453,EQUITY,WELL"
"2025-03-28 13:30:00,150.82000732421875,153.74000549316406,150.9199981689453,153.4199981689453,EQUITY,WELL"
"2025-03-31 13:30:00,152.0399932861328,154.47000122070312,153.8699951171875,153.2100067138672,EQUITY,WELL"
"2025-04-01 13:30:00,151.8800048828125,154.47000122070312,154.0500030517578,154.14999389648438,EQUITY,WELL"
"2025-04-02 13:30:00,152.17999267578125,154.99000549316406,154.0,153.0800018310547,EQUITY,WELL"
"2025-04-03 13:30:00,151.8800048828125,157.39999389648438,153.25999450683594,152.42999267578125,EQUITY,WELL"
"2025-04-04 13:30:00,142.97999572753906,152.91000366210938,152.3000030517578,143.2899932861328,EQUITY,WELL"
"2025-04-07 13:30:00,136.63999938964844,145.1300048828125,140.10000610351562,138.80999755859375,EQUITY,WELL"
"2025-04-08 13:30:00,135.27000427246094,143.30999755859375,142.97999572753906,136.49000549316406,EQUITY,WELL"
"2025-04-09 13:30:00,130.2899932861328,142.1199951171875,134.72999572753906,141.49000549316406,EQUITY,WELL"
"2025-04-10 13:30:00,138.0500030517578,143.8800048828125,140.99000549316406,141.80999755859375,EQUITY,WELL"
"2025-04-11 13:30:00,139.08999633789062,143.1199951171875,141.39999389648438,142.6699981689453,EQUITY,WELL"
"2025-04-14 13:30:00,142.74000549316406,146.52000427246094,143.89999389648438,145.58999633789062,EQUITY,WELL"
"2025-04-15 13:30:00,144.8000030517578,147.91000366210938,146.38999938964844,146.58999633789062,EQUITY,WELL"
"2025-04-16 13:30:00,144.9499969482422,147.8699951171875,146.52000427246094,145.6300048828125,EQUITY,WELL"
"2025-04-17 13:30:00,146.25999450683594,148.3800048828125,146.42999267578125,147.27000427246094,EQUITY,WELL"
"2025-04-21 13:30:00,141.5500030517578,147.27000427246094,146.75999450683594,143.64999389648438,EQUITY,WELL"
"2025-04-22 13:30:00,144.5500030517578,148.0,144.9499969482422,147.25,EQUITY,WELL"
"2025-04-23 13:30:00,146.35000610351562,148.89999389648438,147.3800048828125,147.64999389648438,EQUITY,WELL"
"2025-04-24 13:30:00,146.6199951171875,148.97000122070312,147.02999877929688,147.75,EQUITY,WELL"
"2025-04-25 13:30:00,145.89999389648438,148.9499969482422,148.0800018310547,146.9600067138672,EQUITY,WELL"
"2025-04-28 13:30:00,146.8800048828125,149.35000610351562,147.82000732421875,149.0500030517578,EQUITY,WELL"
"2025-04-29 13:30:00,149.88999938964844,152.82000732421875,152.6300048828125,151.47999572753906,EQUITY,WELL"
"2025-04-30 13:30:00,150.13999938964844,153.7899932861328,151.0399932861328,152.58999633789062,EQUITY,WELL"
"2025-05-01 13:30:00,148.89999389648438,151.7100067138672,151.5,150.3300018310547,EQUITY,WELL"
"2025-05-02 13:30:00,149.80999755859375,153.19000244140625,152.0399932861328,150.72000122070312,EQUITY,WELL"
"2025-05-05 13:30:00,149.4499969482422,151.61000061035156,151.07000732421875,150.92999267578125,EQUITY,WELL"
"2025-05-06 13:30:00,149.5,151.47000122070312,150.49000549316406,150.5,EQUITY,WELL"
"2025-05-07 13:30:00,149.60000610351562,152.42999267578125,149.8699951171875,151.33999633789062,EQUITY,WELL"
"2025-05-08 13:30:00,148.05999755859375,152.0399932861328,151.30999755859375,148.25,EQUITY,WELL"
"2025-05-09 13:30:00,147.97999572753906,149.77999877929688,148.6699981689453,149.17999267578125,EQUITY,WELL"
"2025-05-12 13:30:00,142.97999572753906,149.27999877929688,149.10000610351562,145.6300048828125,EQUITY,WELL"
"2025-05-13 13:30:00,143.5500030517578,146.22999572753906,145.88999938964844,145.27999877929688,EQUITY,WELL"
"2025-05-14 13:30:00,142.64999389648438,144.2899932861328,144.22000122070312,143.39999389648438,EQUITY,WELL"
"2025-05-15 13:30:00,143.77999877929688,147.0,143.77999877929688,146.88999938964844,EQUITY,WELL"
"2025-05-16 13:30:00,146.5,148.72000122070312,147.27999877929688,148.72000122070312,EQUITY,WELL"
"2025-05-19 13:30:00,147.61000061035156,150.7100067138672,148.41000366210938,150.64999389648438,EQUITY,WELL"
"2025-05-20 13:30:00,149.4199981689453,151.41000366210938,149.44000244140625,151.22000122070312,EQUITY,WELL"
"2025-05-21 13:30:00,148.05999755859375,152.11000061035156,151.5500030517578,148.3000030517578,EQUITY,WELL"
"2025-05-22 13:30:00,146.64999389648438,148.7899932861328,148.47000122070312,146.89999389648438,EQUITY,WELL"
"2025-05-23 13:30:00,147.49000549316406,149.72000122070312,148.16000366210938,149.1699981689453,EQUITY,WELL"
"2025-05-27 13:30:00,149.9199981689453,153.16000366210938,150.67999267578125,152.47000122070312,EQUITY,WELL"
"2025-05-28 13:30:00,149.89999389648438,152.08999633789062,151.47999572753906,151.6999969482422,EQUITY,WELL"
"2025-05-29 13:30:00,150.39999389648438,153.35000610351562,151.3800048828125,153.07000732421875,EQUITY,WELL"
"2025-05-30 13:30:00,152.0399932861328,154.91000366210938,153.1999969482422,154.27999877929688,EQUITY,WELL"
"2025-06-02 13:30:00,152.7899932861328,155.32000732421875,153.1999969482422,155.22000122070312,EQUITY,WELL"
"2025-06-03 13:30:00,151.39999389648438,155.6999969482422,155.3800048828125,152.1999969482422,EQUITY,WELL"
"2025-06-04 13:30:00,150.33999633789062,153.10000610351562,151.8800048828125,152.0500030517578,EQUITY,WELL"
"2025-06-05 13:30:00,150.55999755859375,153.9199981689453,152.0500030517578,153.02999877929688,EQUITY,WELL"
"2025-06-06 13:30:00,152.61000061035156,154.57000732421875,153.22000122070312,154.4499969482422,EQUITY,WELL"
"2025-06-09 13:30:00,148.60000610351562,153.8000030517578,152.1300048828125,150.30999755859375,EQUITY,WELL"
"2025-06-10 13:30:00,149.82000732421875,151.61000061035156,150.0,150.89999389648438,EQUITY,WELL"
"2025-06-11 13:30:00,148.6999969482422,151.5,150.60000610351562,150.24000549316406,EQUITY,WELL"
"2025-06-12 13:30:00,150.8699951171875,152.92999267578125,151.66000366210938,151.91000366210938,EQUITY,WELL"
"2025-06-13 13:30:00,150.49000549316406,152.44000244140625,151.97999572753906,152.39999389648438,EQUITY,WELL"
"2025-06-16 13:30:00,150.0500030517578,154.1300048828125,152.88999938964844,150.5800018310547,EQUITY,WELL"
"2025-06-17 13:30:00,149.6999969482422,152.05999755859375,150.82000732421875,151.8699951171875,EQUITY,WELL"
"2025-06-18 13:30:00,151.08999633789062,153.9199981689453,152.0,153.17999267578125,EQUITY,WELL"
"2025-06-20 13:30:00,151.13999938964844,154.1999969482422,152.91000366210938,151.24000549316406,EQUITY,WELL"
"2025-06-23 13:30:00,152.25,154.85000610351562,152.82000732421875,154.1199951171875,EQUITY,WELL"
"2025-06-24 13:30:00,152.5,155.38999938964844,153.25999450683594,154.25,EQUITY,WELL"
"2025-06-25 13:30:00,152.16000366210938,154.86000061035156,153.02999877929688,153.42999267578125,EQUITY,WELL"
"2025-06-26 13:30:00,151.72000122070312,156.22000122070312,155.00999450683594,153.47999572753906,EQUITY,WELL"
"2025-06-27 13:30:00,151.9199981689453,153.4199981689453,153.0800018310547,152.1300048828125,EQUITY,WELL"
"2025-06-30 13:30:00,150.00999450683594,153.8800048828125,151.8699951171875,153.72999572753906,EQUITY,WELL"
"2025-07-01 13:30:00,150.0,154.7899932861328,154.16000366210938,151.60000610351562,EQUITY,WELL"
"2025-07-02 13:30:00,148.97000122070312,151.72999572753906,151.07000732421875,150.7100067138672,EQUITY,WELL"
"2025-07-03 13:30:00,150.1999969482422,153.10000610351562,151.80999755859375,152.77000427246094,EQUITY,WELL"
"2025-07-07 13:30:00,152.74000549316406,154.72999572753906,153.61000061035156,154.22999572753906,EQUITY,WELL"
"2025-07-08 13:30:00,150.52999877929688,154.0,153.4199981689453,151.75999450683594,EQUITY,WELL"
"2025-07-09 13:30:00,150.6999969482422,153.17999267578125,151.1699981689453,152.25,EQUITY,WELL"
"2025-07-10 13:30:00,150.77999877929688,153.61000061035156,151.80999755859375,152.72000122070312,EQUITY,WELL"
"2025-07-11 13:30:00,151.9199981689453,155.52000427246094,152.1199951171875,155.16000366210938,EQUITY,WELL"
"2025-07-14 13:30:00,155.35000610351562,158.22000122070312,155.35000610351562,158.07000732421875,EQUITY,WELL"
"2025-07-15 13:30:00,155.3300018310547,158.5500030517578,157.6300048828125,156.7100067138672,EQUITY,WELL"
"2025-07-16 13:30:00,156.22999572753906,158.41000366210938,157.52999877929688,157.5500030517578,EQUITY,WELL"
"2025-07-17 13:30:00,156.47000122070312,157.94000244140625,157.27999877929688,157.6300048828125,EQUITY,WELL"
"2025-07-18 13:30:00,156.9600067138672,159.57000732421875,157.52999877929688,159.0500030517578,EQUITY,WELL"
"2025-07-21 13:30:00,158.4600067138672,160.94000244140625,158.8000030517578,160.32000732421875,EQUITY,WELL"
"2025-07-22 13:30:00,159.82000732421875,161.49000549316406,160.67999267578125,161.08999633789062,EQUITY,WELL"
"2025-07-23 13:30:00,159.66000366210938,161.74000549316406,160.6300048828125,161.6300048828125,EQUITY,WELL"
"2025-07-24 13:30:00,159.3800048828125,162.22999572753906,161.50999450683594,161.39999389648438,EQUITY,WELL"
"2025-07-25 13:30:00,160.1999969482422,162.25999450683594,161.19000244140625,161.55999755859375,EQUITY,WELL"
"2025-07-28 13:30:00,158.24000549316406,161.2899932861328,161.1999969482422,158.2899932861328,EQUITY,WELL"
"2025-07-29 13:30:00,160.50999450683594,167.1999969482422,162.47999572753906,165.9600067138672,EQUITY,WELL"
"2025-07-30 13:30:00,165.55999755859375,168.83999633789062,165.92999267578125,166.3800048828125,EQUITY,WELL"
"2025-07-31 13:30:00,164.8800048828125,167.32000732421875,165.80999755859375,165.07000732421875,EQUITY,WELL"
"2025-08-01 13:30:00,165.1199951171875,167.77999877929688,166.86000061035156,166.24000549316406,EQUITY,WELL"
"2025-08-04 13:30:00,165.7100067138672,169.0,165.72999572753906,168.77999877929688,EQUITY,WELL"
"2025-08-05 13:30:00,168.0,170.3000030517578,168.82000732421875,169.69000244140625,EQUITY,WELL"
"2025-08-06 13:30:00,168.86000061035156,171.08999633789062,169.74000549316406,168.9600067138672,EQUITY,WELL"
"2025-08-07 13:30:00,168.77999877929688,170.50999450683594,168.8800048828125,169.67999267578125,EQUITY,WELL"
"2025-08-08 13:30:00,168.02999877929688,170.88999938964844,170.1199951171875,168.02999877929688,EQUITY,WELL"
"2025-08-11 13:30:00,167.02000427246094,169.57000732421875,167.89999389648438,168.02999877929688,EQUITY,WELL"
"2025-08-12 13:30:00,162.19000244140625,167.4499969482422,167.4499969482422,164.7899932861328,EQUITY,WELL"
"2025-08-13 13:30:00,161.27000427246094,165.50999450683594,165.25999450683594,163.0399932861328,EQUITY,WELL"
"2025-08-14 13:30:00,161.74000549316406,164.36000061035156,163.5399932861328,161.8800048828125,EQUITY,WELL"
"2025-08-15 13:30:00,161.25999450683594,163.3300018310547,162.07000732421875,162.89999389648438,EQUITY,WELL"
"2025-08-18 13:30:00,162.0,164.41000366210938,163.27000427246094,162.41000366210938,EQUITY,WELL"
"2025-08-19 13:30:00,162.2899932861328,163.61000061035156,162.41000366210938,163.57000732421875,EQUITY,WELL"
"2025-08-20 13:30:00,164.4600067138672,167.32000732421875,164.4600067138672,165.99000549316406,EQUITY,WELL"
"2025-08-21 13:30:00,165.42999267578125,167.8000030517578,165.6199951171875,166.94000244140625,EQUITY,WELL"
"2025-08-22 13:30:00,163.97000122070312,168.47000122070312,167.86000061035156,164.42999267578125,EQUITY,WELL"
"2025-08-25 13:30:00,164.47999572753906,165.99000549316406,164.52999877929688,164.89999389648438,EQUITY,WELL"
"2025-08-26 13:30:00,164.10000610351562,166.60000610351562,165.0,165.83999633789062,EQUITY,WELL"
"2025-08-27 13:30:00,166.07000732421875,168.14999389648438,166.25,167.75,EQUITY,WELL"
"2025-08-28 13:30:00,166.66000366210938,168.5,167.42999267578125,167.39999389648438,EQUITY,WELL"
"2025-08-29 13:30:00,167.2899932861328,168.55999755859375,167.5,168.27999877929688,EQUITY,WELL"
"2025-09-02 13:30:00,166.97999572753906,169.27000427246094,168.08999633789062,167.74000549316406,EQUITY,WELL"
"2025-09-03 13:30:00,167.13999938964844,169.47000122070312,167.47999572753906,167.42999267578125,EQUITY,WELL"
"2025-09-04 13:30:00,166.1699981689453,168.91000366210938,168.25,167.67999267578125,EQUITY,WELL"
"2025-09-05 13:30:00,164.3300018310547,168.58999633789062,168.36000061035156,167.82000732421875,EQUITY,WELL"
"2025-09-08 13:30:00,166.9600067138672,170.99000549316406,167.80999755859375,169.36000061035156,EQUITY,WELL"
"2025-09-09 13:30:00,168.1699981689453,169.6199951171875,169.02000427246094,168.85000610351562,EQUITY,WELL"
"2025-09-10 13:30:00,168.00999450683594,170.49000549316406,168.83999633789062,168.08999633789062,EQUITY,WELL"
"2025-09-11 13:30:00,167.52999877929688,169.22000122070312,168.22999572753906,168.47000122070312,EQUITY,WELL"
"2025-09-12 13:30:00,168.07000732421875,169.6699981689453,168.42999267578125,169.1300048828125,EQUITY,WELL"
"2025-09-15 13:30:00,168.5800018310547,170.41000366210938,169.3000030517578,168.9199981689453,EQUITY,WELL"
"2025-09-16 13:30:00,164.92999267578125,169.14999389648438,169.00999450683594,165.2100067138672,EQUITY,WELL"
"2025-09-17 13:30:00,164.3300018310547,167.0,165.3300018310547,165.91000366210938,EQUITY,WELL"
"2025-09-18 13:30:00,166.10000610351562,167.72000122070312,166.1999969482422,166.52999877929688,EQUITY,WELL"
"2025-09-19 13:30:00,164.8800048828125,168.1999969482422,166.77000427246094,165.19000244140625,EQUITY,WELL"
"2025-09-22 13:30:00,164.5399932861328,167.74000549316406,165.4499969482422,167.4199981689453,EQUITY,WELL"
"2025-09-23 13:30:00,167.8800048828125,172.7100067138672,168.47000122070312,172.5500030517578,EQUITY,WELL"
"2025-09-24 13:30:00,170.80999755859375,173.22000122070312,172.50999450683594,170.97000122070312,EQUITY,WELL"
"2025-09-25 13:30:00,170.88999938964844,172.69000244140625,171.4600067138672,171.6999969482422,EQUITY,WELL"
"2025-09-26 13:30:00,172.36000061035156,175.10000610351562,172.49000549316406,174.89999389648438,EQUITY,WELL"
"2025-09-29 13:30:00,174.24000549316406,177.22999572753906,175.0,176.1999969482422,EQUITY,WELL"
"2025-09-30 13:30:00,176.52999877929688,178.5399932861328,176.52999877929688,178.13999938964844,EQUITY,WELL"
"2025-10-01 13:30:00,177.94000244140625,180.39999389648438,178.3699951171875,179.3800048828125,EQUITY,WELL"
"2025-10-02 13:30:00,174.88999938964844,179.3699951171875,178.9199981689453,175.5,EQUITY,WELL"
"2025-10-03 13:30:00,175.0,176.60000610351562,175.3800048828125,175.0399932861328,EQUITY,WELL"
"2025-10-06 13:30:00,173.14999389648438,175.44000244140625,174.0399932861328,174.13999938964844,EQUITY,WELL"
"2025-10-07 13:30:00,171.7899932861328,174.0,173.86000061035156,173.0,EQUITY,WELL"
"2025-10-08 13:30:00,168.8800048828125,172.80999755859375,172.47000122070312,169.13999938964844,EQUITY,WELL"
"2025-10-09 13:30:00,166.47999572753906,170.07000732421875,169.58999633789062,167.27000427246094,EQUITY,WELL"
"2025-10-10 13:30:00,165.52000427246094,167.9600067138672,167.02000427246094,165.94000244140625,EQUITY,WELL"
"2024-09-09 13:30:00,27.079999923706055,27.459999084472656,27.360000610351562,27.40999984741211,EQUITY,CNP"
"2024-09-10 13:30:00,27.389999389648438,27.8700008392334,27.399999618530273,27.549999237060547,EQUITY,CNP"
"2024-09-11 13:30:00,27.25,27.989999771118164,27.459999084472656,27.950000762939453,EQUITY,CNP"
"2024-09-12 13:30:00,27.530000686645508,28.06999969482422,27.950000762939453,27.59000015258789,EQUITY,CNP"
"2024-09-13 13:30:00,26.31999969482422,27.969999313354492,27.709999084472656,27.93000030517578,EQUITY,CNP"
"2024-09-16 13:30:00,28.010000228881836,28.270000457763672,28.020000457763672,28.209999084472656,EQUITY,CNP"
"2024-09-17 13:30:00,28.110000610351562,28.420000076293945,28.25,28.31999969482422,EQUITY,CNP"
"2024-09-18 13:30:00,27.920000076293945,28.389999389648438,28.389999389648438,28.209999084472656,EQUITY,CNP"
"2024-09-19 13:30:00,28.0,28.459999084472656,28.09000015258789,28.260000228881836,EQUITY,CNP"
"2024-09-20 13:30:00,27.920000076293945,28.40999984741211,28.40999984741211,28.170000076293945,EQUITY,CNP"
"2024-09-23 13:30:00,28.299999237060547,28.989999771118164,28.350000381469727,28.93000030517578,EQUITY,CNP"
"2024-09-24 13:30:00,28.670000076293945,29.190000534057617,28.739999771118164,28.68000030517578,EQUITY,CNP"
"2024-09-25 13:30:00,28.40999984741211,28.959999084472656,28.8700008392334,28.6200008392334,EQUITY,CNP"
"2024-09-26 13:30:00,28.6200008392334,29.079999923706055,28.6200008392334,28.940000534057617,EQUITY,CNP"
"2024-09-27 13:30:00,29.049999237060547,29.219999313354492,29.1299991607666,29.100000381469727,EQUITY,CNP"
"2024-09-30 13:30:00,28.889999389648438,29.43000030517578,29.149999618530273,29.420000076293945,EQUITY,CNP"
"2024-10-01 13:30:00,29.25,29.959999084472656,29.350000381469727,29.889999389648438,EQUITY,CNP"
"2024-10-02 13:30:00,29.56999969482422,30.110000610351562,29.56999969482422,30.049999237060547,EQUITY,CNP"
"2024-10-03 13:30:00,29.979999542236328,30.3799991607666,30.1299991607666,30.299999237060547,EQUITY,CNP"
"2024-10-04 13:30:00,30.139999389648438,30.6299991607666,30.219999313354492,30.520000457763672,EQUITY,CNP"
"2024-10-07 13:30:00,29.6200008392334,30.440000534057617,30.360000610351562,29.639999389648438,EQUITY,CNP"
"2024-10-08 13:30:00,29.389999389648438,29.84000015258789,29.719999313354492,29.469999313354492,EQUITY,CNP"
"2024-10-09 13:30:00,29.329999923706055,29.690000534057617,29.43000030517578,29.489999771118164,EQUITY,CNP"
"2024-10-10 13:30:00,29.420000076293945,29.729999542236328,29.56999969482422,29.489999771118164,EQUITY,CNP"
"2024-10-11 13:30:00,29.299999237060547,29.59000015258789,29.3799991607666,29.56999969482422,EQUITY,CNP"
"2024-10-14 13:30:00,29.489999771118164,29.809999465942383,29.639999389648438,29.780000686645508,EQUITY,CNP"
"2024-10-15 13:30:00,29.84000015258789,30.270000457763672,29.989999771118164,29.959999084472656,EQUITY,CNP"
"2024-10-16 13:30:00,29.959999084472656,30.270000457763672,30.030000686645508,30.110000610351562,EQUITY,CNP"
"2024-10-17 13:30:00,29.770000457763672,30.239999771118164,30.079999923706055,30.18000030517578,EQUITY,CNP"
"2024-10-18 13:30:00,29.979999542236328,30.280000686645508,30.209999084472656,30.110000610351562,EQUITY,CNP"
"2024-10-21 13:30:00,29.90999984741211,30.25,30.110000610351562,30.09000015258789,EQUITY,CNP"
"2024-10-22 13:30:00,29.780000686645508,30.09000015258789,29.81999969482422,29.790000915527344,EQUITY,CNP"
"2024-10-23 13:30:00,29.40999984741211,29.90999984741211,29.770000457763672,29.75,EQUITY,CNP"
"2024-10-24 13:30:00,29.389999389648438,29.850000381469727,29.780000686645508,29.479999542236328,EQUITY,CNP"
"2024-10-25 13:30:00,29.270000457763672,29.75,29.75,29.309999465942383,EQUITY,CNP"
"2024-10-28 13:30:00,29.40999984741211,30.149999618530273,29.81999969482422,29.75,EQUITY,CNP"
"2024-10-29 13:30:00,28.979999542236328,29.799999237060547,29.6299991607666,29.43000030517578,EQUITY,CNP"
"2024-10-30 13:30:00,29.059999465942383,29.6299991607666,29.56999969482422,29.260000228881836,EQUITY,CNP"
"2024-10-31 13:30:00,29.15999984741211,30.06999969482422,29.260000228881836,29.530000686645508,EQUITY,CNP"
"2024-11-01 13:30:00,28.56999969482422,29.68000030517578,29.530000686645508,28.579999923706055,EQUITY,CNP"
"2024-11-04 14:30:00,28.56999969482422,29.110000610351562,28.639999389648438,29.020000457763672,EQUITY,CNP"
"2024-11-05 14:30:00,28.850000381469727,29.75,28.979999542236328,29.549999237060547,EQUITY,CNP"
"2024-11-06 14:30:00,28.90999984741211,29.450000762939453,29.34000015258789,29.020000457763672,EQUITY,CNP"
"2024-11-07 14:30:00,29.040000915527344,29.799999237060547,29.110000610351562,29.3700008392334,EQUITY,CNP"
"2024-11-08 14:30:00,29.209999084472656,30.520000457763672,29.399999618530273,30.389999389648438,EQUITY,CNP"
"2024-11-11 14:30:00,29.90999984741211,30.59000015258789,30.1299991607666,30.059999465942383,EQUITY,CNP"
"2024-11-12 14:30:00,30.020000457763672,30.520000457763672,30.110000610351562,30.440000534057617,EQUITY,CNP"
"2024-11-13 14:30:00,30.209999084472656,31.06999969482422,30.610000610351562,30.40999984741211,EQUITY,CNP"
"2024-11-14 14:30:00,29.959999084472656,30.56999969482422,30.459999084472656,29.979999542236328,EQUITY,CNP"
"2024-11-15 14:30:00,29.969999313354492,30.8799991607666,29.969999313354492,30.860000610351562,EQUITY,CNP"
"2024-11-18 14:30:00,30.860000610351562,31.290000915527344,30.889999389648438,31.149999618530273,EQUITY,CNP"
"2024-11-19 14:30:00,30.899999618530273,31.450000762939453,31.100000381469727,31.399999618530273,EQUITY,CNP"
"2024-11-20 14:30:00,31.229999542236328,31.690000534057617,31.5,31.56999969482422,EQUITY,CNP"
"2024-11-21 14:30:00,30.920000076293945,31.809999465942383,31.389999389648438,31.729999542236328,EQUITY,CNP"
"2024-11-22 14:30:00,31.670000076293945,32.34000015258789,31.81999969482422,31.93000030517578,EQUITY,CNP"
"2024-11-25 14:30:00,31.969999313354492,32.61000061035156,32.04999923706055,32.47999954223633,EQUITY,CNP"
"2024-11-26 14:30:00,32.279998779296875,32.65999984741211,32.470001220703125,32.529998779296875,EQUITY,CNP"
"2024-11-27 14:30:00,32.380001068115234,32.86000061035156,32.7599983215332,32.65999984741211,EQUITY,CNP"
"2024-11-29 14:30:00,32.540000915527344,32.849998474121094,32.63999938964844,32.619998931884766,EQUITY,CNP"
"2024-12-02 14:30:00,31.989999771118164,32.779998779296875,32.70000076293945,31.989999771118164,EQUITY,CNP"
"2024-12-03 14:30:00,32.119998931884766,33.0,33.0,32.130001068115234,EQUITY,CNP"
"2024-12-04 14:30:00,31.959999084472656,32.33000183105469,32.130001068115234,32.29999923706055,EQUITY,CNP"
"2024-12-05 14:30:00,31.889999389648438,32.529998779296875,32.380001068115234,31.989999771118164,EQUITY,CNP"
"2024-12-06 14:30:00,31.610000610351562,32.2400016784668,32.15999984741211,31.65999984741211,EQUITY,CNP"
"2024-12-09 14:30:00,31.290000915527344,31.700000762939453,31.670000076293945,31.360000610351562,EQUITY,CNP"
"2024-12-10 14:30:00,30.760000228881836,31.530000686645508,31.360000610351562,31.3799991607666,EQUITY,CNP"
"2024-12-11 14:30:00,31.15999984741211,31.610000610351562,31.420000076293945,31.40999984741211,EQUITY,CNP"
"2024-12-12 14:30:00,31.530000686645508,31.979999542236328,31.530000686645508,31.90999984741211,EQUITY,CNP"
"2024-12-13 14:30:00,31.850000381469727,32.189998626708984,31.920000076293945,31.940000534057617,EQUITY,CNP"
"2024-12-16 14:30:00,31.75,32.630001068115234,31.799999237060547,32.06999969482422,EQUITY,CNP"
"2024-12-17 14:30:00,31.6200008392334,32.16999816894531,31.829999923706055,31.709999084472656,EQUITY,CNP"
"2024-12-18 14:30:00,31.43000030517578,32.25,31.59000015258789,31.440000534057617,EQUITY,CNP"
"2024-12-19 14:30:00,31.270000457763672,32.099998474121094,31.309999465942383,31.760000228881836,EQUITY,CNP"
"2024-12-20 14:30:00,31.649999618530273,32.7400016784668,31.760000228881836,32.540000915527344,EQUITY,CNP"
"2024-12-23 14:30:00,31.709999084472656,32.5099983215332,32.439998626708984,32.099998474121094,EQUITY,CNP"
"2024-12-24 14:30:00,31.959999084472656,32.41999816894531,31.959999084472656,32.38999938964844,EQUITY,CNP"
"2024-12-26 14:30:00,32.2400016784668,32.52000045776367,32.31999969482422,32.369998931884766,EQUITY,CNP"
"2024-12-27 14:30:00,32.04999923706055,32.4900016784668,32.130001068115234,32.209999084472656,EQUITY,CNP"
"2024-12-30 14:30:00,31.56999969482422,32.08000183105469,32.060001373291016,31.829999923706055,EQUITY,CNP"
"2024-12-31 14:30:00,31.469999313354492,32.02000045776367,31.809999465942383,31.729999542236328,EQUITY,CNP"
"2025-01-02 14:30:00,31.309999465942383,32.060001373291016,32.0,31.489999771118164,EQUITY,CNP"
"2025-01-03 14:30:00,31.40999984741211,31.809999465942383,31.600000381469727,31.639999389648438,EQUITY,CNP"
"2025-01-06 14:30:00,31.020000457763672,31.639999389648438,31.6200008392334,31.049999237060547,EQUITY,CNP"
"2025-01-07 14:30:00,30.81999969482422,31.309999465942383,31.079999923706055,30.8700008392334,EQUITY,CNP"
"2025-01-08 14:30:00,30.59000015258789,31.190000534057617,30.84000015258789,31.170000076293945,EQUITY,CNP"
"2025-01-10 14:30:00,30.860000610351562,32.369998931884766,31.020000457763672,31.18000030517578,EQUITY,CNP"
"2025-01-13 14:30:00,30.920000076293945,31.649999618530273,31.110000610351562,31.610000610351562,EQUITY,CNP"
"2025-01-14 14:30:00,31.540000915527344,31.959999084472656,31.700000762939453,31.860000610351562,EQUITY,CNP"
"2025-01-15 14:30:00,31.59000015258789,32.290000915527344,32.150001525878906,31.8700008392334,EQUITY,CNP"
"2025-01-16 14:30:00,31.700000762939453,32.81999969482422,31.739999771118164,32.79999923706055,EQUITY,CNP"
"2025-01-17 14:30:00,32.279998779296875,32.810001373291016,32.7400016784668,32.560001373291016,EQUITY,CNP"
"2025-01-21 14:30:00,32.689998626708984,33.119998931884766,32.75,33.060001373291016,EQUITY,CNP"
"2025-01-22 14:30:00,32.380001068115234,33.029998779296875,33.029998779296875,32.439998626708984,EQUITY,CNP"
"2025-01-23 14:30:00,32.22999954223633,32.58000183105469,32.41999816894531,32.439998626708984,EQUITY,CNP"
"2025-01-24 14:30:00,32.029998779296875,32.47999954223633,32.290000915527344,32.36000061035156,EQUITY,CNP"
"2025-01-27 14:30:00,31.760000228881836,32.939998626708984,32.790000915527344,32.880001068115234,EQUITY,CNP"
"2025-01-28 14:30:00,32.130001068115234,32.93000030517578,32.75,32.310001373291016,EQUITY,CNP"
"2025-01-29 14:30:00,32.2599983215332,32.7400016784668,32.380001068115234,32.29999923706055,EQUITY,CNP"
"2025-01-30 14:30:00,32.439998626708984,33.0099983215332,32.7599983215332,32.880001068115234,EQUITY,CNP"
"2025-01-31 14:30:00,32.31999969482422,32.90999984741211,32.75,32.56999969482422,EQUITY,CNP"
"2025-02-03 14:30:00,32.0099983215332,32.630001068115234,32.15999984741211,32.5099983215332,EQUITY,CNP"
"2025-02-04 14:30:00,32.119998931884766,32.529998779296875,32.209999084472656,32.150001525878906,EQUITY,CNP"
"2025-02-05 14:30:00,32.150001525878906,32.470001220703125,32.43000030517578,32.27000045776367,EQUITY,CNP"
"2025-02-06 14:30:00,31.959999084472656,32.47999954223633,32.41999816894531,32.439998626708984,EQUITY,CNP"
"2025-02-07 14:30:00,32.220001220703125,32.540000915527344,32.380001068115234,32.400001525878906,EQUITY,CNP"
"2025-02-10 14:30:00,32.119998931884766,32.40999984741211,32.349998474121094,32.380001068115234,EQUITY,CNP"
"2025-02-11 14:30:00,31.959999084472656,32.40999984741211,32.220001220703125,32.40999984741211,EQUITY,CNP"
"2025-02-12 14:30:00,31.989999771118164,32.709999084472656,31.989999771118164,32.58000183105469,EQUITY,CNP"
"2025-02-13 14:30:00,32.630001068115234,33.5099983215332,32.66999816894531,33.43000030517578,EQUITY,CNP"
"2025-02-14 14:30:00,33.380001068115234,33.849998474121094,33.599998474121094,33.40999984741211,EQUITY,CNP"
"2025-02-18 14:30:00,33.40999984741211,34.09000015258789,33.5,33.810001373291016,EQUITY,CNP"
"2025-02-19 14:30:00,33.709999084472656,34.16999816894531,33.709999084472656,34.09000015258789,EQUITY,CNP"
"2025-02-20 14:30:00,33.2599983215332,34.119998931884766,34.09000015258789,33.72999954223633,EQUITY,CNP"
"2025-02-21 14:30:00,33.529998779296875,34.38999938964844,33.7400016784668,34.290000915527344,EQUITY,CNP"
"2025-02-24 14:30:00,33.630001068115234,34.439998626708984,34.369998931884766,34.20000076293945,EQUITY,CNP"
"2025-02-25 14:30:00,33.709999084472656,34.380001068115234,34.16999816894531,34.220001220703125,EQUITY,CNP"
"2025-02-26 14:30:00,33.90999984741211,34.4900016784668,34.11000061035156,34.040000915527344,EQUITY,CNP"
"2025-02-27 14:30:00,33.63999938964844,34.06999969482422,33.790000915527344,33.7400016784668,EQUITY,CNP"
"2025-02-28 14:30:00,33.810001373291016,34.43000030517578,34.029998779296875,34.380001068115234,EQUITY,CNP"
"2025-03-03 14:30:00,34.22999954223633,34.849998474121094,34.349998474121094,34.56999969482422,EQUITY,CNP"
"2025-03-04 14:30:00,33.630001068115234,34.72999954223633,34.61000061035156,33.689998626708984,EQUITY,CNP"
"2025-03-05 14:30:00,33.380001068115234,33.9900016784668,33.470001220703125,33.81999969482422,EQUITY,CNP"
"2025-03-06 14:30:00,33.2400016784668,33.779998779296875,33.689998626708984,33.400001525878906,EQUITY,CNP"
"2025-03-07 14:30:00,33.279998779296875,34.349998474121094,33.349998474121094,34.2599983215332,EQUITY,CNP"
"2025-03-10 13:30:00,34.099998474121094,34.97999954223633,34.189998626708984,34.43000030517578,EQUITY,CNP"
"2025-03-11 13:30:00,34.27000045776367,35.0099983215332,34.88999938964844,34.529998779296875,EQUITY,CNP"
"2025-03-12 13:30:00,34.29999923706055,34.810001373291016,34.36000061035156,34.54999923706055,EQUITY,CNP"
"2025-03-13 13:30:00,34.380001068115234,34.86000061035156,34.61000061035156,34.61000061035156,EQUITY,CNP"
"2025-03-14 13:30:00,34.650001525878906,35.63999938964844,34.650001525878906,35.47999954223633,EQUITY,CNP"
"2025-03-17 13:30:00,35.369998931884766,35.880001068115234,35.540000915527344,35.59000015258789,EQUITY,CNP"
"2025-03-18 13:30:00,35.22999954223633,35.70000076293945,35.310001373291016,35.65999984741211,EQUITY,CNP"
"2025-03-19 13:30:00,35.380001068115234,35.91999816894531,35.52000045776367,35.86000061035156,EQUITY,CNP"
"2025-03-20 13:30:00,35.7400016784668,35.9900016784668,35.83000183105469,35.959999084472656,EQUITY,CNP"
"2025-03-21 13:30:00,35.5099983215332,36.189998626708984,35.88999938964844,35.77000045776367,EQUITY,CNP"
"2025-03-24 13:30:00,35.47999954223633,36.08000183105469,35.7400016784668,35.720001220703125,EQUITY,CNP"
"2025-03-25 13:30:00,34.95000076293945,35.70000076293945,35.650001525878906,35.22999954223633,EQUITY,CNP"
"2025-03-26 13:30:00,35.29999923706055,35.66999816894531,35.29999923706055,35.540000915527344,EQUITY,CNP"
"2025-03-27 13:30:00,35.5,35.900001525878906,35.650001525878906,35.66999816894531,EQUITY,CNP"
"2025-03-28 13:30:00,35.810001373291016,36.400001525878906,35.900001525878906,36.25,EQUITY,CNP"
"2025-03-31 13:30:00,36.08000183105469,36.970001220703125,36.279998779296875,36.22999954223633,EQUITY,CNP"
"2025-04-01 13:30:00,36.0099983215332,36.90999984741211,36.31999969482422,36.79999923706055,EQUITY,CNP"
"2025-04-02 13:30:00,36.790000915527344,37.279998779296875,37.0,36.93000030517578,EQUITY,CNP"
"2025-04-03 13:30:00,37.029998779296875,37.70000076293945,37.060001373291016,37.36000061035156,EQUITY,CNP"
"2025-04-04 13:30:00,35.7599983215332,37.650001525878906,37.2599983215332,36.08000183105469,EQUITY,CNP"
"2025-04-07 13:30:00,35.13999938964844,36.40999984741211,35.63999938964844,35.5,EQUITY,CNP"
"2025-04-08 13:30:00,35.279998779296875,36.27000045776367,36.189998626708984,35.54999923706055,EQUITY,CNP"
"2025-04-09 13:30:00,34.720001220703125,36.91999816894531,35.189998626708984,36.2599983215332,EQUITY,CNP"
"2025-04-10 13:30:00,35.52000045776367,36.650001525878906,36.189998626708984,36.189998626708984,EQUITY,CNP"
"2025-04-11 13:30:00,35.83000183105469,36.65999984741211,36.040000915527344,36.58000183105469,EQUITY,CNP"
"2025-04-14 13:30:00,36.43000030517578,37.27000045776367,36.630001068115234,37.22999954223633,EQUITY,CNP"
"2025-04-15 13:30:00,37.09000015258789,37.540000915527344,37.27000045776367,37.15999984741211,EQUITY,CNP"
"2025-04-16 13:30:00,36.630001068115234,37.27000045776367,37.22999954223633,36.779998779296875,EQUITY,CNP"
"2025-04-17 13:30:00,36.93000030517578,37.599998474121094,36.959999084472656,37.15999984741211,EQUITY,CNP"
"2025-04-21 13:30:00,36.150001525878906,37.150001525878906,36.97999954223633,36.4900016784668,EQUITY,CNP"
"2025-04-22 13:30:00,36.79999923706055,37.369998931884766,37.0,37.2599983215332,EQUITY,CNP"
"2025-04-23 13:30:00,36.720001220703125,37.380001068115234,37.13999938964844,37.34000015258789,EQUITY,CNP"
"2025-04-24 13:30:00,37.0099983215332,38.099998474121094,37.130001068115234,37.900001525878906,EQUITY,CNP"
"2025-04-25 13:30:00,37.709999084472656,38.33000183105469,37.849998474121094,38.189998626708984,EQUITY,CNP"
"2025-04-28 13:30:00,37.83000183105469,38.33000183105469,38.04999923706055,38.2400016784668,EQUITY,CNP"
"2025-04-29 13:30:00,37.959999084472656,38.41999816894531,38.150001525878906,38.2400016784668,EQUITY,CNP"
"2025-04-30 13:30:00,37.7400016784668,38.86000061035156,38.33000183105469,38.779998779296875,EQUITY,CNP"
"2025-05-01 13:30:00,38.36000061035156,39.0,38.70000076293945,38.599998474121094,EQUITY,CNP"
"2025-05-02 13:30:00,38.61000061035156,39.18000030517578,38.79999923706055,38.9900016784668,EQUITY,CNP"
"2025-05-05 13:30:00,38.560001373291016,39.040000915527344,38.970001220703125,38.880001068115234,EQUITY,CNP"
"2025-05-06 13:30:00,38.75,39.310001373291016,38.810001373291016,38.91999816894531,EQUITY,CNP"
"2025-05-07 13:30:00,38.86000061035156,39.29999923706055,38.880001068115234,39.04999923706055,EQUITY,CNP"
"2025-05-08 13:30:00,37.90999984741211,38.83000183105469,38.81999969482422,37.95000076293945,EQUITY,CNP"
"2025-05-09 13:30:00,37.31999969482422,38.119998931884766,38.099998474121094,37.540000915527344,EQUITY,CNP"
"2025-05-12 13:30:00,36.58000183105469,37.31999969482422,37.15999984741211,36.849998474121094,EQUITY,CNP"
"2025-05-13 13:30:00,36.599998474121094,37.119998931884766,36.88999938964844,36.65999984741211,EQUITY,CNP"
"2025-05-14 13:30:00,36.0,36.72999954223633,36.72999954223633,36.56999969482422,EQUITY,CNP"
"2025-05-15 13:30:00,36.36000061035156,37.29999923706055,36.5,37.22999954223633,EQUITY,CNP"
"2025-05-16 13:30:00,37.02000045776367,37.61000061035156,37.31999969482422,37.52000045776367,EQUITY,CNP"
"2025-05-19 13:30:00,37.16999816894531,37.720001220703125,37.16999816894531,37.65999984741211,EQUITY,CNP"
"2025-05-20 13:30:00,37.40999984741211,37.779998779296875,37.63999938964844,37.459999084472656,EQUITY,CNP"
"2025-05-21 13:30:00,37.119998931884766,37.540000915527344,37.31999969482422,37.220001220703125,EQUITY,CNP"
"2025-05-22 13:30:00,36.70000076293945,37.369998931884766,37.20000076293945,37.13999938964844,EQUITY,CNP"
"2025-05-23 13:30:00,36.970001220703125,37.61000061035156,37.369998931884766,37.56999969482422,EQUITY,CNP"
"2025-05-27 13:30:00,37.41999816894531,37.95000076293945,37.900001525878906,37.72999954223633,EQUITY,CNP"
"2025-05-28 13:30:00,36.9900016784668,37.560001373291016,37.560001373291016,37.18000030517578,EQUITY,CNP"
"2025-05-29 13:30:00,36.650001525878906,37.2599983215332,36.84000015258789,37.11000061035156,EQUITY,CNP"
"2025-05-30 13:30:00,36.84000015258789,37.349998474121094,37.099998474121094,37.2400016784668,EQUITY,CNP"
"2025-06-02 13:30:00,36.900001525878906,37.470001220703125,37.08000183105469,37.45000076293945,EQUITY,CNP"
"2025-06-03 13:30:00,36.90999984741211,37.540000915527344,37.540000915527344,37.439998626708984,EQUITY,CNP"
"2025-06-04 13:30:00,36.959999084472656,37.560001373291016,37.43000030517578,37.0,EQUITY,CNP"
"2025-06-05 13:30:00,36.630001068115234,37.13999938964844,36.9900016784668,36.83000183105469,EQUITY,CNP"
"2025-06-06 13:30:00,36.349998474121094,36.93000030517578,36.93000030517578,36.61000061035156,EQUITY,CNP"
"2025-06-09 13:30:00,36.36000061035156,36.779998779296875,36.470001220703125,36.540000915527344,EQUITY,CNP"
"2025-06-10 13:30:00,36.16999816894531,36.709999084472656,36.5,36.25,EQUITY,CNP"
"2025-06-11 13:30:00,35.9900016784668,36.43000030517578,36.20000076293945,36.029998779296875,EQUITY,CNP"
"2025-06-12 13:30:00,35.79999923706055,36.40999984741211,36.130001068115234,36.40999984741211,EQUITY,CNP"
"2025-06-13 13:30:00,36.22999954223633,36.7400016784668,36.349998474121094,36.369998931884766,EQUITY,CNP"
"2025-06-16 13:30:00,35.849998474121094,36.7400016784668,36.59000015258789,35.970001220703125,EQUITY,CNP"
"2025-06-17 13:30:00,35.59000015258789,36.09000015258789,36.040000915527344,35.720001220703125,EQUITY,CNP"
"2025-06-18 13:30:00,35.52000045776367,35.91999816894531,35.79999923706055,35.560001373291016,EQUITY,CNP"
"2025-06-20 13:30:00,35.540000915527344,36.13999938964844,35.63999938964844,35.7400016784668,EQUITY,CNP"
"2025-06-23 13:30:00,35.77000045776367,36.310001373291016,35.880001068115234,36.27000045776367,EQUITY,CNP"
"2025-06-24 13:30:00,36.15999984741211,36.56999969482422,36.2400016784668,36.47999954223633,EQUITY,CNP"
"2025-06-25 13:30:00,36.04999923706055,36.54999923706055,36.400001525878906,36.29999923706055,EQUITY,CNP"
"2025-06-26 13:30:00,36.279998779296875,36.619998931884766,36.41999816894531,36.58000183105469,EQUITY,CNP"
"2025-06-27 13:30:00,36.290000915527344,36.779998779296875,36.61000061035156,36.369998931884766,EQUITY,CNP"
"2025-06-30 13:30:00,36.06999969482422,36.77000045776367,36.06999969482422,36.7400016784668,EQUITY,CNP"
"2025-07-01 13:30:00,36.2599983215332,36.79999923706055,36.529998779296875,36.52000045776367,EQUITY,CNP"
"2025-07-02 13:30:00,35.63999938964844,36.529998779296875,36.400001525878906,35.77000045776367,EQUITY,CNP"
"2025-07-03 13:30:00,35.66999816894531,36.06999969482422,35.720001220703125,35.939998626708984,EQUITY,CNP"
"2025-07-07 13:30:00,35.939998626708984,36.25,35.970001220703125,36.2400016784668,EQUITY,CNP"
"2025-07-08 13:30:00,35.459999084472656,36.18000030517578,36.18000030517578,35.79999923706055,EQUITY,CNP"
"2025-07-09 13:30:00,35.59000015258789,36.150001525878906,35.86000061035156,36.06999969482422,EQUITY,CNP"
"2025-07-10 13:30:00,35.83000183105469,36.27000045776367,35.83000183105469,36.220001220703125,EQUITY,CNP"
"2025-07-11 13:30:00,35.81999969482422,36.31999969482422,36.09000015258789,36.13999938964844,EQUITY,CNP"
"2025-07-14 13:30:00,35.939998626708984,36.459999084472656,36.119998931884766,36.209999084472656,EQUITY,CNP"
"2025-07-15 13:30:00,35.86000061035156,36.31999969482422,36.06999969482422,36.040000915527344,EQUITY,CNP"
"2025-07-16 13:30:00,35.59000015258789,36.13999938964844,35.9900016784668,36.09000015258789,EQUITY,CNP"
"2025-07-17 13:30:00,35.939998626708984,36.65999984741211,35.95000076293945,36.5,EQUITY,CNP"
"2025-07-18 13:30:00,36.59000015258789,37.29999923706055,36.68000030517578,37.2400016784668,EQUITY,CNP"
"2025-07-21 13:30:00,37.130001068115234,37.66999816894531,37.2599983215332,37.41999816894531,EQUITY,CNP"
"2025-07-22 13:30:00,37.41999816894531,37.97999954223633,37.540000915527344,37.7599983215332,EQUITY,CNP"
"2025-07-23 13:30:00,36.97999954223633,37.849998474121094,37.65999984741211,37.119998931884766,EQUITY,CNP"
"2025-07-24 13:30:00,36.59000015258789,37.97999954223633,36.709999084472656,37.84000015258789,EQUITY,CNP"
"2025-07-25 13:30:00,37.720001220703125,38.439998626708984,38.0,38.36000061035156,EQUITY,CNP"
"2025-07-28 13:30:00,37.220001220703125,38.11000061035156,37.75,37.29999923706055,EQUITY,CNP"
"2025-07-29 13:30:00,37.220001220703125,38.310001373291016,37.29999923706055,38.290000915527344,EQUITY,CNP"
"2025-07-30 13:30:00,38.25,38.7599983215332,38.290000915527344,38.459999084472656,EQUITY,CNP"
"2025-07-31 13:30:00,38.150001525878906,38.97999954223633,38.2599983215332,38.81999969482422,EQUITY,CNP"
"2025-08-01 13:30:00,38.54999923706055,39.119998931884766,38.95000076293945,38.810001373291016,EQUITY,CNP"
"2025-08-04 13:30:00,38.5,39.34000015258789,38.900001525878906,39.15999984741211,EQUITY,CNP"
"2025-08-05 13:30:00,38.810001373291016,39.38999938964844,39.13999938964844,38.93000030517578,EQUITY,CNP"
"2025-08-06 13:30:00,38.56999969482422,39.150001525878906,39.08000183105469,38.599998474121094,EQUITY,CNP"
"2025-08-07 13:30:00,38.5099983215332,39.25,38.529998779296875,38.869998931884766,EQUITY,CNP"
"2025-08-08 13:30:00,38.63999938964844,39.11000061035156,39.040000915527344,38.83000183105469,EQUITY,CNP"
"2025-08-11 13:30:00,38.369998931884766,39.0,38.939998626708984,38.56999969482422,EQUITY,CNP"
"2025-08-12 13:30:00,38.040000915527344,38.66999816894531,38.650001525878906,38.470001220703125,EQUITY,CNP"
"2025-08-13 13:30:00,38.31999969482422,38.65999984741211,38.470001220703125,38.630001068115234,EQUITY,CNP"
"2025-08-14 13:30:00,38.290000915527344,38.75,38.650001525878906,38.439998626708984,EQUITY,CNP"
"2025-08-15 13:30:00,37.93000030517578,38.380001068115234,38.380001068115234,38.119998931884766,EQUITY,CNP"
"2025-08-18 13:30:00,37.65999984741211,38.209999084472656,38.130001068115234,37.72999954223633,EQUITY,CNP"
"2025-08-19 13:30:00,37.70000076293945,38.220001220703125,37.72999954223633,38.209999084472656,EQUITY,CNP"
"2025-08-20 13:30:00,38.2400016784668,38.77000045776367,38.38999938964844,38.5,EQUITY,CNP"
"2025-08-21 13:30:00,37.81999969482422,38.369998931884766,38.2599983215332,38.0,EQUITY,CNP"
"2025-08-22 13:30:00,37.650001525878906,38.290000915527344,38.189998626708984,38.04999923706055,EQUITY,CNP"
"2025-08-25 13:30:00,37.66999816894531,38.029998779296875,37.810001373291016,37.70000076293945,EQUITY,CNP"
"2025-08-26 13:30:00,37.47999954223633,37.869998931884766,37.7599983215332,37.70000076293945,EQUITY,CNP"
"2025-08-27 13:30:00,37.52000045776367,37.83000183105469,37.7400016784668,37.72999954223633,EQUITY,CNP"
"2025-08-28 13:30:00,37.38999938964844,37.72999954223633,37.619998931884766,37.47999954223633,EQUITY,CNP"
"2025-08-29 13:30:00,37.45000076293945,37.849998474121094,37.47999954223633,37.709999084472656,EQUITY,CNP"
"2025-09-02 13:30:00,37.58000183105469,38.15999984741211,37.650001525878906,37.939998626708984,EQUITY,CNP"
"2025-09-03 13:30:00,37.38999938964844,38.02000045776367,37.880001068115234,37.619998931884766,EQUITY,CNP"
"2025-09-04 13:30:00,36.599998474121094,37.880001068115234,37.83000183105469,37.459999084472656,EQUITY,CNP"
"2025-09-05 13:30:00,37.41999816894531,37.84000015258789,37.66999816894531,37.779998779296875,EQUITY,CNP"
"2025-09-08 13:30:00,37.130001068115234,37.7400016784668,37.63999938964844,37.31999969482422,EQUITY,CNP"
"2025-09-09 13:30:00,37.25,37.84000015258789,37.27000045776367,37.540000915527344,EQUITY,CNP"
"2025-09-10 13:30:00,37.459999084472656,37.86000061035156,37.59000015258789,37.790000915527344,EQUITY,CNP"
"2025-09-11 13:30:00,37.66999816894531,38.27000045776367,37.880001068115234,38.2400016784668,EQUITY,CNP"
"2025-09-12 13:30:00,38.150001525878906,38.630001068115234,38.150001525878906,38.2400016784668,EQUITY,CNP"
"2025-09-15 13:30:00,38.220001220703125,38.560001373291016,38.34000015258789,38.290000915527344,EQUITY,CNP"
"2025-09-16 13:30:00,37.59000015258789,38.4900016784668,38.16999816894531,37.650001525878906,EQUITY,CNP"
"2025-09-17 13:30:00,37.72999954223633,38.279998779296875,37.86000061035156,38.04999923706055,EQUITY,CNP"
"2025-09-18 13:30:00,37.66999816894531,38.349998474121094,37.66999816894531,38.06999969482422,EQUITY,CNP"
"2025-09-19 13:30:00,37.869998931884766,38.290000915527344,38.18000030517578,38.02000045776367,EQUITY,CNP"
"2025-09-22 13:30:00,37.9900016784668,38.400001525878906,38.11000061035156,38.16999816894531,EQUITY,CNP"
"2025-09-23 13:30:00,38.029998779296875,38.79999923706055,38.09000015258789,38.79999923706055,EQUITY,CNP"
"2025-09-24 13:30:00,38.619998931884766,39.119998931884766,39.0,39.0099983215332,EQUITY,CNP"
"2025-09-25 13:30:00,38.220001220703125,39.20000076293945,39.189998626708984,38.310001373291016,EQUITY,CNP"
"2025-09-26 13:30:00,38.400001525878906,38.900001525878906,38.45000076293945,38.810001373291016,EQUITY,CNP"
"2025-09-29 13:30:00,38.22999954223633,40.5,38.84000015258789,39.130001068115234,EQUITY,CNP"
"2025-09-30 13:30:00,38.150001525878906,39.43000030517578,39.150001525878906,38.79999923706055,EQUITY,CNP"
"2025-10-01 13:30:00,38.130001068115234,38.93000030517578,38.93000030517578,38.16999816894531,EQUITY,CNP"
"2025-10-02 13:30:00,38.02000045776367,38.47999954223633,38.099998474121094,38.290000915527344,EQUITY,CNP"
"2025-10-03 13:30:00,38.31999969482422,39.119998931884766,38.43000030517578,38.86000061035156,EQUITY,CNP"
"2025-10-06 13:30:00,38.77000045776367,39.5099983215332,38.93000030517578,39.459999084472656,EQUITY,CNP"
"2025-10-07 13:30:00,39.220001220703125,39.66999816894531,39.599998474121094,39.43000030517578,EQUITY,CNP"
"2025-10-08 13:30:00,39.380001068115234,39.72999954223633,39.630001068115234,39.560001373291016,EQUITY,CNP"
"2025-10-09 13:30:00,39.04999923706055,39.79999923706055,39.790000915527344,39.11000061035156,EQUITY,CNP"
"2025-10-10 13:30:00,39.13999938964844,39.650001525878906,39.38999938964844,39.2400016784668,EQUITY,CNP"
"2024-09-09 13:30:00,23.809999465942383,23.940000534057617,23.90999984741211,23.940000534057617,ETF,SGOL"
"2024-09-10 13:30:00,23.889999389648438,24.049999237060547,24.010000228881836,24.049999237060547,ETF,SGOL"
"2024-09-11 13:30:00,23.889999389648438,24.06999969482422,23.940000534057617,24.010000228881836,ETF,SGOL"
"2024-09-12 13:30:00,24.229999542236328,24.440000534057617,24.239999771118164,24.43000030517578,ETF,SGOL"
"2024-09-13 13:30:00,24.579999923706055,24.700000762939453,24.6200008392334,24.65999984741211,ETF,SGOL"
"2024-09-16 13:30:00,24.600000381469727,24.729999542236328,24.68000030517578,24.65999984741211,ETF,SGOL"
"2024-09-17 13:30:00,24.450000762939453,24.65999984741211,24.610000610351562,24.530000686645508,ETF,SGOL"
"2024-09-18 13:30:00,24.329999923706055,24.84000015258789,24.610000610351562,24.350000381469727,ETF,SGOL"
"2024-09-19 13:30:00,24.540000915527344,24.760000228881836,24.6200008392334,24.709999084472656,ETF,SGOL"
"2024-09-20 13:30:00,24.860000610351562,25.079999923706055,24.93000030517578,25.030000686645508,ETF,SGOL"
"2024-09-23 13:30:00,25.06999969482422,25.170000076293945,25.1200008392334,25.09000015258789,ETF,SGOL"
"2024-09-24 13:30:00,25.139999389648438,25.450000762939453,25.15999984741211,25.43000030517578,ETF,SGOL"
"2024-09-25 13:30:00,25.309999465942383,25.479999542236328,25.450000762939453,25.40999984741211,ETF,SGOL"
"2024-09-26 13:30:00,25.350000381469727,25.56999969482422,25.479999542236328,25.520000457763672,ETF,SGOL"
"2024-09-27 13:30:00,25.25,25.510000228881836,25.450000762939453,25.329999923706055,ETF,SGOL"
"2024-09-30 13:30:00,25.06999969482422,25.229999542236328,25.219999313354492,25.1299991607666,ETF,SGOL"
"2024-10-01 13:30:00,25.329999923706055,25.530000686645508,25.34000015258789,25.3799991607666,ETF,SGOL"
"2024-10-02 13:30:00,25.219999313354492,25.440000534057617,25.389999389648438,25.389999389648438,ETF,SGOL"
"2024-10-03 13:30:00,25.190000534057617,25.420000076293945,25.290000915527344,25.3799991607666,ETF,SGOL"
"2024-10-04 13:30:00,25.229999542236328,25.489999771118164,25.329999923706055,25.329999923706055,ETF,SGOL"
"2024-10-07 13:30:00,25.200000762939453,25.309999465942383,25.280000686645508,25.239999771118164,ETF,SGOL"
"2024-10-08 13:30:00,24.8799991607666,25.219999313354492,25.209999084472656,25.040000915527344,ETF,SGOL"
"2024-10-09 13:30:00,24.8799991607666,25.0,24.93000030517578,24.920000076293945,ETF,SGOL"
"2024-10-10 13:30:00,24.969999313354492,25.1200008392334,24.989999771118164,25.09000015258789,ETF,SGOL"
"2024-10-11 13:30:00,25.270000457763672,25.420000076293945,25.270000457763672,25.360000610351562,ETF,SGOL"
"2024-10-14 13:30:00,25.25,25.40999984741211,25.350000381469727,25.329999923706055,ETF,SGOL"
"2024-10-15 13:30:00,25.280000686645508,25.489999771118164,25.329999923706055,25.420000076293945,ETF,SGOL"
"2024-10-16 13:30:00,25.459999084472656,25.649999618530273,25.600000381469727,25.549999237060547,ETF,SGOL"
"2024-10-17 13:30:00,25.600000381469727,25.75,25.6200008392334,25.700000762939453,ETF,SGOL"
"2024-10-18 13:30:00,25.84000015258789,25.989999771118164,25.850000381469727,25.959999084472656,ETF,SGOL"
"2024-10-21 13:30:00,25.920000076293945,26.170000076293945,26.1299991607666,25.979999542236328,ETF,SGOL"
"2024-10-22 13:30:00,26.100000381469727,26.25,26.170000076293945,26.25,ETF,SGOL"
"2024-10-23 13:30:00,25.8700008392334,26.170000076293945,26.170000076293945,25.93000030517578,ETF,SGOL"
"2024-10-24 13:30:00,25.989999771118164,26.190000534057617,26.18000030517578,26.1200008392334,ETF,SGOL"
"2024-10-25 13:30:00,26.030000686645508,26.209999084472656,26.059999465942383,26.190000534057617,ETF,SGOL"
"2024-10-28 13:30:00,26.149999618530273,26.219999313354492,26.149999618530273,26.18000030517578,ETF,SGOL"
"2024-10-29 13:30:00,26.290000915527344,26.5,26.309999465942383,26.479999542236328,ETF,SGOL"
"2024-10-30 13:30:00,26.459999084472656,26.649999618530273,26.540000915527344,26.6200008392334,ETF,SGOL"
"2024-10-31 13:30:00,26.079999923706055,26.420000076293945,26.420000076293945,26.209999084472656,ETF,SGOL"
"2024-11-01 13:30:00,26.100000381469727,26.350000381469727,26.299999237060547,26.110000610351562,ETF,SGOL"
"2024-11-04 14:30:00,26.09000015258789,26.219999313354492,26.190000534057617,26.1299991607666,ETF,SGOL"
"2024-11-05 14:30:00,26.100000381469727,26.260000228881836,26.239999771118164,26.190000534057617,ETF,SGOL"
"2024-11-06 14:30:00,25.31999969482422,25.579999923706055,25.389999389648438,25.40999984741211,ETF,SGOL"
"2024-11-07 14:30:00,25.649999618530273,25.8700008392334,25.670000076293945,25.81999969482422,ETF,SGOL"
"2024-11-08 14:30:00,25.6200008392334,25.780000686645508,25.75,25.639999389648438,ETF,SGOL"
"2024-11-11 14:30:00,24.920000076293945,25.09000015258789,25.09000015258789,25.040000915527344,ETF,SGOL"
"2024-11-12 14:30:00,24.75,24.979999542236328,24.940000534057617,24.829999923706055,ETF,SGOL"
"2024-11-13 14:30:00,24.56999969482422,24.969999313354492,24.959999084472656,24.579999923706055,ETF,SGOL"
"2024-11-14 14:30:00,24.40999984741211,24.600000381469727,24.469999313354492,24.510000228881836,ETF,SGOL"
"2024-11-15 14:30:00,24.440000534057617,24.600000381469727,24.559999465942383,24.459999084472656,ETF,SGOL"
"2024-11-18 14:30:00,24.860000610351562,24.969999313354492,24.860000610351562,24.93000030517578,ETF,SGOL"
"2024-11-19 14:30:00,25.020000457763672,25.15999984741211,25.100000381469727,25.139999389648438,ETF,SGOL"
"2024-11-20 14:30:00,25.18000030517578,25.350000381469727,25.190000534057617,25.290000915527344,ETF,SGOL"
"2024-11-21 14:30:00,25.399999618530273,25.520000457763672,25.459999084472656,25.510000228881836,ETF,SGOL"
"2024-11-22 14:30:00,25.6299991607666,25.889999389648438,25.65999984741211,25.84000015258789,ETF,SGOL"
"2024-11-25 14:30:00,24.969999313354492,25.270000457763672,25.260000228881836,25.06999969482422,ETF,SGOL"
"2024-11-26 14:30:00,24.979999542236328,25.139999389648438,25.09000015258789,25.1299991607666,ETF,SGOL"
"2024-11-27 14:30:00,25.139999389648438,25.350000381469727,25.31999969482422,25.170000076293945,ETF,SGOL"
"2024-11-29 14:30:00,25.309999465942383,25.420000076293945,25.350000381469727,25.399999618530273,ETF,SGOL"
"2024-12-02 14:30:00,25.139999389648438,25.290000915527344,25.280000686645508,25.170000076293945,ETF,SGOL"
"2024-12-03 14:30:00,25.170000076293945,25.34000015258789,25.31999969482422,25.229999542236328,ETF,SGOL"
"2024-12-04 14:30:00,25.270000457763672,25.3700008392334,25.329999923706055,25.309999465942383,ETF,SGOL"
"2024-12-05 14:30:00,25.040000915527344,25.270000457763672,25.260000228881836,25.1200008392334,ETF,SGOL"
"2024-12-06 14:30:00,25.06999969482422,25.219999313354492,25.110000610351562,25.1299991607666,ETF,SGOL"
"2024-12-09 14:30:00,25.360000610351562,25.549999237060547,25.459999084472656,25.3700008392334,ETF,SGOL"
"2024-12-10 14:30:00,25.6200008392334,25.729999542236328,25.6200008392334,25.690000534057617,ETF,SGOL"
"2024-12-11 14:30:00,25.739999771118164,25.979999542236328,25.780000686645508,25.940000534057617,ETF,SGOL"
"2024-12-12 14:30:00,25.530000686645508,25.670000076293945,25.6299991607666,25.579999923706055,ETF,SGOL"
"2024-12-13 14:30:00,25.260000228881836,25.440000534057617,25.440000534057617,25.280000686645508,ETF,SGOL"
"2024-12-16 14:30:00,25.290000915527344,25.389999389648438,25.3700008392334,25.31999969482422,ETF,SGOL"
"2024-12-17 14:30:00,25.15999984741211,25.290000915527344,25.209999084472656,25.239999771118164,ETF,SGOL"
"2024-12-18 14:30:00,24.700000762939453,25.200000762939453,25.18000030517578,24.75,ETF,SGOL"
"2024-12-19 14:30:00,24.690000534057617,24.829999923706055,24.790000915527344,24.780000686645508,ETF,SGOL"
"2024-12-20 14:30:00,24.950000762939453,25.1200008392334,24.969999313354492,25.049999237060547,ETF,SGOL"
"2024-12-23 14:30:00,24.889999389648438,24.989999771118164,24.989999771118164,24.90999984741211,ETF,SGOL"
"2024-12-24 14:30:00,24.899999618530273,24.989999771118164,24.969999313354492,24.959999084472656,ETF,SGOL"
"2024-12-26 14:30:00,25.049999237060547,25.190000534057617,25.06999969482422,25.149999618530273,ETF,SGOL"
"2024-12-27 14:30:00,24.93000030517578,25.020000457763672,24.940000534057617,24.959999084472656,ETF,SGOL"
"2024-12-30 14:30:00,24.780000686645508,24.940000534057617,24.940000534057617,24.889999389648438,ETF,SGOL"
"2024-12-31 14:30:00,24.93000030517578,25.079999923706055,24.93000030517578,25.049999237060547,ETF,SGOL"
"2025-01-02 14:30:00,25.25,25.389999389648438,25.260000228881836,25.389999389648438,ETF,SGOL"
"2025-01-03 14:30:00,25.170000076293945,25.309999465942383,25.280000686645508,25.18000030517578,ETF,SGOL"
"2025-01-06 14:30:00,25.030000686645508,25.219999313354492,25.06999969482422,25.139999389648438,ETF,SGOL"
"2025-01-07 14:30:00,25.219999313354492,25.420000076293945,25.399999618530273,25.299999237060547,ETF,SGOL"
"2025-01-08 14:30:00,25.290000915527344,25.489999771118164,25.420000076293945,25.420000076293945,ETF,SGOL"
"2025-01-10 14:30:00,25.610000610351562,25.760000228881836,25.65999984741211,25.68000030517578,ETF,SGOL"
"2025-01-13 14:30:00,25.360000610351562,25.520000457763672,25.479999542236328,25.399999618530273,ETF,SGOL"
"2025-01-14 14:30:00,25.389999389648438,25.549999237060547,25.40999984741211,25.540000915527344,ETF,SGOL"
"2025-01-15 14:30:00,25.549999237060547,25.739999771118164,25.690000534057617,25.729999542236328,ETF,SGOL"
"2025-01-16 14:30:00,25.8700008392334,26.0,25.920000076293945,25.920000076293945,ETF,SGOL"
"2025-01-17 14:30:00,25.770000457763672,25.940000534057617,25.84000015258789,25.770000457763672,ETF,SGOL"
"2025-01-21 14:30:00,26.049999237060547,26.209999084472656,26.059999465942383,26.170000076293945,ETF,SGOL"
"2025-01-22 14:30:00,26.25,26.34000015258789,26.299999237060547,26.309999465942383,ETF,SGOL"
"2025-01-23 14:30:00,26.149999618530273,26.31999969482422,26.190000534057617,26.280000686645508,ETF,SGOL"
"2025-01-24 14:30:00,26.440000534057617,26.59000015258789,26.469999313354492,26.450000762939453,ETF,SGOL"
"2025-01-27 14:30:00,26.059999465942383,26.290000915527344,26.270000457763672,26.170000076293945,ETF,SGOL"
"2025-01-28 14:30:00,26.25,26.399999618530273,26.280000686645508,26.389999389648438,ETF,SGOL"
"2025-01-29 14:30:00,26.200000762939453,26.350000381469727,26.329999923706055,26.299999237060547,ETF,SGOL"
"2025-01-30 14:30:00,26.520000457763672,26.719999313354492,26.59000015258789,26.700000762939453,ETF,SGOL"
"2025-01-31 14:30:00,26.670000076293945,26.8799991607666,26.809999465942383,26.739999771118164,ETF,SGOL"
"2025-02-03 14:30:00,26.850000381469727,27.049999237060547,26.8799991607666,26.889999389648438,ETF,SGOL"
"2025-02-04 14:30:00,27.049999237060547,27.15999984741211,27.139999389648438,27.15999984741211,ETF,SGOL"
"2025-02-05 14:30:00,27.299999237060547,27.510000228881836,27.350000381469727,27.31999969482422,ETF,SGOL"
"2025-02-06 14:30:00,27.049999237060547,27.280000686645508,27.280000686645508,27.270000457763672,ETF,SGOL"
"2025-02-07 14:30:00,27.239999771118164,27.559999465942383,27.440000534057617,27.299999237060547,ETF,SGOL"
"2025-02-10 14:30:00,27.639999389648438,27.790000915527344,27.709999084472656,27.75,ETF,SGOL"
"2025-02-11 14:30:00,27.59000015258789,27.760000228881836,27.690000534057617,27.649999618530273,ETF,SGOL"
"2025-02-12 14:30:00,27.549999237060547,27.770000457763672,27.639999389648438,27.690000534057617,ETF,SGOL"
"2025-02-13 14:30:00,27.75,27.959999084472656,27.760000228881836,27.959999084472656,ETF,SGOL"
"2025-02-14 14:30:00,27.450000762939453,27.950000762939453,27.940000534057617,27.540000915527344,ETF,SGOL"
"2025-02-18 14:30:00,27.8799991607666,28.030000686645508,27.8799991607666,27.989999771118164,ETF,SGOL"
"2025-02-19 14:30:00,27.850000381469727,28.06999969482422,28.010000228881836,28.020000457763672,ETF,SGOL"
"2025-02-20 14:30:00,27.950000762939453,28.1200008392334,27.959999084472656,28.020000457763672,ETF,SGOL"
"2025-02-21 14:30:00,27.889999389648438,28.09000015258789,28.020000457763672,28.020000457763672,ETF,SGOL"
"2025-02-24 14:30:00,27.969999313354492,28.170000076293945,28.09000015258789,28.170000076293945,ETF,SGOL"
"2025-02-25 14:30:00,27.56999969482422,28.110000610351562,28.100000381469727,27.799999237060547,ETF,SGOL"
"2025-02-26 14:30:00,27.600000381469727,27.84000015258789,27.6299991607666,27.84000015258789,ETF,SGOL"
"2025-02-27 14:30:00,27.360000610351562,27.59000015258789,27.559999465942383,27.420000076293945,ETF,SGOL"
"2025-02-28 14:30:00,27.030000686645508,27.260000228881836,27.15999984741211,27.260000228881836,ETF,SGOL"
"2025-03-03 14:30:00,27.420000076293945,27.610000610351562,27.440000534057617,27.600000381469727,ETF,SGOL"
"2025-03-04 14:30:00,27.68000030517578,27.8700008392334,27.81999969482422,27.850000381469727,ETF,SGOL"
"2025-03-05 14:30:00,27.719999313354492,27.969999313354492,27.729999542236328,27.899999618530273,ETF,SGOL"
"2025-03-06 14:30:00,27.75,27.8799991607666,27.760000228881836,27.760000228881836,ETF,SGOL"
"2025-03-07 14:30:00,27.700000762939453,27.969999313354492,27.84000015258789,27.760000228881836,ETF,SGOL"
"2025-03-10 13:30:00,27.479999542236328,27.770000457763672,27.700000762939453,27.520000457763672,ETF,SGOL"
"2025-03-11 13:30:00,27.780000686645508,27.899999618530273,27.780000686645508,27.850000381469727,ETF,SGOL"
"2025-03-12 13:30:00,27.770000457763672,28.06999969482422,27.790000915527344,27.979999542236328,ETF,SGOL"
"2025-03-13 13:30:00,28.100000381469727,28.489999771118164,28.110000610351562,28.469999313354492,ETF,SGOL"
"2025-03-14 13:30:00,28.420000076293945,28.59000015258789,28.579999923706055,28.479999542236328,ETF,SGOL"
"2025-03-17 13:30:00,28.5,28.639999389648438,28.5,28.639999389648438,ETF,SGOL"
"2025-03-18 13:30:00,28.8700008392334,29.0,28.979999542236328,28.969999313354492,ETF,SGOL"
"2025-03-19 13:30:00,28.8700008392334,29.1299991607666,28.959999084472656,29.09000015258789,ETF,SGOL"
"2025-03-20 13:30:00,28.90999984741211,29.06999969482422,28.920000076293945,29.049999237060547,ETF,SGOL"
"2025-03-21 13:30:00,28.6200008392334,28.920000076293945,28.920000076293945,28.809999465942383,ETF,SGOL"
"2025-03-24 13:30:00,28.649999618530273,28.8799991607666,28.84000015258789,28.68000030517578,ETF,SGOL"
"2025-03-25 13:30:00,28.799999237060547,28.969999313354492,28.84000015258789,28.809999465942383,ETF,SGOL"
"2025-03-26 13:30:00,28.75,28.8700008392334,28.8700008392334,28.799999237060547,ETF,SGOL"
"2025-03-27 13:30:00,28.940000534057617,29.190000534057617,29.030000686645508,29.18000030517578,ETF,SGOL"
"2025-03-28 13:30:00,29.270000457763672,29.450000762939453,29.3799991607666,29.389999389648438,ETF,SGOL"
"2025-03-31 13:30:00,29.579999923706055,29.84000015258789,29.760000228881836,29.81999969482422,ETF,SGOL"
"2025-04-01 13:30:00,29.579999923706055,29.940000534057617,29.940000534057617,29.75,ETF,SGOL"
"2025-04-02 13:30:00,29.739999771118164,29.90999984741211,29.84000015258789,29.809999465942383,ETF,SGOL"
"2025-04-03 13:30:00,29.229999542236328,29.90999984741211,29.260000228881836,29.639999389648438,ETF,SGOL"
"2025-04-04 13:30:00,28.770000457763672,29.389999389648438,29.3799991607666,28.959999084472656,ETF,SGOL"
"2025-04-07 13:30:00,28.219999313354492,28.979999542236328,28.799999237060547,28.389999389648438,ETF,SGOL"
"2025-04-08 13:30:00,28.3799991607666,28.799999237060547,28.760000228881836,28.489999771118164,ETF,SGOL"
"2025-04-09 13:30:00,29.09000015258789,29.579999923706055,29.209999084472656,29.510000228881836,ETF,SGOL"
"2025-04-10 13:30:00,29.729999542236328,30.309999465942383,29.889999389648438,30.260000228881836,ETF,SGOL"
"2025-04-11 13:30:00,30.719999313354492,30.969999313354492,30.829999923706055,30.81999969482422,ETF,SGOL"
"2025-04-14 13:30:00,30.479999542236328,30.700000762939453,30.59000015258789,30.649999618530273,ETF,SGOL"
"2025-04-15 13:30:00,30.639999389648438,30.84000015258789,30.729999542236328,30.829999923706055,ETF,SGOL"
"2025-04-16 13:30:00,31.440000534057617,31.8799991607666,31.520000457763672,31.81999969482422,ETF,SGOL"
"2025-04-17 13:30:00,31.329999923706055,31.790000915527344,31.709999084472656,31.68000030517578,ETF,SGOL"
"2025-04-21 13:30:00,32.4900016784668,32.7400016784668,32.61000061035156,32.65999984741211,ETF,SGOL"
"2025-04-22 13:30:00,32.130001068115234,32.869998931884766,32.86000061035156,32.20000076293945,ETF,SGOL"
"2025-04-23 13:30:00,31.100000381469727,31.530000686645508,31.479999542236328,31.420000076293945,ETF,SGOL"
"2025-04-24 13:30:00,31.540000915527344,31.920000076293945,31.780000686645508,31.889999389648438,ETF,SGOL"
"2025-04-25 13:30:00,31.15999984741211,31.600000381469727,31.239999771118164,31.520000457763672,ETF,SGOL"
"2025-04-28 13:30:00,31.360000610351562,31.989999771118164,31.469999313354492,31.989999771118164,ETF,SGOL"
"2025-04-29 13:30:00,31.479999542236328,31.760000228881836,31.65999984741211,31.68000030517578,ETF,SGOL"
"2025-04-30 13:30:00,31.40999984741211,31.670000076293945,31.520000457763672,31.450000762939453,ETF,SGOL"
"2025-05-01 13:30:00,30.56999969482422,30.81999969482422,30.780000686645508,30.799999237060547,ETF,SGOL"
"2025-05-02 13:30:00,30.75,31.139999389648438,31.06999969482422,30.850000381469727,ETF,SGOL"
"2025-05-05 13:30:00,31.530000686645508,31.84000015258789,31.670000076293945,31.760000228881836,ETF,SGOL"
"2025-05-06 13:30:00,32.22999954223633,32.66999816894531,32.400001525878906,32.63999938964844,ETF,SGOL"
"2025-05-07 13:30:00,32.099998474121094,32.41999816894531,32.310001373291016,32.18000030517578,ETF,SGOL"
"2025-05-08 13:30:00,31.3700008392334,32.130001068115234,32.060001373291016,31.540000915527344,ETF,SGOL"
"2025-05-09 13:30:00,31.68000030517578,31.989999771118164,31.989999771118164,31.760000228881836,ETF,SGOL"
"2025-05-12 13:30:00,30.729999542236328,30.989999771118164,30.8700008392334,30.8700008392334,ETF,SGOL"
"2025-05-13 13:30:00,30.780000686645508,31.079999923706055,30.940000534057617,31.0,ETF,SGOL"
"2025-05-14 13:30:00,30.229999542236328,30.510000228881836,30.389999389648438,30.329999923706055,ETF,SGOL"
"2025-05-15 13:30:00,30.399999618530273,30.829999923706055,30.440000534057617,30.829999923706055,ETF,SGOL"
"2025-05-16 13:30:00,30.200000762939453,30.489999771118164,30.290000915527344,30.459999084472656,ETF,SGOL"
"2025-05-19 13:30:00,30.700000762939453,30.899999618530273,30.81999969482422,30.84000015258789,ETF,SGOL"
"2025-05-20 13:30:00,30.8700008392334,31.43000030517578,30.8799991607666,31.40999984741211,ETF,SGOL"
"2025-05-21 13:30:00,31.43000030517578,31.719999313354492,31.510000228881836,31.65999984741211,ETF,SGOL"
"2025-05-22 13:30:00,31.270000457763672,31.59000015258789,31.579999923706055,31.3799991607666,ETF,SGOL"
"2025-05-23 13:30:00,31.829999923706055,32.11000061035156,31.969999313354492,32.06999969482422,ETF,SGOL"
"2025-05-27 13:30:00,31.350000381469727,31.559999465942383,31.43000030517578,31.530000686645508,ETF,SGOL"
"2025-05-28 13:30:00,31.3700008392334,31.56999969482422,31.540000915527344,31.459999084472656,ETF,SGOL"
"2025-05-29 13:30:00,31.510000228881836,31.760000228881836,31.649999618530273,31.639999389648438,ETF,SGOL"
"2025-05-30 13:30:00,31.209999084472656,31.469999313354492,31.43000030517578,31.43000030517578,ETF,SGOL"
"2025-06-02 13:30:00,31.959999084472656,32.27000045776367,32.0099983215332,32.2599983215332,ETF,SGOL"
"2025-06-03 13:30:00,31.790000915527344,32.04999923706055,32.04999923706055,31.979999542236328,ETF,SGOL"
"2025-06-04 13:30:00,31.969999313354492,32.290000915527344,32.02000045776367,32.18000030517578,ETF,SGOL"
"2025-06-05 13:30:00,31.850000381469727,32.31999969482422,32.22999954223633,32.02000045776367,ETF,SGOL"
"2025-06-06 13:30:00,31.59000015258789,32.0099983215332,31.979999542236328,31.600000381469727,ETF,SGOL"
"2025-06-09 13:30:00,31.59000015258789,31.850000381469727,31.6200008392334,31.75,ETF,SGOL"
"2025-06-10 13:30:00,31.670000076293945,31.950000762939453,31.90999984741211,31.75,ETF,SGOL"
"2025-06-11 13:30:00,31.65999984741211,31.950000762939453,31.84000015258789,31.93000030517578,ETF,SGOL"
"2025-06-12 13:30:00,32.220001220703125,32.40999984741211,32.25,32.31999969482422,ETF,SGOL"
"2025-06-13 13:30:00,32.61000061035156,32.880001068115234,32.84000015258789,32.75,ETF,SGOL"
"2025-06-16 13:30:00,32.2599983215332,32.599998474121094,32.59000015258789,32.279998779296875,ETF,SGOL"
"2025-06-17 13:30:00,32.11000061035156,32.400001525878906,32.36000061035156,32.290000915527344,ETF,SGOL"
"2025-06-18 13:30:00,32.08000183105469,32.400001525878906,32.380001068115234,32.119998931884766,ETF,SGOL"
"2025-06-20 13:30:00,32.02000045776367,32.189998626708984,32.029998779296875,32.099998474121094,ETF,SGOL"
"2025-06-23 13:30:00,32.119998931884766,32.369998931884766,32.119998931884766,32.209999084472656,ETF,SGOL"
"2025-06-24 13:30:00,31.440000534057617,31.719999313354492,31.579999923706055,31.700000762939453,ETF,SGOL"
"2025-06-25 13:30:00,31.59000015258789,31.81999969482422,31.600000381469727,31.799999237060547,ETF,SGOL"
"2025-06-26 13:30:00,31.56999969482422,31.81999969482422,31.65999984741211,31.770000457763672,ETF,SGOL"
"2025-06-27 13:30:00,31.049999237060547,31.309999465942383,31.059999465942383,31.190000534057617,ETF,SGOL"
"2025-06-30 13:30:00,31.270000457763672,31.559999465942383,31.309999465942383,31.540000915527344,ETF,SGOL"
"2025-07-01 13:30:00,31.81999969482422,31.979999542236328,31.940000534057617,31.829999923706055,ETF,SGOL"
"2025-07-02 13:30:00,31.780000686645508,32.029998779296875,31.8799991607666,32.0099983215332,ETF,SGOL"
"2025-07-03 13:30:00,31.690000534057617,31.84000015258789,31.790000915527344,31.790000915527344,ETF,SGOL"
"2025-07-07 13:30:00,31.540000915527344,31.860000610351562,31.56999969482422,31.829999923706055,ETF,SGOL"
"2025-07-08 13:30:00,31.350000381469727,31.729999542236328,31.729999542236328,31.5,ETF,SGOL"
"2025-07-09 13:30:00,31.399999618530273,31.639999389648438,31.43000030517578,31.6299991607666,ETF,SGOL"
"2025-07-10 13:30:00,31.56999969482422,31.729999542236328,31.690000534057617,31.709999084472656,ETF,SGOL"
"2025-07-11 13:30:00,31.940000534057617,32.130001068115234,31.979999542236328,32.0099983215332,ETF,SGOL"
"2025-07-14 13:30:00,31.860000610351562,32.040000915527344,31.989999771118164,31.889999389648438,ETF,SGOL"
"2025-07-15 13:30:00,31.670000076293945,31.969999313354492,31.8700008392334,31.760000228881836,ETF,SGOL"
"2025-07-16 13:30:00,31.65999984741211,32.209999084472656,31.809999465942383,31.93000030517578,ETF,SGOL"
"2025-07-17 13:30:00,31.600000381469727,31.860000610351562,31.6299991607666,31.850000381469727,ETF,SGOL"
"2025-07-18 13:30:00,31.920000076293945,32.029998779296875,32.02000045776367,31.920000076293945,ETF,SGOL"
"2025-07-21 13:30:00,32.27000045776367,32.439998626708984,32.290000915527344,32.41999816894531,ETF,SGOL"
"2025-07-22 13:30:00,32.470001220703125,32.7400016784668,32.560001373291016,32.72999954223633,ETF,SGOL"
"2025-07-23 13:30:00,32.25,32.61000061035156,32.5099983215332,32.31999969482422,ETF,SGOL"
"2025-07-24 13:30:00,32.0099983215332,32.20000076293945,32.029998779296875,32.13999938964844,ETF,SGOL"
"2025-07-25 13:30:00,31.709999084472656,31.920000076293945,31.8700008392334,31.84000015258789,ETF,SGOL"
"2025-07-28 13:30:00,31.479999542236328,31.75,31.75,31.639999389648438,ETF,SGOL"
"2025-07-29 13:30:00,31.579999923706055,31.799999237060547,31.670000076293945,31.700000762939453,ETF,SGOL"
"2025-07-30 13:30:00,31.15999984741211,31.549999237060547,31.520000457763672,31.18000030517578,ETF,SGOL"
"2025-07-31 13:30:00,31.360000610351562,31.549999237060547,31.549999237060547,31.3799991607666,ETF,SGOL"
"2025-08-01 13:30:00,31.84000015258789,32.04999923706055,31.959999084472656,32.02000045776367,ETF,SGOL"
"2025-08-04 13:30:00,32.13999938964844,32.279998779296875,32.18000030517578,32.20000076293945,ETF,SGOL"
"2025-08-05 13:30:00,32.13999938964844,32.34000015258789,32.150001525878906,32.220001220703125,ETF,SGOL"
"2025-08-06 13:30:00,32.09000015258789,32.2400016784668,32.119998931884766,32.15999984741211,ETF,SGOL"
"2025-08-07 13:30:00,32.16999816894531,32.43000030517578,32.29999923706055,32.41999816894531,ETF,SGOL"
"2025-08-08 13:30:00,32.209999084472656,32.459999084472656,32.33000183105469,32.41999816894531,ETF,SGOL"
"2025-08-11 13:30:00,31.860000610351562,32.06999969482422,31.950000762939453,31.959999084472656,ETF,SGOL"
"2025-08-12 13:30:00,31.770000457763672,32.029998779296875,31.920000076293945,31.920000076293945,ETF,SGOL"
"2025-08-13 13:30:00,31.940000534057617,32.13999938964844,32.02000045776367,32.029998779296875,ETF,SGOL"
"2025-08-14 13:30:00,31.739999771118164,31.940000534057617,31.889999389648438,31.829999923706055,ETF,SGOL"
"2025-08-15 13:30:00,31.780000686645508,31.899999618530273,31.84000015258789,31.850000381469727,ETF,SGOL"
"2025-08-18 13:30:00,31.760000228881836,31.889999389648438,31.8700008392334,31.790000915527344,ETF,SGOL"
"2025-08-19 13:30:00,31.610000610351562,31.84000015258789,31.780000686645508,31.610000610351562,ETF,SGOL"
"2025-08-20 13:30:00,31.84000015258789,31.950000762939453,31.850000381469727,31.940000534057617,ETF,SGOL"
"2025-08-21 13:30:00,31.809999465942383,31.90999984741211,31.889999389648438,31.829999923706055,ETF,SGOL"
"2025-08-22 13:30:00,31.739999771118164,32.220001220703125,31.75,32.150001525878906,ETF,SGOL"
"2025-08-25 13:30:00,32.06999969482422,32.189998626708984,32.06999969482422,32.09000015258789,ETF,SGOL"
"2025-08-26 13:30:00,32.13999938964844,32.34000015258789,32.18000030517578,32.33000183105469,ETF,SGOL"
"2025-08-27 13:30:00,32.189998626708984,32.40999984741211,32.25,32.380001068115234,ETF,SGOL"
"2025-08-28 13:30:00,32.43000030517578,32.63999938964844,32.459999084472656,32.619998931884766,ETF,SGOL"
"2025-08-29 13:30:00,32.599998474121094,32.939998626708984,32.599998474121094,32.939998626708984,ETF,SGOL"
"2025-09-02 13:30:00,33.16999816894531,33.7599983215332,33.25,33.7400016784668,ETF,SGOL"
"2025-09-03 13:30:00,33.849998474121094,34.119998931884766,33.959999084472656,33.9900016784668,ETF,SGOL"
"2025-09-04 13:30:00,33.70000076293945,33.93000030517578,33.869998931884766,33.849998474121094,ETF,SGOL"
"2025-09-05 13:30:00,34.08000183105469,34.33000183105469,34.130001068115234,34.279998779296875,ETF,SGOL"
"2025-09-08 13:30:00,34.52000045776367,34.7599983215332,34.560001373291016,34.68000030517578,ETF,SGOL"
"2025-09-09 13:30:00,34.59000015258789,35.029998779296875,34.90999984741211,34.61000061035156,ETF,SGOL"
"2025-09-10 13:30:00,34.66999816894531,34.86000061035156,34.779998779296875,34.72999954223633,ETF,SGOL"
"2025-09-11 13:30:00,34.4900016784668,34.720001220703125,34.529998779296875,34.68000030517578,ETF,SGOL"
"2025-09-12 13:30:00,34.720001220703125,34.84000015258789,34.790000915527344,34.75,ETF,SGOL"
"2025-09-15 13:30:00,34.83000183105469,35.13999938964844,34.83000183105469,35.099998474121094,ETF,SGOL"
"2025-09-16 13:30:00,35.06999969482422,35.310001373291016,35.220001220703125,35.16999816894531,ETF,SGOL"
"2025-09-17 13:30:00,34.7599983215332,35.349998474121094,35.060001373291016,34.90999984741211,ETF,SGOL"
"2025-09-18 13:30:00,34.59000015258789,34.83000183105469,34.83000183105469,34.77000045776367,ETF,SGOL"
"2025-09-19 13:30:00,34.84000015258789,35.13999938964844,34.86000061035156,35.13999938964844,ETF,SGOL"
"2025-09-22 13:30:00,35.41999816894531,35.75,35.5,35.7400016784668,ETF,SGOL"
"2025-09-23 13:30:00,35.77000045776367,36.119998931884766,36.08000183105469,35.900001525878906,ETF,SGOL"
"2025-09-24 13:30:00,35.439998626708984,35.91999816894531,35.91999816894531,35.56999969482422,ETF,SGOL"
"2025-09-25 13:30:00,35.47999954223633,35.81999969482422,35.68000030517578,35.709999084472656,ETF,SGOL"
"2025-09-26 13:30:00,35.779998779296875,36.08000183105469,35.83000183105469,35.91999816894531,ETF,SGOL"
"2025-09-29 13:30:00,36.38999938964844,36.54999923706055,36.439998626708984,36.5099983215332,ETF,SGOL"
"2025-09-30 13:30:00,36.349998474121094,36.83000183105469,36.369998931884766,36.810001373291016,ETF,SGOL"
"2025-10-01 13:30:00,36.7599983215332,36.97999954223633,36.900001525878906,36.869998931884766,ETF,SGOL"
"2025-10-02 13:30:00,36.400001525878906,37.150001525878906,37.119998931884766,36.75,ETF,SGOL"
"2025-10-03 13:30:00,36.869998931884766,37.099998474121094,37.0099983215332,37.040000915527344,ETF,SGOL"
"2025-10-06 13:30:00,37.439998626708984,37.84000015258789,37.5099983215332,37.7599983215332,ETF,SGOL"
"2025-10-07 13:30:00,37.77000045776367,38.04999923706055,37.97999954223633,37.95000076293945,ETF,SGOL"
"2025-10-08 13:30:00,38.38999938964844,38.709999084472656,38.5099983215332,38.56999969482422,ETF,SGOL"
"2025-10-09 13:30:00,37.59000015258789,38.66999816894531,38.650001525878906,37.869998931884766,ETF,SGOL"
"2025-10-10 13:30:00,37.86000061035156,38.349998474121094,38.08000183105469,38.2400016784668,ETF,SGOL"
"2024-09-09 13:30:00,33.43000030517578,33.630001068115234,33.45000076293945,33.540000915527344,ETF,EWP"
"2024-09-10 13:30:00,33.09000015258789,33.47999954223633,33.47999954223633,33.25,ETF,EWP"
"2024-09-11 13:30:00,33.040000915527344,33.630001068115234,33.380001068115234,33.619998931884766,ETF,EWP"
"2024-09-12 13:30:00,33.47999954223633,33.810001373291016,33.599998474121094,33.79999923706055,ETF,EWP"
"2024-09-13 13:30:00,34.06999969482422,34.290000915527344,34.06999969482422,34.25,ETF,EWP"
"2024-09-16 13:30:00,34.33000183105469,34.68000030517578,34.33000183105469,34.66999816894531,ETF,EWP"
"2024-09-17 13:30:00,34.65999984741211,34.939998626708984,34.91999816894531,34.79999923706055,ETF,EWP"
"2024-09-18 13:30:00,34.709999084472656,35.2400016784668,34.849998474121094,34.81999969482422,ETF,EWP"
"2024-09-19 13:30:00,34.7400016784668,35.13999938964844,34.939998626708984,35.06999969482422,ETF,EWP"
"2024-09-20 13:30:00,34.91999816894531,35.20000076293945,35.189998626708984,34.970001220703125,ETF,EWP"
"2024-09-23 13:30:00,34.9900016784668,35.16999816894531,35.04999923706055,35.0,ETF,EWP"
"2024-09-24 13:30:00,34.88999938964844,35.189998626708984,34.93000030517578,35.18000030517578,ETF,EWP"
"2024-09-25 13:30:00,34.91999816894531,35.22999954223633,35.22999954223633,34.93000030517578,ETF,EWP"
"2024-09-26 13:30:00,35.369998931884766,35.63999938964844,35.5099983215332,35.61000061035156,ETF,EWP"
"2024-09-27 13:30:00,35.470001220703125,35.77000045776367,35.7400016784668,35.4900016784668,ETF,EWP"
"2024-09-30 13:30:00,35.150001525878906,35.5,35.470001220703125,35.290000915527344,ETF,EWP"
"2024-10-01 13:30:00,34.290000915527344,34.849998474121094,34.849998474121094,34.45000076293945,ETF,EWP"
"2024-10-02 13:30:00,34.09000015258789,34.2599983215332,34.22999954223633,34.209999084472656,ETF,EWP"
"2024-10-03 13:30:00,34.08000183105469,34.27000045776367,34.20000076293945,34.209999084472656,ETF,EWP"
"2024-10-04 13:30:00,34.040000915527344,34.36000061035156,34.06999969482422,34.349998474121094,ETF,EWP"
"2024-10-07 13:30:00,34.209999084472656,34.540000915527344,34.540000915527344,34.33000183105469,ETF,EWP"
"2024-10-08 13:30:00,34.34000015258789,34.560001373291016,34.459999084472656,34.47999954223633,ETF,EWP"
"2024-10-09 13:30:00,34.29999923706055,34.459999084472656,34.29999923706055,34.40999984741211,ETF,EWP"
"2024-10-10 13:30:00,33.880001068115234,34.130001068115234,34.130001068115234,34.0099983215332,ETF,EWP"
"2024-10-11 13:30:00,34.119998931884766,34.27000045776367,34.130001068115234,34.25,ETF,EWP"
"2024-10-14 13:30:00,34.34000015258789,34.56999969482422,34.349998474121094,34.560001373291016,ETF,EWP"
"2024-10-15 13:30:00,34.52000045776367,34.81999969482422,34.619998931884766,34.529998779296875,ETF,EWP"
"2024-10-16 13:30:00,34.63999938964844,34.88999938964844,34.77000045776367,34.7400016784668,ETF,EWP"
"2024-10-17 13:30:00,34.290000915527344,34.52000045776367,34.52000045776367,34.31999969482422,ETF,EWP"
"2024-10-18 13:30:00,34.38999938964844,34.619998931884766,34.470001220703125,34.61000061035156,ETF,EWP"
"2024-10-21 13:30:00,34.189998626708984,34.5099983215332,34.47999954223633,34.279998779296875,ETF,EWP"
"2024-10-22 13:30:00,33.900001525878906,34.13999938964844,33.939998626708984,34.130001068115234,ETF,EWP"
"2024-10-23 13:30:00,33.939998626708984,34.130001068115234,33.970001220703125,34.06999969482422,ETF,EWP"
"2024-10-24 13:30:00,34.0,34.310001373291016,34.27000045776367,34.18000030517578,ETF,EWP"
"2024-10-25 13:30:00,33.849998474121094,34.16999816894531,34.16999816894531,33.869998931884766,ETF,EWP"
"2024-10-28 13:30:00,34.06999969482422,34.33000183105469,34.099998474121094,34.290000915527344,ETF,EWP"
"2024-10-29 13:30:00,33.77000045776367,34.040000915527344,33.97999954223633,33.869998931884766,ETF,EWP"
"2024-10-30 13:30:00,33.630001068115234,33.9900016784668,33.63999938964844,33.88999938964844,ETF,EWP"
"2024-10-31 13:30:00,33.7400016784668,34.0,33.97999954223633,33.91999816894531,ETF,EWP"
"2024-11-01 13:30:00,34.2400016784668,34.439998626708984,34.36000061035156,34.27000045776367,ETF,EWP"
"2024-11-04 14:30:00,34.349998474121094,34.70000076293945,34.65999984741211,34.36000061035156,ETF,EWP"
"2024-11-05 14:30:00,34.5,34.779998779296875,34.58000183105469,34.709999084472656,ETF,EWP"
"2024-11-06 14:30:00,32.75,33.02000045776367,32.93000030517578,32.9900016784668,ETF,EWP"
"2024-11-07 14:30:00,33.310001373291016,33.599998474121094,33.52000045776367,33.439998626708984,ETF,EWP"
"2024-11-08 14:30:00,32.900001525878906,33.25,33.25,33.09000015258789,ETF,EWP"
"2024-11-11 14:30:00,32.90999984741211,33.099998474121094,33.060001373291016,32.95000076293945,ETF,EWP"
"2024-11-12 14:30:00,32.119998931884766,32.70000076293945,32.70000076293945,32.349998474121094,ETF,EWP"
"2024-11-13 14:30:00,31.889999389648438,32.27000045776367,32.27000045776367,32.11000061035156,ETF,EWP"
"2024-11-14 14:30:00,32.310001373291016,32.619998931884766,32.470001220703125,32.349998474121094,ETF,EWP"
"2024-11-15 14:30:00,32.7599983215332,32.88999938964844,32.83000183105469,32.849998474121094,ETF,EWP"
"2024-11-18 14:30:00,32.77000045776367,33.130001068115234,32.79999923706055,33.06999969482422,ETF,EWP"
"2024-11-19 14:30:00,32.5099983215332,32.91999816894531,32.540000915527344,32.83000183105469,ETF,EWP"
"2024-11-20 14:30:00,32.52000045776367,32.81999969482422,32.75,32.810001373291016,ETF,EWP"
"2024-11-21 14:30:00,32.459999084472656,32.66999816894531,32.61000061035156,32.56999969482422,ETF,EWP"
"2024-11-22 14:30:00,32.220001220703125,32.45000076293945,32.22999954223633,32.43000030517578,ETF,EWP"
"2024-11-25 14:30:00,32.650001525878906,33.029998779296875,33.0099983215332,32.7599983215332,ETF,EWP"
"2024-11-26 14:30:00,32.40999984741211,32.720001220703125,32.68000030517578,32.459999084472656,ETF,EWP"
"2024-11-27 14:30:00,32.529998779296875,32.790000915527344,32.56999969482422,32.709999084472656,ETF,EWP"
"2024-11-29 14:30:00,32.52000045776367,32.81999969482422,32.540000915527344,32.72999954223633,ETF,EWP"
"2024-12-02 14:30:00,32.439998626708984,32.810001373291016,32.79999923706055,32.77000045776367,ETF,EWP"
"2024-12-03 14:30:00,33.0099983215332,33.27000045776367,33.13999938964844,33.099998474121094,ETF,EWP"
"2024-12-04 14:30:00,33.09000015258789,33.369998931884766,33.22999954223633,33.20000076293945,ETF,EWP"
"2024-12-05 14:30:00,33.779998779296875,33.95000076293945,33.79999923706055,33.900001525878906,ETF,EWP"
"2024-12-06 14:30:00,33.619998931884766,33.959999084472656,33.959999084472656,33.68000030517578,ETF,EWP"
"2024-12-09 14:30:00,33.41999816894531,33.790000915527344,33.75,33.43000030517578,ETF,EWP"
"2024-12-10 14:30:00,33.290000915527344,33.5,33.4900016784668,33.349998474121094,ETF,EWP"
"2024-12-11 14:30:00,32.790000915527344,33.02000045776367,33.02000045776367,32.88999938964844,ETF,EWP"
"2024-12-12 14:30:00,32.689998626708984,33.0099983215332,32.83000183105469,32.70000076293945,ETF,EWP"
"2024-12-13 14:30:00,32.70000076293945,32.869998931884766,32.869998931884766,32.81999969482422,ETF,EWP"
"2024-12-16 14:30:00,32.68000030517578,32.91999816894531,32.70000076293945,32.84000015258789,ETF,EWP"
"2024-12-17 14:30:00,31.450000762939453,31.6200008392334,31.59000015258789,31.510000228881836,ETF,EWP"
"2024-12-18 14:30:00,30.690000534057617,31.670000076293945,31.510000228881836,30.719999313354492,ETF,EWP"
"2024-12-19 14:30:00,30.59000015258789,30.81999969482422,30.81999969482422,30.649999618530273,ETF,EWP"
"2024-12-20 14:30:00,30.540000915527344,31.010000228881836,30.56999969482422,30.770000457763672,ETF,EWP"
"2024-12-23 14:30:00,30.639999389648438,30.920000076293945,30.719999313354492,30.850000381469727,ETF,EWP"
"2024-12-24 14:30:00,30.799999237060547,31.079999923706055,30.860000610351562,31.040000915527344,ETF,EWP"
"2024-12-26 14:30:00,31.0,31.219999313354492,31.0,31.15999984741211,ETF,EWP"
"2024-12-27 14:30:00,30.93000030517578,31.110000610351562,30.959999084472656,31.020000457763672,ETF,EWP"
"2024-12-30 14:30:00,30.90999984741211,31.1299991607666,31.049999237060547,31.040000915527344,ETF,EWP"
"2024-12-31 14:30:00,30.950000762939453,31.299999237060547,31.299999237060547,31.049999237060547,ETF,EWP"
"2025-01-02 14:30:00,30.889999389648438,31.149999618530273,31.079999923706055,30.959999084472656,ETF,EWP"
"2025-01-03 14:30:00,31.09000015258789,31.229999542236328,31.209999084472656,31.219999313354492,ETF,EWP"
"2025-01-06 14:30:00,31.479999542236328,31.899999618530273,31.520000457763672,31.68000030517578,ETF,EWP"
"2025-01-07 14:30:00,31.540000915527344,31.989999771118164,31.959999084472656,31.579999923706055,ETF,EWP"
"2025-01-08 14:30:00,31.239999771118164,31.540000915527344,31.309999465942383,31.530000686645508,ETF,EWP"
"2025-01-10 14:30:00,31.040000915527344,31.389999389648438,31.31999969482422,31.100000381469727,ETF,EWP"
"2025-01-13 14:30:00,30.84000015258789,31.110000610351562,30.8799991607666,31.110000610351562,ETF,EWP"
"2025-01-14 14:30:00,31.239999771118164,31.520000457763672,31.270000457763672,31.479999542236328,ETF,EWP"
"2025-01-15 14:30:00,31.68000030517578,31.920000076293945,31.850000381469727,31.700000762939453,ETF,EWP"
"2025-01-16 14:30:00,31.530000686645508,31.709999084472656,31.6200008392334,31.600000381469727,ETF,EWP"
"2025-01-17 14:30:00,31.760000228881836,32.0099983215332,31.829999923706055,31.760000228881836,ETF,EWP"
"2025-01-21 14:30:00,32.09000015258789,32.31999969482422,32.150001525878906,32.31999969482422,ETF,EWP"
"2025-01-22 14:30:00,31.979999542236328,32.20000076293945,32.20000076293945,31.979999542236328,ETF,EWP"
"2025-01-23 14:30:00,32.16999816894531,32.52000045776367,32.2400016784668,32.470001220703125,ETF,EWP"
"2025-01-24 14:30:00,32.47999954223633,32.65999984741211,32.5,32.52000045776367,ETF,EWP"
"2025-01-27 14:30:00,32.63999938964844,32.81999969482422,32.72999954223633,32.810001373291016,ETF,EWP"
"2025-01-28 14:30:00,32.75,32.970001220703125,32.93000030517578,32.939998626708984,ETF,EWP"
"2025-01-29 14:30:00,32.90999984741211,33.15999984741211,32.93000030517578,33.02000045776367,ETF,EWP"
"2025-01-30 14:30:00,33.279998779296875,33.61000061035156,33.41999816894531,33.380001068115234,ETF,EWP"
"2025-01-31 14:30:00,32.900001525878906,33.369998931884766,33.2599983215332,32.9900016784668,ETF,EWP"
"2025-02-03 14:30:00,32.04999923706055,32.630001068115234,32.20000076293945,32.349998474121094,ETF,EWP"
"2025-02-04 14:30:00,32.869998931884766,33.20000076293945,32.869998931884766,33.16999816894531,ETF,EWP"
"2025-02-05 14:30:00,33.72999954223633,33.95000076293945,33.779998779296875,33.90999984741211,ETF,EWP"
"2025-02-06 14:30:00,34.0099983215332,34.15999984741211,34.0099983215332,34.11000061035156,ETF,EWP"
"2025-02-07 14:30:00,33.720001220703125,34.15999984741211,34.13999938964844,33.81999969482422,ETF,EWP"
"2025-02-10 14:30:00,33.790000915527344,33.970001220703125,33.84000015258789,33.939998626708984,ETF,EWP"
"2025-02-11 14:30:00,34.09000015258789,34.349998474121094,34.15999984741211,34.25,ETF,EWP"
"2025-02-12 14:30:00,34.5099983215332,34.9900016784668,34.540000915527344,34.88999938964844,ETF,EWP"
"2025-02-13 14:30:00,34.630001068115234,35.0099983215332,34.810001373291016,34.93000030517578,ETF,EWP"
"2025-02-14 14:30:00,35.189998626708984,35.369998931884766,35.290000915527344,35.189998626708984,ETF,EWP"
"2025-02-18 14:30:00,35.400001525878906,35.65999984741211,35.470001220703125,35.529998779296875,ETF,EWP"
"2025-02-19 14:30:00,34.880001068115234,35.189998626708984,35.119998931884766,34.90999984741211,ETF,EWP"
"2025-02-20 14:30:00,35.15999984741211,35.560001373291016,35.349998474121094,35.52000045776367,ETF,EWP"
"2025-02-21 14:30:00,35.099998474121094,35.33000183105469,35.310001373291016,35.20000076293945,ETF,EWP"
"2025-02-24 14:30:00,35.349998474121094,35.66999816894531,35.540000915527344,35.459999084472656,ETF,EWP"
"2025-02-25 14:30:00,35.97999954223633,36.29999923706055,36.22999954223633,36.150001525878906,ETF,EWP"
"2025-02-26 14:30:00,36.2599983215332,36.689998626708984,36.43000030517578,36.290000915527344,ETF,EWP"
"2025-02-27 14:30:00,35.79999923706055,36.150001525878906,36.060001373291016,35.810001373291016,ETF,EWP"
"2025-02-28 14:30:00,35.84000015258789,36.310001373291016,36.20000076293945,36.08000183105469,ETF,EWP"
"2025-03-03 14:30:00,36.15999984741211,36.86000061035156,36.7400016784668,36.369998931884766,ETF,EWP"
"2025-03-04 14:30:00,35.63999938964844,36.869998931884766,35.939998626708984,36.5099983215332,ETF,EWP"
"2025-03-05 14:30:00,37.150001525878906,37.56999969482422,37.150001525878906,37.52000045776367,ETF,EWP"
"2025-03-06 14:30:00,37.02000045776367,37.599998474121094,37.029998779296875,37.02000045776367,ETF,EWP"
"2025-03-07 14:30:00,37.5,37.959999084472656,37.5,37.86000061035156,ETF,EWP"
"2025-03-10 13:30:00,36.77000045776367,37.349998474121094,37.22999954223633,37.029998779296875,ETF,EWP"
"2025-03-11 13:30:00,36.77000045776367,37.29999923706055,37.20000076293945,37.119998931884766,ETF,EWP"
"2025-03-12 13:30:00,36.7599983215332,37.08000183105469,36.9900016784668,36.95000076293945,ETF,EWP"
"2025-03-13 13:30:00,36.84000015258789,37.06999969482422,36.97999954223633,36.9900016784668,ETF,EWP"
"2025-03-14 13:30:00,37.439998626708984,37.84000015258789,37.4900016784668,37.81999969482422,ETF,EWP"
"2025-03-17 13:30:00,37.959999084472656,38.369998931884766,37.959999084472656,38.33000183105469,ETF,EWP"
"2025-03-18 13:30:00,38.54999923706055,38.959999084472656,38.599998474121094,38.869998931884766,ETF,EWP"
"2025-03-19 13:30:00,38.61000061035156,38.970001220703125,38.72999954223633,38.810001373291016,ETF,EWP"
"2025-03-20 13:30:00,37.970001220703125,38.36000061035156,38.02000045776367,38.31999969482422,ETF,EWP"
"2025-03-21 13:30:00,38.27000045776367,38.459999084472656,38.29999923706055,38.439998626708984,ETF,EWP"
"2025-03-24 13:30:00,38.040000915527344,38.40999984741211,38.31999969482422,38.16999816894531,ETF,EWP"
"2025-03-25 13:30:00,38.560001373291016,38.790000915527344,38.70000076293945,38.790000915527344,ETF,EWP"
"2025-03-26 13:30:00,38.16999816894531,38.66999816894531,38.59000015258789,38.27000045776367,ETF,EWP"
"2025-03-27 13:30:00,38.43000030517578,38.720001220703125,38.47999954223633,38.56999969482422,ETF,EWP"
"2025-03-28 13:30:00,38.290000915527344,38.52000045776367,38.459999084472656,38.40999984741211,ETF,EWP"
"2025-03-31 13:30:00,37.61000061035156,38.150001525878906,37.7400016784668,38.060001373291016,ETF,EWP"
"2025-04-01 13:30:00,38.040000915527344,38.45000076293945,38.189998626708984,38.27000045776367,ETF,EWP"
"2025-04-02 13:30:00,38.29999923706055,38.7599983215332,38.29999923706055,38.72999954223633,ETF,EWP"
"2025-04-03 13:30:00,38.79999923706055,39.349998474121094,39.02000045776367,38.88999938964844,ETF,EWP"
"2025-04-04 13:30:00,35.720001220703125,37.119998931884766,36.939998626708984,35.7400016784668,ETF,EWP"
"2025-04-07 13:30:00,34.099998474121094,35.7599983215332,34.369998931884766,34.470001220703125,ETF,EWP"
"2025-04-08 13:30:00,33.849998474121094,35.5099983215332,35.4900016784668,34.150001525878906,ETF,EWP"
"2025-04-09 13:30:00,34.459999084472656,37.38999938964844,34.66999816894531,37.04999923706055,ETF,EWP"
"2025-04-10 13:30:00,36.0099983215332,37.04999923706055,36.7599983215332,36.88999938964844,ETF,EWP"
"2025-04-11 13:30:00,37.029998779296875,37.91999816894531,37.16999816894531,37.77000045776367,ETF,EWP"
"2025-04-14 13:30:00,37.720001220703125,38.2400016784668,37.779998779296875,38.04999923706055,ETF,EWP"
"2025-04-15 13:30:00,38.58000183105469,38.849998474121094,38.709999084472656,38.68000030517578,ETF,EWP"
"2025-04-16 13:30:00,38.7599983215332,39.2400016784668,38.9900016784668,38.869998931884766,ETF,EWP"
"2025-04-17 13:30:00,39.029998779296875,39.52000045776367,39.09000015258789,39.25,ETF,EWP"
"2025-04-21 13:30:00,38.900001525878906,39.790000915527344,39.599998474121094,39.130001068115234,ETF,EWP"
"2025-04-22 13:30:00,39.75,40.209999084472656,39.86000061035156,40.13999938964844,ETF,EWP"
"2025-04-23 13:30:00,39.880001068115234,40.33000183105469,40.06999969482422,40.029998779296875,ETF,EWP"
"2025-04-24 13:30:00,39.93000030517578,40.40999984741211,39.95000076293945,40.380001068115234,ETF,EWP"
"2025-04-25 13:30:00,40.4900016784668,40.880001068115234,40.540000915527344,40.86000061035156,ETF,EWP"
"2025-04-28 13:30:00,40.93000030517578,41.33000183105469,41.0,41.310001373291016,ETF,EWP"
"2025-04-29 13:30:00,41.029998779296875,41.16999816894531,41.08000183105469,41.119998931884766,ETF,EWP"
"2025-04-30 13:30:00,40.08000183105469,40.70000076293945,40.2599983215332,40.599998474121094,ETF,EWP"
"2025-05-01 13:30:00,40.41999816894531,40.880001068115234,40.880001068115234,40.470001220703125,ETF,EWP"
"2025-05-02 13:30:00,40.709999084472656,40.97999954223633,40.779998779296875,40.849998474121094,ETF,EWP"
"2025-05-05 13:30:00,41.040000915527344,41.220001220703125,41.220001220703125,41.040000915527344,ETF,EWP"
"2025-05-06 13:30:00,41.040000915527344,41.310001373291016,41.16999816894531,41.15999984741211,ETF,EWP"
"2025-05-07 13:30:00,41.0,41.29999923706055,41.08000183105469,41.16999816894531,ETF,EWP"
"2025-05-08 13:30:00,40.689998626708984,41.130001068115234,41.130001068115234,40.72999954223633,ETF,EWP"
"2025-05-09 13:30:00,40.900001525878906,41.08000183105469,40.9900016784668,41.040000915527344,ETF,EWP"
"2025-05-12 13:30:00,40.400001525878906,40.689998626708984,40.560001373291016,40.689998626708984,ETF,EWP"
"2025-05-13 13:30:00,40.939998626708984,41.209999084472656,41.119998931884766,41.150001525878906,ETF,EWP"
"2025-05-14 13:30:00,41.369998931884766,41.619998931884766,41.380001068115234,41.540000915527344,ETF,EWP"
"2025-05-15 13:30:00,41.540000915527344,41.81999969482422,41.63999938964844,41.7599983215332,ETF,EWP"
"2025-05-16 13:30:00,41.849998474121094,42.220001220703125,42.0,42.209999084472656,ETF,EWP"
"2025-05-19 13:30:00,42.349998474121094,42.70000076293945,42.349998474121094,42.70000076293945,ETF,EWP"
"2025-05-20 13:30:00,43.16999816894531,43.5,43.27000045776367,43.5,ETF,EWP"
"2025-05-21 13:30:00,43.15999984741211,43.70000076293945,43.61000061035156,43.15999984741211,ETF,EWP"
"2025-05-22 13:30:00,43.040000915527344,43.459999084472656,43.16999816894531,43.36000061035156,ETF,EWP"
"2025-05-23 13:30:00,42.689998626708984,43.380001068115234,42.689998626708984,43.310001373291016,ETF,EWP"
"2025-05-27 13:30:00,43.439998626708984,43.59000015258789,43.52000045776367,43.529998779296875,ETF,EWP"
"2025-05-28 13:30:00,42.779998779296875,43.060001373291016,42.90999984741211,42.880001068115234,ETF,EWP"
"2025-05-29 13:30:00,42.97999954223633,43.209999084472656,43.209999084472656,43.08000183105469,ETF,EWP"
"2025-05-30 13:30:00,43.0,43.349998474121094,43.2599983215332,43.290000915527344,ETF,EWP"
"2025-06-02 13:30:00,43.310001373291016,43.88999938964844,43.349998474121094,43.88999938964844,ETF,EWP"
"2025-06-03 13:30:00,43.060001373291016,43.31999969482422,43.20000076293945,43.279998779296875,ETF,EWP"
"2025-06-04 13:30:00,43.04999923706055,43.459999084472656,43.119998931884766,43.220001220703125,ETF,EWP"
"2025-06-05 13:30:00,43.459999084472656,43.83000183105469,43.5,43.599998474121094,ETF,EWP"
"2025-06-06 13:30:00,43.529998779296875,43.77000045776367,43.650001525878906,43.63999938964844,ETF,EWP"
"2025-06-09 13:30:00,43.5,43.720001220703125,43.52000045776367,43.5,ETF,EWP"
"2025-06-10 13:30:00,43.459999084472656,43.849998474121094,43.72999954223633,43.5,ETF,EWP"
"2025-06-11 13:30:00,43.400001525878906,43.720001220703125,43.400001525878906,43.47999954223633,ETF,EWP"
"2025-06-12 13:30:00,43.869998931884766,44.06999969482422,43.869998931884766,43.970001220703125,ETF,EWP"
"2025-06-13 13:30:00,42.90999984741211,43.400001525878906,43.0099983215332,43.25,ETF,EWP"
"2025-06-16 13:30:00,43.439998626708984,43.709999084472656,43.540000915527344,43.54999923706055,ETF,EWP"
"2025-06-17 13:30:00,42.38999938964844,43.060001373291016,43.0,42.439998626708984,ETF,EWP"
"2025-06-18 13:30:00,42.56999969482422,42.970001220703125,42.58000183105469,42.7400016784668,ETF,EWP"
"2025-06-20 13:30:00,42.59000015258789,42.869998931884766,42.70000076293945,42.689998626708984,ETF,EWP"
"2025-06-23 13:30:00,42.36000061035156,43.060001373291016,42.36000061035156,43.040000915527344,ETF,EWP"
"2025-06-24 13:30:00,43.439998626708984,43.810001373291016,43.529998779296875,43.70000076293945,ETF,EWP"
"2025-06-25 13:30:00,42.849998474121094,43.09000015258789,43.040000915527344,43.09000015258789,ETF,EWP"
"2025-06-26 13:30:00,43.22999954223633,43.43000030517578,43.310001373291016,43.33000183105469,ETF,EWP"
"2025-06-27 13:30:00,43.54999923706055,43.90999984741211,43.70000076293945,43.72999954223633,ETF,EWP"
"2025-06-30 13:30:00,43.63999938964844,44.09000015258789,43.66999816894531,44.029998779296875,ETF,EWP"
"2025-07-01 13:30:00,44.0,44.2599983215332,44.189998626708984,44.25,ETF,EWP"
"2025-07-02 13:30:00,44.09000015258789,44.599998474121094,44.290000915527344,44.599998474121094,ETF,EWP"
"2025-07-03 13:30:00,44.54999923706055,44.77000045776367,44.65999984741211,44.650001525878906,ETF,EWP"
"2025-07-07 13:30:00,44.11000061035156,44.4900016784668,44.22999954223633,44.310001373291016,ETF,EWP"
"2025-07-08 13:30:00,44.380001068115234,44.79999923706055,44.45000076293945,44.70000076293945,ETF,EWP"
"2025-07-09 13:30:00,45.0,45.33000183105469,45.11000061035156,45.279998779296875,ETF,EWP"
"2025-07-10 13:30:00,44.4900016784668,44.779998779296875,44.72999954223633,44.5099983215332,ETF,EWP"
"2025-07-11 13:30:00,44.099998474121094,44.29999923706055,44.27000045776367,44.15999984741211,ETF,EWP"
"2025-07-14 13:30:00,44.060001373291016,44.38999938964844,44.08000183105469,44.34000015258789,ETF,EWP"
"2025-07-15 13:30:00,43.45000076293945,43.91999816894531,43.880001068115234,43.47999954223633,ETF,EWP"
"2025-07-16 13:30:00,43.599998474121094,44.060001373291016,43.75,44.029998779296875,ETF,EWP"
"2025-07-17 13:30:00,43.7599983215332,44.060001373291016,43.7599983215332,44.0099983215332,ETF,EWP"
"2025-07-18 13:30:00,43.86000061035156,44.310001373291016,44.310001373291016,43.900001525878906,ETF,EWP"
"2025-07-21 13:30:00,44.0099983215332,44.5099983215332,44.029998779296875,44.22999954223633,ETF,EWP"
"2025-07-22 13:30:00,44.25,44.7599983215332,44.45000076293945,44.72999954223633,ETF,EWP"
"2025-07-23 13:30:00,44.56999969482422,45.369998931884766,44.709999084472656,45.349998474121094,ETF,EWP"
"2025-07-24 13:30:00,45.31999969482422,45.54999923706055,45.5,45.33000183105469,ETF,EWP"
"2025-07-25 13:30:00,45.060001373291016,45.4900016784668,45.15999984741211,45.470001220703125,ETF,EWP"
"2025-07-28 13:30:00,44.630001068115234,45.18000030517578,45.18000030517578,44.7599983215332,ETF,EWP"
"2025-07-29 13:30:00,44.790000915527344,45.119998931884766,44.869998931884766,44.970001220703125,ETF,EWP"
"2025-07-30 13:30:00,44.5,44.959999084472656,44.66999816894531,44.68000030517578,ETF,EWP"
"2025-07-31 13:30:00,44.61000061035156,44.900001525878906,44.689998626708984,44.720001220703125,ETF,EWP"
"2025-08-01 13:30:00,44.20000076293945,44.61000061035156,44.52000045776367,44.52000045776367,ETF,EWP"
"2025-08-04 13:30:00,45.11000061035156,45.310001373291016,45.220001220703125,45.29999923706055,ETF,EWP"
"2025-08-05 13:30:00,45.150001525878906,45.54999923706055,45.310001373291016,45.47999954223633,ETF,EWP"
"2025-08-06 13:30:00,45.939998626708984,46.2599983215332,45.959999084472656,46.15999984741211,ETF,EWP"
"2025-08-07 13:30:00,46.29999923706055,46.66999816894531,46.5099983215332,46.66999816894531,ETF,EWP"
"2025-08-08 13:30:00,46.88999938964844,47.16999816894531,46.97999954223633,47.13999938964844,ETF,EWP"
"2025-08-11 13:30:00,46.849998474121094,47.15999984741211,46.95000076293945,47.09000015258789,ETF,EWP"
"2025-08-12 13:30:00,47.150001525878906,47.439998626708984,47.150001525878906,47.380001068115234,ETF,EWP"
"2025-08-13 13:30:00,47.88999938964844,48.04999923706055,47.88999938964844,47.970001220703125,ETF,EWP"
"2025-08-14 13:30:00,48.06999969482422,48.47999954223633,48.09000015258789,48.41999816894531,ETF,EWP"
"2025-08-15 13:30:00,48.68000030517578,48.900001525878906,48.77000045776367,48.84000015258789,ETF,EWP"
"2025-08-18 13:30:00,48.34000015258789,48.599998474121094,48.43000030517578,48.599998474121094,ETF,EWP"
"2025-08-19 13:30:00,48.40999984741211,48.83000183105469,48.77000045776367,48.45000076293945,ETF,EWP"
"2025-08-20 13:30:00,48.56999969482422,48.7400016784668,48.65999984741211,48.66999816894531,ETF,EWP"
"2025-08-21 13:30:00,48.349998474121094,48.59000015258789,48.459999084472656,48.47999954223633,ETF,EWP"
"2025-08-22 13:30:00,48.720001220703125,49.380001068115234,48.720001220703125,49.2400016784668,ETF,EWP"
"2025-08-25 13:30:00,48.29999923706055,48.869998931884766,48.7599983215332,48.29999923706055,ETF,EWP"
"2025-08-26 13:30:00,47.9900016784668,48.29999923706055,48.16999816894531,48.09000015258789,ETF,EWP"
"2025-08-27 13:30:00,47.33000183105469,47.65999984741211,47.58000183105469,47.65999984741211,ETF,EWP"
"2025-08-28 13:30:00,47.77000045776367,48.11000061035156,47.880001068115234,48.02000045776367,ETF,EWP"
"2025-08-29 13:30:00,47.54999923706055,47.79999923706055,47.56999969482422,47.709999084472656,ETF,EWP"
"2025-09-02 13:30:00,46.560001373291016,47.040000915527344,46.630001068115234,47.02000045776367,ETF,EWP"
"2025-09-03 13:30:00,46.810001373291016,47.130001068115234,46.83000183105469,47.04999923706055,ETF,EWP"
"2025-09-04 13:30:00,47.20000076293945,47.5099983215332,47.38999938964844,47.47999954223633,ETF,EWP"
"2025-09-05 13:30:00,47.45000076293945,47.88999938964844,47.7599983215332,47.599998474121094,ETF,EWP"
"2025-09-08 13:30:00,47.900001525878906,48.13999938964844,48.0099983215332,48.06999969482422,ETF,EWP"
"2025-09-09 13:30:00,47.779998779296875,48.150001525878906,47.779998779296875,48.08000183105469,ETF,EWP"
"2025-09-10 13:30:00,48.41999816894531,48.689998626708984,48.43000030517578,48.470001220703125,ETF,EWP"
"2025-09-11 13:30:00,48.63999938964844,49.0,48.63999938964844,48.97999954223633,ETF,EWP"
"2025-09-12 13:30:00,48.45000076293945,49.0099983215332,48.45000076293945,49.0,ETF,EWP"
"2025-09-15 13:30:00,49.060001373291016,49.29999923706055,49.18000030517578,49.22999954223633,ETF,EWP"
"2025-09-16 13:30:00,48.779998779296875,49.06999969482422,49.0099983215332,48.95000076293945,ETF,EWP"
"2025-09-17 13:30:00,48.59000015258789,49.189998626708984,48.779998779296875,48.75,ETF,EWP"
"2025-09-18 13:30:00,48.31999969482422,48.72999954223633,48.400001525878906,48.65999984741211,ETF,EWP"
"2025-09-19 13:30:00,48.70000076293945,48.970001220703125,48.72999954223633,48.83000183105469,ETF,EWP"
"2025-09-22 13:30:00,48.13999938964844,48.45000076293945,48.36000061035156,48.43000030517578,ETF,EWP"
"2025-09-23 13:30:00,48.5099983215332,48.790000915527344,48.63999938964844,48.54999923706055,ETF,EWP"
"2025-09-24 13:30:00,48.47999954223633,48.77000045776367,48.529998779296875,48.56999969482422,ETF,EWP"
"2025-09-25 13:30:00,48.06999969482422,48.34000015258789,48.33000183105469,48.25,ETF,EWP"
"2025-09-26 13:30:00,48.720001220703125,49.04999923706055,48.720001220703125,49.040000915527344,ETF,EWP"
"2025-09-29 13:30:00,48.83000183105469,49.13999938964844,49.09000015258789,48.91999816894531,ETF,EWP"
"2025-09-30 13:30:00,49.150001525878906,49.56999969482422,49.16999816894531,49.5,ETF,EWP"
"2025-10-01 13:30:00,49.400001525878906,49.720001220703125,49.54999923706055,49.63999938964844,ETF,EWP"
"2025-10-02 13:30:00,49.130001068115234,49.630001068115234,49.56999969482422,49.36000061035156,ETF,EWP"
"2025-10-03 13:30:00,49.5099983215332,49.84000015258789,49.77000045776367,49.650001525878906,ETF,EWP"
"2025-10-06 13:30:00,49.220001220703125,49.54999923706055,49.52000045776367,49.220001220703125,ETF,EWP"
"2025-10-07 13:30:00,48.86000061035156,49.20000076293945,49.20000076293945,48.91999816894531,ETF,EWP"
"2025-10-08 13:30:00,49.13999938964844,49.58000183105469,49.220001220703125,49.33000183105469,ETF,EWP"
"2025-10-09 13:30:00,48.56999969482422,49.11000061035156,49.11000061035156,48.66999816894531,ETF,EWP"
"2025-10-10 13:30:00,48.279998779296875,49.09000015258789,49.0,48.33000183105469,ETF,EWP"
"2024-09-09 13:30:00,346.8699951171875,350.9100036621094,349.29998779296875,350.3800048828125,ETF,IWF"
"2024-09-10 13:30:00,349.3399963378906,353.8900146484375,351.7699890136719,353.69000244140625,ETF,IWF"
"2024-09-11 13:30:00,348.80999755859375,361.7799987792969,354.54998779296875,361.1600036621094,ETF,IWF"
"2024-09-12 13:30:00,360.5299987792969,365.8599853515625,361.739990234375,365.1700134277344,ETF,IWF"
"2024-09-13 13:30:00,365.07000732421875,367.8800048828125,365.7200012207031,366.8800048828125,ETF,IWF"
"2024-09-16 13:30:00,363.1300048828125,366.0,364.8699951171875,365.6300048828125,ETF,IWF"
"2024-09-17 13:30:00,364.2900085449219,369.010009765625,367.94000244140625,366.0199890136719,ETF,IWF"
"2024-09-18 13:30:00,364.5,370.1300048828125,367.4800109863281,364.760009765625,ETF,IWF"
"2024-09-19 13:30:00,371.4100036621094,374.8299865722656,372.7099914550781,373.3500061035156,ETF,IWF"
"2024-09-20 13:30:00,370.6499938964844,374.239990234375,373.0299987792969,373.0299987792969,ETF,IWF"
"2024-09-23 13:30:00,372.510009765625,374.25,373.57000732421875,373.44000244140625,ETF,IWF"
"2024-09-24 13:30:00,370.7699890136719,375.3299865722656,374.4599914550781,374.92999267578125,ETF,IWF"
"2024-09-25 13:30:00,374.1199951171875,376.25,374.1400146484375,374.9200134277344,ETF,IWF"
"2024-09-26 13:30:00,373.510009765625,379.0199890136719,378.9599914550781,375.6099853515625,ETF,IWF"
"2024-09-27 13:30:00,372.760009765625,376.25,376.25,373.6300048828125,ETF,IWF"
"2024-09-30 13:30:00,371.3500061035156,375.6600036621094,372.80999755859375,375.3800048828125,ETF,IWF"
"2024-10-01 13:30:00,367.8800048828125,375.239990234375,375.239990234375,370.239990234375,ETF,IWF"
"2024-10-02 13:30:00,367.30999755859375,371.57000732421875,369.2300109863281,370.5199890136719,ETF,IWF"
"2024-10-03 13:30:00,368.79998779296875,372.5299987792969,369.260009765625,370.7099914550781,ETF,IWF"
"2024-10-04 13:30:00,370.989990234375,375.0299987792969,374.3999938964844,374.75,ETF,IWF"
"2024-10-07 13:30:00,370.0400085449219,374.29998779296875,373.3699951171875,370.69000244140625,ETF,IWF"
"2024-10-08 13:30:00,372.69000244140625,377.04998779296875,373.0,376.70001220703125,ETF,IWF"
"2024-10-09 13:30:00,375.8699951171875,379.6000061035156,376.75,379.3299865722656,ETF,IWF"
"2024-10-10 13:30:00,376.8299865722656,380.3500061035156,377.6199951171875,379.260009765625,ETF,IWF"
"2024-10-11 13:30:00,377.80999755859375,380.7699890136719,378.3699951171875,380.010009765625,ETF,IWF"
"2024-10-14 13:30:00,381.70001220703125,384.4700012207031,381.70001220703125,383.57000732421875,ETF,IWF"
"2024-10-15 13:30:00,378.4700012207031,384.6600036621094,384.3800048828125,379.9100036621094,ETF,IWF"
"2024-10-16 13:30:00,377.07000732421875,380.7300109863281,379.739990234375,380.25,ETF,IWF"
"2024-10-17 13:30:00,380.6300048828125,384.44000244140625,384.010009765625,380.75,ETF,IWF"
"2024-10-18 13:30:00,382.1099853515625,383.6499938964844,383.20001220703125,382.82000732421875,ETF,IWF"
"2024-10-21 13:30:00,381.0,384.30999755859375,381.9700012207031,384.17999267578125,ETF,IWF"
"2024-10-22 13:30:00,381.4100036621094,385.6700134277344,382.1099853515625,384.5199890136719,ETF,IWF"
"2024-10-23 13:30:00,376.0899963378906,383.2900085449219,383.0299987792969,378.6600036621094,ETF,IWF"
"2024-10-24 13:30:00,378.9700012207031,381.6099853515625,380.6600036621094,381.239990234375,ETF,IWF"
"2024-10-25 13:30:00,382.32000732421875,386.25,382.67999267578125,382.7699890136719,ETF,IWF"
"2024-10-28 13:30:00,383.3699951171875,386.45001220703125,385.9700012207031,383.6499938964844,ETF,IWF"
"2024-10-29 13:30:00,382.6400146484375,387.6199951171875,383.6700134277344,386.8500061035156,ETF,IWF"
"2024-10-30 13:30:00,384.17999267578125,388.0299987792969,386.5299987792969,385.1199951171875,ETF,IWF"
"2024-10-31 13:30:00,373.8900146484375,380.9700012207031,380.9700012207031,373.9599914550781,ETF,IWF"
"2024-11-01 13:30:00,375.7200012207031,379.6600036621094,375.94000244140625,376.80999755859375,ETF,IWF"
"2024-11-04 14:30:00,374.6099853515625,377.9700012207031,376.489990234375,375.57000732421875,ETF,IWF"
"2024-11-05 14:30:00,376.5899963378906,381.1700134277344,376.5899963378906,380.79998779296875,ETF,IWF"
"2024-11-06 14:30:00,386.0199890136719,390.9200134277344,387.4800109863281,390.6300048828125,ETF,IWF"
"2024-11-07 14:30:00,392.8800048828125,397.6700134277344,392.94000244140625,397.32000732421875,ETF,IWF"
"2024-11-08 14:30:00,397.0899963378906,399.5299987792969,397.1199951171875,398.6300048828125,ETF,IWF"
"2024-11-11 14:30:00,396.510009765625,399.9800109863281,399.6300048828125,398.4800109863281,ETF,IWF"
"2024-11-12 14:30:00,396.45001220703125,399.6400146484375,398.55999755859375,398.7900085449219,ETF,IWF"
"2024-11-13 14:30:00,397.05999755859375,400.8500061035156,398.80999755859375,398.3699951171875,ETF,IWF"
"2024-11-14 14:30:00,395.19000244140625,398.7699890136719,398.44000244140625,395.79998779296875,ETF,IWF"
"2024-11-15 14:30:00,385.8999938964844,392.2900085449219,392.2300109863281,387.54998779296875,ETF,IWF"
"2024-11-18 14:30:00,386.6600036621094,390.5199890136719,388.1300048828125,389.05999755859375,ETF,IWF"
"2024-11-19 14:30:00,387.0299987792969,393.57000732421875,387.0899963378906,393.3999938964844,ETF,IWF"
"2024-11-20 14:30:00,388.0299987792969,393.5899963378906,393.5899963378906,392.760009765625,ETF,IWF"
"2024-11-21 14:30:00,388.4100036621094,395.92999267578125,395.2799987792969,393.7200012207031,ETF,IWF"
"2024-11-22 14:30:00,392.1499938964844,394.7900085449219,393.30999755859375,394.1199951171875,ETF,IWF"
"2024-11-25 14:30:00,392.57000732421875,397.989990234375,396.7300109863281,394.30999755859375,ETF,IWF"
"2024-11-26 14:30:00,395.989990234375,398.3500061035156,396.010009765625,397.9700012207031,ETF,IWF"
"2024-11-27 14:30:00,392.94000244140625,397.010009765625,396.9800109863281,395.3399963378906,ETF,IWF"
"2024-11-29 14:30:00,395.2200012207031,399.0799865722656,395.9100036621094,398.3800048828125,ETF,IWF"
"2024-12-02 14:30:00,399.20001220703125,402.5799865722656,399.2699890136719,401.8399963378906,ETF,IWF"
"2024-12-03 14:30:00,400.82000732421875,404.4800109863281,401.3800048828125,404.20001220703125,ETF,IWF"
"2024-12-04 14:30:00,406.6700134277344,410.1499938964844,407.0400085449219,409.94000244140625,ETF,IWF"
"2024-12-05 14:30:00,409.3399963378906,411.2799987792969,410.20001220703125,409.69000244140625,ETF,IWF"
"2024-12-06 14:30:00,410.0,413.0400085449219,410.3699951171875,412.7799987792969,ETF,IWF"
"2024-12-09 14:30:00,408.7699890136719,412.55999755859375,412.0,410.0899963378906,ETF,IWF"
"2024-12-10 14:30:00,407.8500061035156,413.1600036621094,410.94000244140625,408.9800109863281,ETF,IWF"
"2024-12-11 14:30:00,411.70001220703125,416.260009765625,411.70001220703125,415.8399963378906,ETF,IWF"
"2024-12-12 14:30:00,413.1300048828125,415.4800109863281,414.3999938964844,413.2699890136719,ETF,IWF"
"2024-12-13 14:30:00,412.0400085449219,416.9599914550781,415.6099853515625,414.0400085449219,ETF,IWF"
"2024-12-16 14:30:00,415.2300109863281,419.5299987792969,416.0,418.94000244140625,ETF,IWF"
"2024-12-17 14:30:00,414.9100036621094,418.0799865722656,416.70001220703125,417.0799865722656,ETF,IWF"
"2024-12-18 14:30:00,401.9100036621094,418.69000244140625,416.9599914550781,402.94000244140625,ETF,IWF"
"2024-12-19 14:30:00,402.7799987792969,407.8800048828125,407.5199890136719,402.9800109863281,ETF,IWF"
"2024-12-20 14:30:00,399.30999755859375,411.4800109863281,400.5199890136719,407.3299865722656,ETF,IWF"
"2024-12-23 14:30:00,405.6499938964844,411.6700134277344,408.45001220703125,411.45001220703125,ETF,IWF"
"2024-12-24 14:30:00,412.2699890136719,416.739990234375,412.3900146484375,416.739990234375,ETF,IWF"
"2024-12-26 14:30:00,413.6099853515625,417.2799987792969,415.6199951171875,416.1199951171875,ETF,IWF"
"2024-12-27 14:30:00,406.4599914550781,413.6600036621094,413.5299987792969,410.0899963378906,ETF,IWF"
"2024-12-30 14:30:00,402.260009765625,408.1600036621094,404.07000732421875,405.20001220703125,ETF,IWF"
"2024-12-31 14:30:00,400.82000732421875,406.6099853515625,406.2900085449219,401.5799865722656,ETF,IWF"
"2025-01-02 14:30:00,396.9599914550781,405.7099914550781,403.2099914550781,400.6700134277344,ETF,IWF"
"2025-01-03 14:30:00,402.6000061035156,407.7099914550781,403.0,407.2099914550781,ETF,IWF"
"2025-01-06 14:30:00,410.0799865722656,414.6700134277344,411.5199890136719,411.9599914550781,ETF,IWF"
"2025-01-07 14:30:00,402.54998779296875,413.3800048828125,413.0400085449219,403.7900085449219,ETF,IWF"
"2025-01-08 14:30:00,400.9700012207031,405.8999938964844,404.6400146484375,404.3800048828125,ETF,IWF"
"2025-01-10 14:30:00,395.32000732421875,401.8500061035156,401.69000244140625,398.1499938964844,ETF,IWF"
"2025-01-13 14:30:00,391.79998779296875,397.010009765625,392.8800048828125,396.6700134277344,ETF,IWF"
"2025-01-14 14:30:00,392.8999938964844,399.9100036621094,399.4800109863281,395.29998779296875,ETF,IWF"
"2025-01-15 14:30:00,400.1700134277344,405.5899963378906,401.2099914550781,404.8999938964844,ETF,IWF"
"2025-01-16 14:30:00,401.82000732421875,406.6199951171875,406.6199951171875,402.04998779296875,ETF,IWF"
"2025-01-17 14:30:00,405.260009765625,408.739990234375,408.1499938964844,406.9800109863281,ETF,IWF"
"2025-01-21 14:30:00,405.6099853515625,410.17999267578125,408.79998779296875,409.760009765625,ETF,IWF"
"2025-01-22 14:30:00,413.4200134277344,416.9599914550781,413.5400085449219,415.6099853515625,ETF,IWF"
"2025-01-23 14:30:00,413.739990234375,417.489990234375,413.8699951171875,417.260009765625,ETF,IWF"
"2025-01-24 14:30:00,414.3299865722656,419.0,418.2799987792969,415.489990234375,ETF,IWF"
"2025-01-27 14:30:00,400.0799865722656,406.54998779296875,400.5899963378906,403.6499938964844,ETF,IWF"
"2025-01-28 14:30:00,402.7799987792969,413.1600036621094,405.1000061035156,412.5,ETF,IWF"
"2025-01-29 14:30:00,406.6400146484375,411.20001220703125,411.1199951171875,409.55999755859375,ETF,IWF"
"2025-01-30 14:30:00,406.2699890136719,412.54998779296875,410.1199951171875,410.7300109863281,ETF,IWF"
"2025-01-31 14:30:00,408.3900146484375,416.4599914550781,414.05999755859375,409.30999755859375,ETF,IWF"
"2025-02-03 14:30:00,399.79998779296875,407.5199890136719,401.2699890136719,405.0400085449219,ETF,IWF"
"2025-02-04 14:30:00,405.5199890136719,410.30999755859375,405.7300109863281,410.30999755859375,ETF,IWF"
"2025-02-05 14:30:00,406.55999755859375,410.69000244140625,407.7200012207031,410.5,ETF,IWF"
"2025-02-06 14:30:00,410.1600036621094,413.1400146484375,411.010009765625,412.8800048828125,ETF,IWF"
"2025-02-07 14:30:00,407.54998779296875,414.8800048828125,412.8999938964844,408.1099853515625,ETF,IWF"
"2025-02-10 14:30:00,410.489990234375,413.32000732421875,410.9800109863281,412.260009765625,ETF,IWF"
"2025-02-11 14:30:00,409.4800109863281,412.54998779296875,410.07000732421875,411.04998779296875,ETF,IWF"
"2025-02-12 14:30:00,406.0299987792969,411.4599914550781,406.6300048828125,410.6199951171875,ETF,IWF"
"2025-02-13 14:30:00,410.5400085449219,416.05999755859375,411.07000732421875,415.760009765625,ETF,IWF"
"2025-02-14 14:30:00,414.8599853515625,416.9100036621094,415.760009765625,416.3699951171875,ETF,IWF"
"2025-02-18 14:30:00,413.760009765625,418.0400085449219,417.5400085449219,416.3299865722656,ETF,IWF"
"2025-02-19 14:30:00,413.6499938964844,417.1700134277344,415.4800109863281,416.4800109863281,ETF,IWF"
"2025-02-20 14:30:00,410.9200134277344,415.8999938964844,415.8999938964844,414.2799987792969,ETF,IWF"
"2025-02-21 14:30:00,404.57000732421875,414.7300109863281,414.3699951171875,404.8800048828125,ETF,IWF"
"2025-02-24 14:30:00,400.17999267578125,407.7699890136719,406.3900146484375,400.739990234375,ETF,IWF"
"2025-02-25 14:30:00,392.67999267578125,400.489990234375,400.0199890136719,396.7200012207031,ETF,IWF"
"2025-02-26 14:30:00,395.94000244140625,402.5199890136719,398.4599914550781,398.1700134277344,ETF,IWF"
"2025-02-27 14:30:00,387.45001220703125,401.8500061035156,401.0899963378906,387.6000061035156,ETF,IWF"
"2025-02-28 14:30:00,384.3900146484375,394.8699951171875,387.0199890136719,394.6000061035156,ETF,IWF"
"2025-03-03 14:30:00,381.92999267578125,397.1600036621094,395.80999755859375,384.8599853515625,ETF,IWF"
"2025-03-04 14:30:00,375.92999267578125,388.760009765625,380.70001220703125,382.3800048828125,ETF,IWF"
"2025-03-05 14:30:00,379.6099853515625,389.1199951171875,382.7900085449219,388.0400085449219,ETF,IWF"
"2025-03-06 14:30:00,375.4599914550781,385.4700012207031,381.0299987792969,377.239990234375,ETF,IWF"
"2025-03-07 14:30:00,369.92999267578125,380.29998779296875,376.0299987792969,378.8500061035156,ETF,IWF"
"2025-03-10 13:30:00,360.3800048828125,371.9100036621094,371.7799987792969,363.8800048828125,ETF,IWF"
"2025-03-11 13:30:00,359.30999755859375,368.2900085449219,362.7099914550781,362.9800109863281,ETF,IWF"
"2025-03-12 13:30:00,363.42999267578125,370.8299865722656,369.4200134277344,367.9200134277344,ETF,IWF"
"2025-03-13 13:30:00,358.94000244140625,367.5,367.20001220703125,360.07000732421875,ETF,IWF"
"2025-03-14 13:30:00,363.67999267578125,369.7300109863281,364.3299865722656,369.20001220703125,ETF,IWF"
"2025-03-17 13:30:00,367.1300048828125,372.79998779296875,368.95001220703125,370.3500061035156,ETF,IWF"
"2025-03-18 13:30:00,361.7900085449219,367.510009765625,367.42999267578125,363.4599914550781,ETF,IWF"
"2025-03-19 13:30:00,364.20001220703125,372.4200134277344,365.3399963378906,369.0400085449219,ETF,IWF"
"2025-03-20 13:30:00,365.79998779296875,372.6499938964844,366.0400085449219,368.20001220703125,ETF,IWF"
"2025-03-21 13:30:00,363.6499938964844,370.5199890136719,364.6099853515625,369.8999938964844,ETF,IWF"
"2025-03-24 13:30:00,374.9200134277344,379.010009765625,375.5299987792969,377.95001220703125,ETF,IWF"
"2025-03-25 13:30:00,378.07000732421875,380.5199890136719,379.0799865722656,380.260009765625,ETF,IWF"
"2025-03-26 13:30:00,370.7200012207031,379.239990234375,379.0299987792969,372.0400085449219,ETF,IWF"
"2025-03-27 13:30:00,368.7300109863281,373.7300109863281,370.239990234375,370.07000732421875,ETF,IWF"
"2025-03-28 13:30:00,359.739990234375,369.55999755859375,368.3399963378906,360.5400085449219,ETF,IWF"
"2025-03-31 13:30:00,351.0299987792969,361.75,354.489990234375,361.0899963378906,ETF,IWF"
"2025-04-01 13:30:00,357.8599853515625,365.0799865722656,359.44000244140625,363.8800048828125,ETF,IWF"
"2025-04-02 13:30:00,358.44000244140625,369.5799865722656,358.7099914550781,366.8599853515625,ETF,IWF"
"2025-04-03 13:30:00,345.8599853515625,352.80999755859375,350.0400085449219,346.45001220703125,ETF,IWF"
"2025-04-04 13:30:00,325.6600036621094,337.92999267578125,335.5899963378906,325.6700134277344,ETF,IWF"
"2025-04-07 13:30:00,308.6700134277344,340.239990234375,312.54998779296875,326.0299987792969,ETF,IWF"
"2025-04-08 13:30:00,315.57000732421875,342.0199890136719,338.9800109863281,320.4200134277344,ETF,IWF"
"2025-04-09 13:30:00,319.2799987792969,359.7300109863281,320.1300048828125,357.6600036621094,ETF,IWF"
"2025-04-10 13:30:00,332.95001220703125,349.989990234375,348.29998779296875,343.8599853515625,ETF,IWF"
"2025-04-11 13:30:00,340.3500061035156,351.3699951171875,342.3699951171875,350.0199890136719,ETF,IWF"
"2025-04-14 13:30:00,349.0,358.9200134277344,358.6000061035156,352.2099914550781,ETF,IWF"
"2025-04-15 13:30:00,350.8999938964844,355.54998779296875,352.57000732421875,352.2099914550781,ETF,IWF"
"2025-04-16 13:30:00,336.7699890136719,347.92999267578125,345.05999755859375,341.6600036621094,ETF,IWF"
"2025-04-17 13:30:00,339.8599853515625,345.0,344.5400085449219,341.6199951171875,ETF,IWF"
"2025-04-21 13:30:00,328.3299865722656,337.5799865722656,336.92999267578125,332.5400085449219,ETF,IWF"
"2025-04-22 13:30:00,335.6000061035156,343.7300109863281,336.57000732421875,341.29998779296875,ETF,IWF"
"2025-04-23 13:30:00,348.19000244140625,356.4800109863281,353.05999755859375,349.510009765625,ETF,IWF"
"2025-04-24 13:30:00,350.57000732421875,359.7799987792969,351.0799865722656,359.3699951171875,ETF,IWF"
"2025-04-25 13:30:00,359.04998779296875,365.4200134277344,360.20001220703125,364.7799987792969,ETF,IWF"
"2025-04-28 13:30:00,359.8399963378906,366.4700012207031,365.5,364.4800109863281,ETF,IWF"
"2025-04-29 13:30:00,362.6600036621094,367.6199951171875,362.6700134277344,366.7200012207031,ETF,IWF"
"2025-04-30 13:30:00,356.9800109863281,368.0299987792969,360.19000244140625,366.7900085449219,ETF,IWF"
"2025-05-01 13:30:00,371.25,376.2799987792969,373.5899963378906,371.6199951171875,ETF,IWF"
"2025-05-02 13:30:00,374.17999267578125,378.6499938964844,375.44000244140625,376.92999267578125,ETF,IWF"
"2025-05-05 13:30:00,373.7900085449219,377.19000244140625,373.7900085449219,374.7200012207031,ETF,IWF"
"2025-05-06 13:30:00,369.4100036621094,374.29998779296875,370.3500061035156,371.2300109863281,ETF,IWF"
"2025-05-07 13:30:00,367.5799865722656,374.25,371.7200012207031,372.489990234375,ETF,IWF"
"2025-05-08 13:30:00,372.3900146484375,378.8999938964844,376.0,375.4599914550781,ETF,IWF"
"2025-05-09 13:30:00,373.5799865722656,377.94000244140625,376.57000732421875,374.75,ETF,IWF"
"2025-05-12 13:30:00,385.44000244140625,390.9100036621094,389.2300109863281,390.739990234375,ETF,IWF"
"2025-05-13 13:30:00,391.25,398.0899963378906,392.2300109863281,396.6700134277344,ETF,IWF"
"2025-05-14 13:30:00,397.5199890136719,400.3999938964844,398.010009765625,399.6199951171875,ETF,IWF"
"2025-05-15 13:30:00,396.19000244140625,401.0,397.69000244140625,399.2300109863281,ETF,IWF"
"2025-05-16 13:30:00,397.8699951171875,401.5299987792969,400.8900146484375,401.3500061035156,ETF,IWF"
"2025-05-19 13:30:00,396.05999755859375,401.92999267578125,396.05999755859375,401.67999267578125,ETF,IWF"
"2025-05-20 13:30:00,396.94000244140625,400.4599914550781,399.7900085449219,399.4700012207031,ETF,IWF"
"2025-05-21 13:30:00,392.2099914550781,401.1400146484375,396.67999267578125,393.5400085449219,ETF,IWF"
"2025-05-22 13:30:00,392.8699951171875,397.4700012207031,393.6499938964844,394.489990234375,ETF,IWF"
"2025-05-23 13:30:00,388.29998779296875,392.9599914550781,388.29998779296875,390.6000061035156,ETF,IWF"
"2025-05-27 13:30:00,395.3500061035156,400.3500061035156,396.0799865722656,400.0899963378906,ETF,IWF"
"2025-05-28 13:30:00,397.92999267578125,402.0899963378906,400.67999267578125,398.3399963378906,ETF,IWF"
"2025-05-29 13:30:00,397.8599853515625,404.5299987792969,404.239990234375,399.7699890136719,ETF,IWF"
"2025-05-30 13:30:00,393.8900146484375,400.54998779296875,399.1600036621094,399.42999267578125,ETF,IWF"
"2025-06-02 13:30:00,396.5799865722656,402.19000244140625,397.6400146484375,401.95001220703125,ETF,IWF"
"2025-06-03 13:30:00,401.70001220703125,405.9100036621094,402.4599914550781,404.79998779296875,ETF,IWF"
"2025-06-04 13:30:00,404.5899963378906,406.95001220703125,405.57000732421875,406.04998779296875,ETF,IWF"
"2025-06-05 13:30:00,401.82000732421875,409.3900146484375,407.4599914550781,403.55999755859375,ETF,IWF"
"2025-06-06 13:30:00,406.19000244140625,409.1400146484375,407.5899963378906,407.57000732421875,ETF,IWF"
"2025-06-09 13:30:00,406.9200134277344,409.05999755859375,408.0899963378906,407.8900146484375,ETF,IWF"
"2025-06-10 13:30:00,406.6499938964844,410.9100036621094,408.4100036621094,410.5,ETF,IWF"
"2025-06-11 13:30:00,407.67999267578125,412.75,411.7200012207031,409.1700134277344,ETF,IWF"
"2025-06-12 13:30:00,408.3800048828125,411.44000244140625,408.4800109863281,410.7699890136719,ETF,IWF"
"2025-06-13 13:30:00,404.489990234375,409.2300109863281,406.3599853515625,405.57000732421875,ETF,IWF"
"2025-06-16 13:30:00,407.55999755859375,411.2900085449219,407.55999755859375,410.1700134277344,ETF,IWF"
"2025-06-17 13:30:00,405.92999267578125,409.55999755859375,408.1000061035156,406.5400085449219,ETF,IWF"
"2025-06-18 13:30:00,404.9700012207031,409.1300048828125,407.2200012207031,405.989990234375,ETF,IWF"
"2025-06-20 13:30:00,402.5899963378906,408.7099914550781,408.45001220703125,403.1700134277344,ETF,IWF"
"2025-06-23 13:30:00,401.8800048828125,408.3999938964844,403.739990234375,408.0899963378906,ETF,IWF"
"2025-06-24 13:30:00,411.25,414.6700134277344,412.0299987792969,414.0,ETF,IWF"
"2025-06-25 13:30:00,414.3500061035156,416.9200134277344,415.6600036621094,415.44000244140625,ETF,IWF"
"2025-06-26 13:30:00,415.7200012207031,419.79998779296875,417.1000061035156,419.32000732421875,ETF,IWF"
"2025-06-27 13:30:00,418.260009765625,422.6000061035156,420.5299987792969,421.70001220703125,ETF,IWF"
"2025-06-30 13:30:00,422.32000732421875,425.67999267578125,424.1300048828125,424.5799865722656,ETF,IWF"
"2025-07-01 13:30:00,418.5400085449219,423.9800109863281,422.8999938964844,420.1099853515625,ETF,IWF"
"2025-07-02 13:30:00,419.70001220703125,423.7699890136719,419.9599914550781,423.5199890136719,ETF,IWF"
"2025-07-03 13:30:00,425.4200134277344,428.8299865722656,425.70001220703125,428.2699890136719,ETF,IWF"
"2025-07-07 13:30:00,423.1700134277344,427.3599853515625,426.1000061035156,425.260009765625,ETF,IWF"
"2025-07-08 13:30:00,423.9700012207031,426.5,426.2300109863281,424.92999267578125,ETF,IWF"
"2025-07-09 13:30:00,426.55999755859375,429.510009765625,426.5799865722656,428.8299865722656,ETF,IWF"
"2025-07-10 13:30:00,426.260009765625,429.7699890136719,429.5,428.7200012207031,ETF,IWF"
"2025-07-11 13:30:00,426.2799987792969,428.9700012207031,427.0400085449219,427.57000732421875,ETF,IWF"
"2025-07-14 13:30:00,425.8299865722656,429.6199951171875,427.4800109863281,428.9100036621094,ETF,IWF"
"2025-07-15 13:30:00,429.8800048828125,432.760009765625,432.5899963378906,429.8800048828125,ETF,IWF"
"2025-07-16 13:30:00,426.989990234375,431.8900146484375,430.82000732421875,431.3800048828125,ETF,IWF"
"2025-07-17 13:30:00,431.5199890136719,434.8999938964844,431.989990234375,434.45001220703125,ETF,IWF"
"2025-07-18 13:30:00,433.19000244140625,435.8399963378906,435.8399963378906,434.260009765625,ETF,IWF"
"2025-07-21 13:30:00,434.7300109863281,437.3900146484375,434.9599914550781,435.3999938964844,ETF,IWF"
"2025-07-22 13:30:00,430.1499938964844,435.7200012207031,435.7200012207031,432.6400146484375,ETF,IWF"
"2025-07-23 13:30:00,432.8500061035156,436.5899963378906,434.75,436.5899963378906,ETF,IWF"
"2025-07-24 13:30:00,436.30999755859375,438.8399963378906,437.8399963378906,437.8500061035156,ETF,IWF"
"2025-07-25 13:30:00,438.1499938964844,440.8999938964844,438.5899963378906,439.8800048828125,ETF,IWF"
"2025-07-28 13:30:00,440.1600036621094,441.8800048828125,440.8699951171875,441.4100036621094,ETF,IWF"
"2025-07-29 13:30:00,438.8500061035156,443.5400085449219,442.67999267578125,439.1199951171875,ETF,IWF"
"2025-07-30 13:30:00,437.55999755859375,441.79998779296875,440.1600036621094,440.2200012207031,ETF,IWF"
"2025-07-31 13:30:00,439.75,448.7900085449219,448.7900085449219,440.4100036621094,ETF,IWF"
"2025-08-01 13:30:00,430.1000061035156,435.79998779296875,435.5799865722656,431.9100036621094,ETF,IWF"
"2025-08-04 13:30:00,435.7099914550781,440.67999267578125,436.0,440.3800048828125,ETF,IWF"
"2025-08-05 13:30:00,436.42999267578125,441.7200012207031,440.9599914550781,436.9200134277344,ETF,IWF"
"2025-08-06 13:30:00,437.6000061035156,443.1199951171875,437.760009765625,442.94000244140625,ETF,IWF"
"2025-08-07 13:30:00,438.8599853515625,446.32000732421875,445.2799987792969,442.2900085449219,ETF,IWF"
"2025-08-08 13:30:00,443.20001220703125,446.5199890136719,443.5799865722656,445.92999267578125,ETF,IWF"
"2025-08-11 13:30:00,444.1499938964844,448.30999755859375,445.6099853515625,445.1099853515625,ETF,IWF"
"2025-08-12 13:30:00,444.739990234375,450.3800048828125,447.2099914550781,450.29998779296875,ETF,IWF"
"2025-08-13 13:30:00,448.5,452.80999755859375,452.0400085449219,449.8900146484375,ETF,IWF"
"2025-08-14 13:30:00,448.5400085449219,451.69000244140625,448.67999267578125,450.42999267578125,ETF,IWF"
"2025-08-15 13:30:00,447.8500061035156,451.17999267578125,451.17999267578125,449.010009765625,ETF,IWF"
"2025-08-18 13:30:00,447.55999755859375,449.6400146484375,448.57000732421875,449.1600036621094,ETF,IWF"
"2025-08-19 13:30:00,441.92999267578125,449.0299987792969,449.0299987792969,442.92999267578125,ETF,IWF"
"2025-08-20 13:30:00,434.5799865722656,442.05999755859375,442.05999755859375,440.30999755859375,ETF,IWF"
"2025-08-21 13:30:00,436.95001220703125,440.9700012207031,438.9800109863281,438.42999267578125,ETF,IWF"
"2025-08-22 13:30:00,438.19000244140625,446.8599853515625,439.010009765625,445.260009765625,ETF,IWF"
"2025-08-25 13:30:00,443.6499938964844,447.0299987792969,444.4800109863281,444.5400085449219,ETF,IWF"
"2025-08-26 13:30:00,443.3399963378906,447.29998779296875,444.32000732421875,447.1400146484375,ETF,IWF"
"2025-08-27 13:30:00,445.69000244140625,448.760009765625,446.8500061035156,448.04998779296875,ETF,IWF"
"2025-08-28 13:30:00,447.04998779296875,451.6400146484375,448.4100036621094,450.94000244140625,ETF,IWF"
"2025-08-29 13:30:00,444.20001220703125,449.5799865722656,449.44000244140625,445.5899963378906,ETF,IWF"
"2025-09-02 13:30:00,436.8800048828125,442.07000732421875,438.32000732421875,441.69000244140625,ETF,IWF"
"2025-09-03 13:30:00,443.4100036621094,447.1700134277344,445.1099853515625,446.1199951171875,ETF,IWF"
"2025-09-04 13:30:00,445.510009765625,450.1600036621094,446.82000732421875,450.07000732421875,ETF,IWF"
"2025-09-05 13:30:00,445.6400146484375,454.17999267578125,453.6199951171875,449.2900085449219,ETF,IWF"
"2025-09-08 13:30:00,451.4100036621094,453.4700012207031,451.489990234375,451.8299865722656,ETF,IWF"
"2025-09-09 13:30:00,450.17999267578125,453.4100036621094,452.67999267578125,453.2699890136719,ETF,IWF"
"2025-09-10 13:30:00,454.6700134277344,458.6400146484375,457.92999267578125,456.239990234375,ETF,IWF"
"2025-09-11 13:30:00,456.6199951171875,459.4100036621094,458.54998779296875,458.6400146484375,ETF,IWF"
"2025-09-12 13:30:00,458.25,461.2300109863281,459.0799865722656,460.1400146484375,ETF,IWF"
"2025-09-15 13:30:00,462.239990234375,464.6199951171875,462.3500061035156,464.55999755859375,ETF,IWF"
"2025-09-16 13:30:00,463.0,465.04998779296875,464.9100036621094,463.3599853515625,ETF,IWF"
"2025-09-17 13:30:00,457.2200012207031,463.6000061035156,463.0199890136719,461.510009765625,ETF,IWF"
"2025-09-18 13:30:00,462.7200012207031,466.3299865722656,464.5899963378906,464.1300048828125,ETF,IWF"
"2025-09-19 13:30:00,465.3900146484375,469.0,466.5,468.6499938964844,ETF,IWF"
"2025-09-22 13:30:00,467.6700134277344,473.010009765625,467.8999938964844,472.67999267578125,ETF,IWF"
"2025-09-23 13:30:00,466.760009765625,472.44000244140625,472.3500061035156,467.739990234375,ETF,IWF"
"2025-09-24 13:30:00,463.5199890136719,469.32000732421875,469.32000732421875,465.2200012207031,ETF,IWF"
"2025-09-25 13:30:00,459.2099914550781,464.1300048828125,461.8299865722656,462.8699951171875,ETF,IWF"
"2025-09-26 13:30:00,460.8900146484375,464.94000244140625,463.94000244140625,464.8399963378906,ETF,IWF"
"2025-09-29 13:30:00,465.32000732421875,468.7900085449219,466.7099914550781,466.55999755859375,ETF,IWF"
"2025-09-30 13:30:00,464.42999267578125,468.80999755859375,466.20001220703125,468.4100036621094,ETF,IWF"
"2025-10-01 13:30:00,465.510009765625,471.9599914550781,465.9800109863281,471.17999267578125,ETF,IWF"
"2025-10-02 13:30:00,470.05999755859375,473.82000732421875,473.82000732421875,471.7200012207031,ETF,IWF"
"2025-10-03 13:30:00,468.3399963378906,472.8599853515625,472.17999267578125,469.94000244140625,ETF,IWF"
"2025-10-06 13:30:00,470.54998779296875,473.8399963378906,471.79998779296875,472.8999938964844,ETF,IWF"
"2025-10-07 13:30:00,468.5799865722656,473.760009765625,473.3900146484375,470.260009765625,ETF,IWF"
"2025-10-08 13:30:00,471.3699951171875,474.989990234375,471.3800048828125,474.9599914550781,ETF,IWF"
"2025-10-09 13:30:00,472.5400085449219,475.510009765625,475.3500061035156,474.6000061035156,ETF,IWF"
"2025-10-10 13:30:00,459.29998779296875,476.739990234375,475.4800109863281,459.4700012207031,ETF,IWF"
"2024-09-09 13:30:00,42.869998931884766,43.40999984741211,42.90999984741211,43.25,ETF,GDXJ"
"2024-09-10 13:30:00,42.95000076293945,44.130001068115234,43.43000030517578,44.099998474121094,ETF,GDXJ"
"2024-09-11 13:30:00,43.29999923706055,44.66999816894531,43.939998626708984,44.630001068115234,ETF,GDXJ"
"2024-09-12 13:30:00,45.40999984741211,47.88999938964844,45.599998474121094,47.59000015258789,ETF,GDXJ"
"2024-09-13 13:30:00,48.45000076293945,49.22999954223633,48.63999938964844,48.97999954223633,ETF,GDXJ"
"2024-09-16 13:30:00,48.599998474121094,49.40999984741211,48.90999984741211,48.9900016784668,ETF,GDXJ"
"2024-09-17 13:30:00,48.31999969482422,49.2599983215332,48.77000045776367,48.400001525878906,ETF,GDXJ"
"2024-09-18 13:30:00,47.5,50.36000061035156,48.90999984741211,47.58000183105469,ETF,GDXJ"
"2024-09-19 13:30:00,48.279998779296875,49.279998779296875,49.209999084472656,48.709999084472656,ETF,GDXJ"
"2024-09-20 13:30:00,49.09000015258789,49.9900016784668,49.459999084472656,49.709999084472656,ETF,GDXJ"
"2024-09-23 13:30:00,49.18000030517578,50.47999954223633,49.7599983215332,49.20000076293945,ETF,GDXJ"
"2024-09-24 13:30:00,49.439998626708984,51.25,49.900001525878906,51.119998931884766,ETF,GDXJ"
"2024-09-25 13:30:00,50.43000030517578,51.279998779296875,50.900001525878906,50.529998779296875,ETF,GDXJ"
"2024-09-26 13:30:00,50.709999084472656,51.7400016784668,51.310001373291016,51.189998626708984,ETF,GDXJ"
"2024-09-27 13:30:00,49.41999816894531,51.36000061035156,51.150001525878906,49.619998931884766,ETF,GDXJ"
"2024-09-30 13:30:00,48.25,49.47999954223633,49.349998474121094,48.810001373291016,ETF,GDXJ"
"2024-10-01 13:30:00,49.0,50.130001068115234,49.529998779296875,49.7599983215332,ETF,GDXJ"
"2024-10-02 13:30:00,48.9900016784668,50.060001373291016,49.709999084472656,49.5,ETF,GDXJ"
"2024-10-03 13:30:00,48.099998474121094,48.849998474121094,48.75,48.52000045776367,ETF,GDXJ"
"2024-10-04 13:30:00,48.34000015258789,49.81999969482422,48.630001068115234,48.63999938964844,ETF,GDXJ"
"2024-10-07 13:30:00,47.45000076293945,48.22999954223633,48.20000076293945,47.779998779296875,ETF,GDXJ"
"2024-10-08 13:30:00,46.84000015258789,47.86000061035156,47.54999923706055,47.77000045776367,ETF,GDXJ"
"2024-10-09 13:30:00,46.709999084472656,47.560001373291016,47.2599983215332,47.5099983215332,ETF,GDXJ"
"2024-10-10 13:30:00,47.52000045776367,49.380001068115234,47.619998931884766,49.27000045776367,ETF,GDXJ"
"2024-10-11 13:30:00,49.470001220703125,50.130001068115234,49.54999923706055,49.529998779296875,ETF,GDXJ"
"2024-10-14 13:30:00,49.0,49.90999984741211,49.5,49.599998474121094,ETF,GDXJ"
"2024-10-15 13:30:00,49.33000183105469,50.34000015258789,49.689998626708984,50.310001373291016,ETF,GDXJ"
"2024-10-16 13:30:00,50.68000030517578,51.7400016784668,51.02000045776367,50.7400016784668,ETF,GDXJ"
"2024-10-17 13:30:00,50.959999084472656,51.95000076293945,51.38999938964844,51.349998474121094,ETF,GDXJ"
"2024-10-18 13:30:00,51.91999816894531,54.099998474121094,52.06999969482422,53.869998931884766,ETF,GDXJ"
"2024-10-21 13:30:00,53.90999984741211,55.25,55.0,54.04999923706055,ETF,GDXJ"
"2024-10-22 13:30:00,54.83000183105469,55.58000183105469,54.95000076293945,55.349998474121094,ETF,GDXJ"
"2024-10-23 13:30:00,53.47999954223633,54.68000030517578,54.619998931884766,54.06999969482422,ETF,GDXJ"
"2024-10-24 13:30:00,52.7400016784668,54.79999923706055,54.790000915527344,53.779998779296875,ETF,GDXJ"
"2024-10-25 13:30:00,52.68000030517578,53.970001220703125,53.68000030517578,52.869998931884766,ETF,GDXJ"
"2024-10-28 13:30:00,52.540000915527344,53.150001525878906,52.810001373291016,52.63999938964844,ETF,GDXJ"
"2024-10-29 13:30:00,52.90999984741211,53.869998931884766,53.13999938964844,53.77000045776367,ETF,GDXJ"
"2024-10-30 13:30:00,52.22999954223633,53.68000030517578,53.65999984741211,53.02000045776367,ETF,GDXJ"
"2024-10-31 13:30:00,50.72999954223633,52.27000045776367,52.18000030517578,51.58000183105469,ETF,GDXJ"
"2024-11-01 13:30:00,50.79999923706055,52.18000030517578,51.84000015258789,50.84000015258789,ETF,GDXJ"
"2024-11-04 14:30:00,50.5099983215332,51.560001373291016,51.38999938964844,50.650001525878906,ETF,GDXJ"
"2024-11-05 14:30:00,50.470001220703125,51.619998931884766,51.16999816894531,50.7400016784668,ETF,GDXJ"
"2024-11-06 14:30:00,47.65999984741211,49.59000015258789,48.209999084472656,49.0,ETF,GDXJ"
"2024-11-07 14:30:00,48.97999954223633,50.56999969482422,49.36000061035156,50.31999969482422,ETF,GDXJ"
"2024-11-08 14:30:00,48.86000061035156,50.060001373291016,49.93000030517578,49.52000045776367,ETF,GDXJ"
"2024-11-11 14:30:00,45.90999984741211,48.11000061035156,47.65999984741211,46.869998931884766,ETF,GDXJ"
"2024-11-12 14:30:00,45.40999984741211,46.68000030517578,46.529998779296875,45.97999954223633,ETF,GDXJ"
"2024-11-13 14:30:00,45.099998474121094,46.81999969482422,46.70000076293945,45.130001068115234,ETF,GDXJ"
"2024-11-14 14:30:00,44.7599983215332,45.709999084472656,44.869998931884766,45.36000061035156,ETF,GDXJ"
"2024-11-15 14:30:00,45.0,46.15999984741211,45.59000015258789,45.11000061035156,ETF,GDXJ"
"2024-11-18 14:30:00,46.540000915527344,47.88999938964844,46.540000915527344,47.33000183105469,ETF,GDXJ"
"2024-11-19 14:30:00,47.209999084472656,48.220001220703125,48.0,48.18000030517578,ETF,GDXJ"
"2024-11-20 14:30:00,47.47999954223633,48.0099983215332,47.869998931884766,47.66999816894531,ETF,GDXJ"
"2024-11-21 14:30:00,47.619998931884766,48.5099983215332,48.2400016784668,48.43000030517578,ETF,GDXJ"
"2024-11-22 14:30:00,48.099998474121094,48.810001373291016,48.72999954223633,48.34000015258789,ETF,GDXJ"
"2024-11-25 14:30:00,46.38999938964844,47.25,46.86000061035156,46.81999969482422,ETF,GDXJ"
"2024-11-26 14:30:00,46.41999816894531,46.9900016784668,46.88999938964844,46.66999816894531,ETF,GDXJ"
"2024-11-27 14:30:00,46.9900016784668,47.81999969482422,47.25,47.16999816894531,ETF,GDXJ"
"2024-11-29 14:30:00,47.52000045776367,48.060001373291016,47.77000045776367,47.68000030517578,ETF,GDXJ"
"2024-12-02 14:30:00,46.7599983215332,47.68000030517578,47.630001068115234,46.86000061035156,ETF,GDXJ"
"2024-12-03 14:30:00,47.29999923706055,48.88999938964844,47.40999984741211,48.27000045776367,ETF,GDXJ"
"2024-12-04 14:30:00,48.119998931884766,48.849998474121094,48.36000061035156,48.2599983215332,ETF,GDXJ"
"2024-12-05 14:30:00,48.060001373291016,49.11000061035156,48.5,48.5099983215332,ETF,GDXJ"
"2024-12-06 14:30:00,47.13999938964844,48.279998779296875,48.209999084472656,47.310001373291016,ETF,GDXJ"
"2024-12-09 14:30:00,48.849998474121094,50.54999923706055,48.880001068115234,49.2599983215332,ETF,GDXJ"
"2024-12-10 14:30:00,49.2400016784668,50.279998779296875,49.83000183105469,49.29999923706055,ETF,GDXJ"
"2024-12-11 14:30:00,49.439998626708984,51.029998779296875,49.79999923706055,50.84000015258789,ETF,GDXJ"
"2024-12-12 14:30:00,48.36000061035156,49.56999969482422,49.36000061035156,48.380001068115234,ETF,GDXJ"
"2024-12-13 14:30:00,46.810001373291016,48.16999816894531,48.16999816894531,47.0099983215332,ETF,GDXJ"
"2024-12-16 14:30:00,46.599998474121094,47.36000061035156,47.2400016784668,46.66999816894531,ETF,GDXJ"
"2024-12-17 14:30:00,45.88999938964844,46.779998779296875,46.13999938964844,46.5099983215332,ETF,GDXJ"
"2024-12-18 14:30:00,44.099998474121094,46.470001220703125,46.369998931884766,44.25,ETF,GDXJ"
"2024-12-19 14:30:00,43.869998931884766,44.939998626708984,44.72999954223633,44.029998779296875,ETF,GDXJ"
"2024-12-20 14:30:00,44.13999938964844,45.08000183105469,44.2599983215332,44.369998931884766,ETF,GDXJ"
"2024-12-23 14:30:00,42.72999954223633,43.540000915527344,43.150001525878906,43.47999954223633,ETF,GDXJ"
"2024-12-24 14:30:00,42.91999816894531,43.7400016784668,43.650001525878906,43.27000045776367,ETF,GDXJ"
"2024-12-26 14:30:00,43.22999954223633,43.77000045776367,43.59000015258789,43.54999923706055,ETF,GDXJ"
"2024-12-27 14:30:00,42.599998474121094,43.13999938964844,42.880001068115234,43.04999923706055,ETF,GDXJ"
"2024-12-30 14:30:00,41.849998474121094,42.75,42.56999969482422,42.31999969482422,ETF,GDXJ"
"2024-12-31 14:30:00,42.150001525878906,42.95000076293945,42.189998626708984,42.75,ETF,GDXJ"
"2025-01-02 14:30:00,43.459999084472656,44.90999984741211,43.470001220703125,44.83000183105469,ETF,GDXJ"
"2025-01-03 14:30:00,44.209999084472656,44.72999954223633,44.630001068115234,44.25,ETF,GDXJ"
"2025-01-06 14:30:00,43.72999954223633,44.709999084472656,44.220001220703125,43.790000915527344,ETF,GDXJ"
"2025-01-07 14:30:00,44.04999923706055,45.43000030517578,44.90999984741211,44.34000015258789,ETF,GDXJ"
"2025-01-08 14:30:00,44.61000061035156,45.41999816894531,44.810001373291016,45.349998474121094,ETF,GDXJ"
"2025-01-10 14:30:00,45.04999923706055,46.47999954223633,46.150001525878906,45.31999969482422,ETF,GDXJ"
"2025-01-13 14:30:00,43.95000076293945,44.709999084472656,44.70000076293945,44.31999969482422,ETF,GDXJ"
"2025-01-14 14:30:00,44.52000045776367,46.060001373291016,44.59000015258789,45.849998474121094,ETF,GDXJ"
"2025-01-15 14:30:00,45.369998931884766,46.630001068115234,46.630001068115234,46.09000015258789,ETF,GDXJ"
"2025-01-16 14:30:00,45.79999923706055,46.66999816894531,46.34000015258789,45.79999923706055,ETF,GDXJ"
"2025-01-17 14:30:00,45.220001220703125,46.36000061035156,45.630001068115234,46.02000045776367,ETF,GDXJ"
"2025-01-21 14:30:00,46.459999084472656,47.470001220703125,46.459999084472656,47.04999923706055,ETF,GDXJ"
"2025-01-22 14:30:00,46.72999954223633,47.79999923706055,47.380001068115234,47.08000183105469,ETF,GDXJ"
"2025-01-23 14:30:00,46.06999969482422,47.029998779296875,46.459999084472656,47.0099983215332,ETF,GDXJ"
"2025-01-24 14:30:00,47.43000030517578,47.880001068115234,47.68000030517578,47.630001068115234,ETF,GDXJ"
"2025-01-27 14:30:00,45.689998626708984,46.939998626708984,46.880001068115234,46.22999954223633,ETF,GDXJ"
"2025-01-28 14:30:00,46.220001220703125,47.08000183105469,46.43000030517578,46.93000030517578,ETF,GDXJ"
"2025-01-29 14:30:00,46.63999938964844,47.72999954223633,46.83000183105469,47.369998931884766,ETF,GDXJ"
"2025-01-30 14:30:00,48.25,49.7599983215332,48.349998474121094,49.20000076293945,ETF,GDXJ"
"2025-01-31 14:30:00,48.18000030517578,49.45000076293945,49.34000015258789,48.369998931884766,ETF,GDXJ"
"2025-02-03 14:30:00,48.40999984741211,49.900001525878906,48.650001525878906,49.130001068115234,ETF,GDXJ"
"2025-02-04 14:30:00,49.560001373291016,50.43000030517578,49.599998474121094,50.27000045776367,ETF,GDXJ"
"2025-02-05 14:30:00,50.70000076293945,52.189998626708984,50.7599983215332,51.52000045776367,ETF,GDXJ"
"2025-02-06 14:30:00,50.83000183105469,51.4900016784668,51.380001068115234,51.33000183105469,ETF,GDXJ"
"2025-02-07 14:30:00,50.900001525878906,52.09000015258789,51.599998474121094,50.939998626708984,ETF,GDXJ"
"2025-02-10 14:30:00,51.84000015258789,52.630001068115234,52.470001220703125,52.099998474121094,ETF,GDXJ"
"2025-02-11 14:30:00,51.34000015258789,52.06999969482422,51.65999984741211,51.34000015258789,ETF,GDXJ"
"2025-02-12 14:30:00,50.97999954223633,52.599998474121094,51.060001373291016,52.22999954223633,ETF,GDXJ"
"2025-02-13 14:30:00,51.540000915527344,52.54999923706055,52.119998931884766,52.54999923706055,ETF,GDXJ"
"2025-02-14 14:30:00,50.56999969482422,52.84000015258789,52.65999984741211,50.68000030517578,ETF,GDXJ"
"2025-02-18 14:30:00,50.869998931884766,51.59000015258789,51.41999816894531,51.220001220703125,ETF,GDXJ"
"2025-02-19 14:30:00,50.630001068115234,51.22999954223633,51.18000030517578,51.02000045776367,ETF,GDXJ"
"2025-02-20 14:30:00,51.25,52.90999984741211,51.25,52.4900016784668,ETF,GDXJ"
"2025-02-21 14:30:00,50.2400016784668,52.349998474121094,52.25,50.369998931884766,ETF,GDXJ"
"2025-02-24 14:30:00,49.619998931884766,51.0,50.88999938964844,50.77000045776367,ETF,GDXJ"
"2025-02-25 14:30:00,48.970001220703125,50.689998626708984,50.5,49.95000076293945,ETF,GDXJ"
"2025-02-26 14:30:00,49.18000030517578,50.959999084472656,49.279998779296875,50.61000061035156,ETF,GDXJ"
"2025-02-27 14:30:00,48.34000015258789,50.13999938964844,49.849998474121094,48.380001068115234,ETF,GDXJ"
"2025-02-28 14:30:00,47.290000915527344,48.720001220703125,47.63999938964844,48.65999984741211,ETF,GDXJ"
"2025-03-03 14:30:00,48.279998779296875,50.16999816894531,49.40999984741211,48.619998931884766,ETF,GDXJ"
"2025-03-04 14:30:00,48.11000061035156,50.04999923706055,49.45000076293945,49.41999816894531,ETF,GDXJ"
"2025-03-05 14:30:00,49.41999816894531,51.689998626708984,49.52000045776367,51.68000030517578,ETF,GDXJ"
"2025-03-06 14:30:00,51.06999969482422,52.189998626708984,51.150001525878906,51.31999969482422,ETF,GDXJ"
"2025-03-07 14:30:00,50.790000915527344,52.56999969482422,51.2400016784668,51.970001220703125,ETF,GDXJ"
"2025-03-10 13:30:00,49.36000061035156,51.70000076293945,51.279998779296875,49.779998779296875,ETF,GDXJ"
"2025-03-11 13:30:00,50.2599983215332,52.040000915527344,50.310001373291016,51.88999938964844,ETF,GDXJ"
"2025-03-12 13:30:00,51.290000915527344,52.81999969482422,51.36000061035156,52.630001068115234,ETF,GDXJ"
"2025-03-13 13:30:00,52.810001373291016,54.720001220703125,53.0,54.459999084472656,ETF,GDXJ"
"2025-03-14 13:30:00,54.45000076293945,55.349998474121094,55.06999969482422,54.9900016784668,ETF,GDXJ"
"2025-03-17 13:30:00,55.11000061035156,56.529998779296875,55.16999816894531,56.4900016784668,ETF,GDXJ"
"2025-03-18 13:30:00,56.29999923706055,57.650001525878906,57.220001220703125,56.38999938964844,ETF,GDXJ"
"2025-03-19 13:30:00,55.70000076293945,56.779998779296875,56.33000183105469,56.540000915527344,ETF,GDXJ"
"2025-03-20 13:30:00,55.380001068115234,56.619998931884766,55.70000076293945,56.380001068115234,ETF,GDXJ"
"2025-03-21 13:30:00,54.68000030517578,55.72999954223633,55.529998779296875,55.529998779296875,ETF,GDXJ"
"2025-03-24 13:30:00,55.16999816894531,56.02000045776367,55.849998474121094,55.220001220703125,ETF,GDXJ"
"2025-03-25 13:30:00,56.08000183105469,57.349998474121094,56.15999984741211,56.220001220703125,ETF,GDXJ"
"2025-03-26 13:30:00,55.61000061035156,56.65999984741211,56.470001220703125,55.720001220703125,ETF,GDXJ"
"2025-03-27 13:30:00,56.09000015258789,57.56999969482422,56.599998474121094,57.459999084472656,ETF,GDXJ"
"2025-03-28 13:30:00,56.59000015258789,58.599998474121094,57.849998474121094,56.849998474121094,ETF,GDXJ"
"2025-03-31 13:30:00,55.13999938964844,57.279998779296875,57.099998474121094,57.20000076293945,ETF,GDXJ"
"2025-04-01 13:30:00,56.2599983215332,57.45000076293945,57.11000061035156,56.90999984741211,ETF,GDXJ"
"2025-04-02 13:30:00,56.040000915527344,57.15999984741211,56.619998931884766,56.72999954223633,ETF,GDXJ"
"2025-04-03 13:30:00,54.060001373291016,57.77000045776367,54.459999084472656,56.56999969482422,ETF,GDXJ"
"2025-04-04 13:30:00,50.83000183105469,54.91999816894531,54.880001068115234,51.380001068115234,ETF,GDXJ"
"2025-04-07 13:30:00,49.33000183105469,53.83000183105469,50.2599983215332,50.5099983215332,ETF,GDXJ"
"2025-04-08 13:30:00,50.13999938964844,53.36000061035156,53.13999938964844,50.5,ETF,GDXJ"
"2025-04-09 13:30:00,52.130001068115234,56.18000030517578,52.869998931884766,55.79999923706055,ETF,GDXJ"
"2025-04-10 13:30:00,55.630001068115234,58.81999969482422,55.77000045776367,58.22999954223633,ETF,GDXJ"
"2025-04-11 13:30:00,60.16999816894531,61.58000183105469,60.40999984741211,61.220001220703125,ETF,GDXJ"
"2025-04-14 13:30:00,60.099998474121094,62.33000183105469,60.529998779296875,62.189998626708984,ETF,GDXJ"
"2025-04-15 13:30:00,62.439998626708984,63.34000015258789,62.84000015258789,62.970001220703125,ETF,GDXJ"
"2025-04-16 13:30:00,64.4000015258789,66.18000030517578,65.37999725341797,65.13999938964844,ETF,GDXJ"
"2025-04-17 13:30:00,63.150001525878906,64.8499984741211,64.5199966430664,64.12000274658203,ETF,GDXJ"
"2025-04-21 13:30:00,64.04000091552734,66.80000305175781,66.22000122070312,65.11000061035156,ETF,GDXJ"
"2025-04-22 13:30:00,62.439998626708984,65.4000015258789,65.3499984741211,62.630001068115234,ETF,GDXJ"
"2025-04-23 13:30:00,60.04999923706055,61.81999969482422,60.7400016784668,60.869998931884766,ETF,GDXJ"
"2025-04-24 13:30:00,61.16999816894531,62.45000076293945,62.25,62.2599983215332,ETF,GDXJ"
"2025-04-25 13:30:00,60.130001068115234,61.11000061035156,60.25,61.040000915527344,ETF,GDXJ"
"2025-04-28 13:30:00,60.130001068115234,61.59000015258789,60.77000045776367,61.56999969482422,ETF,GDXJ"
"2025-04-29 13:30:00,60.59000015258789,61.650001525878906,60.959999084472656,60.650001525878906,ETF,GDXJ"
"2025-04-30 13:30:00,60.04999923706055,61.41999816894531,60.04999923706055,61.400001525878906,ETF,GDXJ"
"2025-05-01 13:30:00,58.560001373291016,59.81999969482422,59.81999969482422,58.72999954223633,ETF,GDXJ"
"2025-05-02 13:30:00,58.380001068115234,60.209999084472656,59.93000030517578,58.709999084472656,ETF,GDXJ"
"2025-05-05 13:30:00,60.08000183105469,61.189998626708984,61.08000183105469,61.06999969482422,ETF,GDXJ"
"2025-05-06 13:30:00,62.400001525878906,64.7699966430664,62.84000015258789,64.63999938964844,ETF,GDXJ"
"2025-05-07 13:30:00,62.40999984741211,63.709999084472656,63.0099983215332,62.869998931884766,ETF,GDXJ"
"2025-05-08 13:30:00,61.83000183105469,63.560001373291016,63.2599983215332,61.91999816894531,ETF,GDXJ"
"2025-05-09 13:30:00,62.439998626708984,64.4800033569336,62.91999816894531,64.33000183105469,ETF,GDXJ"
"2025-05-12 13:30:00,58.90999984741211,61.310001373291016,61.2400016784668,59.119998931884766,ETF,GDXJ"
"2025-05-13 13:30:00,58.689998626708984,59.720001220703125,59.29999923706055,59.310001373291016,ETF,GDXJ"
"2025-05-14 13:30:00,57.400001525878906,58.2599983215332,57.97999954223633,57.880001068115234,ETF,GDXJ"
"2025-05-15 13:30:00,57.84000015258789,59.2400016784668,58.599998474121094,59.209999084472656,ETF,GDXJ"
"2025-05-16 13:30:00,57.459999084472656,58.709999084472656,57.630001068115234,58.709999084472656,ETF,GDXJ"
"2025-05-19 13:30:00,59.2599983215332,60.27000045776367,59.63999938964844,60.2400016784668,ETF,GDXJ"
"2025-05-20 13:30:00,60.099998474121094,62.369998931884766,60.25,62.27000045776367,ETF,GDXJ"
"2025-05-21 13:30:00,62.41999816894531,63.5099983215332,62.41999816894531,63.18000030517578,ETF,GDXJ"
"2025-05-22 13:30:00,62.27000045776367,63.43000030517578,63.119998931884766,62.81999969482422,ETF,GDXJ"
"2025-05-23 13:30:00,63.56999969482422,65.01000213623047,64.33999633789062,64.66999816894531,ETF,GDXJ"
"2025-05-27 13:30:00,63.189998626708984,64.44000244140625,63.29999923706055,63.720001220703125,ETF,GDXJ"
"2025-05-28 13:30:00,63.86000061035156,64.66999816894531,63.91999816894531,64.6500015258789,ETF,GDXJ"
"2025-05-29 13:30:00,64.19000244140625,65.4800033569336,65.13999938964844,64.58000183105469,ETF,GDXJ"
"2025-05-30 13:30:00,63.880001068115234,65.33999633789062,64.0199966430664,65.31999969482422,ETF,GDXJ"
"2025-06-02 13:30:00,66.6500015258789,69.76000213623047,66.68000030517578,69.44000244140625,ETF,GDXJ"
"2025-06-03 13:30:00,67.66000366210938,68.7300033569336,68.3499984741211,68.69999694824219,ETF,GDXJ"
"2025-06-04 13:30:00,68.66000366210938,69.6500015258789,69.16999816894531,69.2300033569336,ETF,GDXJ"
"2025-06-05 13:30:00,69.80000305175781,71.83999633789062,70.36000061035156,70.72000122070312,ETF,GDXJ"
"2025-06-06 13:30:00,68.80000305175781,70.87999725341797,70.41000366210938,69.0,ETF,GDXJ"
"2025-06-09 13:30:00,69.08000183105469,70.04000091552734,69.31999969482422,69.61000061035156,ETF,GDXJ"
"2025-06-10 13:30:00,68.04000091552734,70.13999938964844,69.87999725341797,68.51000213623047,ETF,GDXJ"
"2025-06-11 13:30:00,68.41000366210938,69.1500015258789,68.62000274658203,68.97000122070312,ETF,GDXJ"
"2025-06-12 13:30:00,69.83000183105469,71.02999877929688,69.94000244140625,70.61000061035156,ETF,GDXJ"
"2025-06-13 13:30:00,70.87999725341797,71.70999908447266,71.55000305175781,71.2300033569336,ETF,GDXJ"
"2025-06-16 13:30:00,69.4000015258789,70.8499984741211,70.5199966430664,69.62000274658203,ETF,GDXJ"
"2025-06-17 13:30:00,69.1500015258789,70.20999908447266,70.0,69.7300033569336,ETF,GDXJ"
"2025-06-18 13:30:00,68.5199966430664,69.77999877929688,69.62000274658203,68.83999633789062,ETF,GDXJ"
"2025-06-20 13:30:00,67.16000366210938,68.94999694824219,68.05000305175781,67.19999694824219,ETF,GDXJ"
"2025-06-23 13:30:00,67.1500015258789,69.08999633789062,67.30000305175781,68.08000183105469,ETF,GDXJ"
"2025-06-24 13:30:00,65.19000244140625,66.9000015258789,66.44999694824219,66.79000091552734,ETF,GDXJ"
"2025-06-25 13:30:00,66.05999755859375,66.95999908447266,66.27999877929688,66.77999877929688,ETF,GDXJ"
"2025-06-26 13:30:00,66.62999725341797,67.77999877929688,66.7699966430664,67.75,ETF,GDXJ"
"2025-06-27 13:30:00,64.91999816894531,65.77999877929688,65.58999633789062,65.5,ETF,GDXJ"
"2025-06-30 13:30:00,65.80000305175781,67.69000244140625,65.94999694824219,67.58999633789062,ETF,GDXJ"
"2025-07-01 13:30:00,67.51000213623047,68.98999786376953,68.61000061035156,67.58000183105469,ETF,GDXJ"
"2025-07-02 13:30:00,67.0199966430664,68.31999969482422,68.12999725341797,68.25,ETF,GDXJ"
"2025-07-03 13:30:00,67.52999877929688,68.47000122070312,67.52999877929688,68.44999694824219,ETF,GDXJ"
"2025-07-07 13:30:00,66.33999633789062,69.05000305175781,67.55999755859375,69.0199966430664,ETF,GDXJ"
"2025-07-08 13:30:00,65.69000244140625,68.95999908447266,68.94000244140625,66.38999938964844,ETF,GDXJ"
"2025-07-09 13:30:00,66.12999725341797,67.48999786376953,66.38999938964844,67.22000122070312,ETF,GDXJ"
"2025-07-10 13:30:00,66.51000213623047,67.58000183105469,67.48999786376953,67.5199966430664,ETF,GDXJ"
"2025-07-11 13:30:00,68.0,69.13999938964844,68.26000213623047,68.83999633789062,ETF,GDXJ"
"2025-07-14 13:30:00,68.4000015258789,70.04000091552734,69.13999938964844,68.58000183105469,ETF,GDXJ"
"2025-07-15 13:30:00,66.86000061035156,68.66999816894531,68.56999969482422,67.62999725341797,ETF,GDXJ"
"2025-07-16 13:30:00,66.33999633789062,68.30000305175781,67.68000030517578,67.48999786376953,ETF,GDXJ"
"2025-07-17 13:30:00,65.52999877929688,67.01000213623047,66.23999786376953,66.76000213623047,ETF,GDXJ"
"2025-07-18 13:30:00,66.19000244140625,67.41999816894531,67.29000091552734,66.19000244140625,ETF,GDXJ"
"2025-07-21 13:30:00,67.16999816894531,69.30999755859375,67.16999816894531,68.58999633789062,ETF,GDXJ"
"2025-07-22 13:30:00,68.62000274658203,70.52999877929688,69.20999908447266,70.27999877929688,ETF,GDXJ"
"2025-07-23 13:30:00,68.55000305175781,70.0199966430664,69.75,69.06999969482422,ETF,GDXJ"
"2025-07-24 13:30:00,67.5,68.93000030517578,68.18000030517578,68.20999908447266,ETF,GDXJ"
"2025-07-25 13:30:00,66.54000091552734,67.87999725341797,67.33000183105469,67.81999969482422,ETF,GDXJ"
"2025-07-28 13:30:00,65.5199966430664,66.83999633789062,66.83000183105469,66.12000274658203,ETF,GDXJ"
"2025-07-29 13:30:00,65.87999725341797,66.81999969482422,66.16000366210938,66.54000091552734,ETF,GDXJ"
"2025-07-30 13:30:00,64.38999938964844,66.19999694824219,65.62999725341797,64.73999786376953,ETF,GDXJ"
"2025-07-31 13:30:00,63.900001525878906,65.16999816894531,64.95999908447266,64.22000122070312,ETF,GDXJ"
"2025-08-01 13:30:00,64.52999877929688,66.0,65.62000274658203,65.02999877929688,ETF,GDXJ"
"2025-08-04 13:30:00,66.23999786376953,67.76000213623047,66.23999786376953,67.58999633789062,ETF,GDXJ"
"2025-08-05 13:30:00,67.05000305175781,69.68000030517578,67.19000244140625,69.58000183105469,ETF,GDXJ"
"2025-08-06 13:30:00,69.5,71.29000091552734,69.5,71.23999786376953,ETF,GDXJ"
"2025-08-07 13:30:00,71.8499984741211,72.98999786376953,71.9000015258789,72.37000274658203,ETF,GDXJ"
"2025-08-08 13:30:00,71.9000015258789,73.16999816894531,72.9000015258789,72.2300033569336,ETF,GDXJ"
"2025-08-11 13:30:00,70.01000213623047,72.33000183105469,70.5199966430664,71.88999938964844,ETF,GDXJ"
"2025-08-12 13:30:00,71.73999786376953,72.94000244140625,72.1500015258789,72.93000030517578,ETF,GDXJ"
"2025-08-13 13:30:00,72.79000091552734,73.98999786376953,73.6500015258789,73.04000091552734,ETF,GDXJ"
"2025-08-14 13:30:00,72.41000366210938,73.87000274658203,72.54000091552734,72.7699966430664,ETF,GDXJ"
"2025-08-15 13:30:00,72.56999969482422,74.22000122070312,72.94999694824219,73.87999725341797,ETF,GDXJ"
"2025-08-18 13:30:00,72.80000305175781,73.95999908447266,73.62999725341797,73.69999694824219,ETF,GDXJ"
"2025-08-19 13:30:00,71.18000030517578,73.5999984741211,73.37999725341797,71.22000122070312,ETF,GDXJ"
"2025-08-20 13:30:00,72.0999984741211,73.41000366210938,72.29000091552734,73.27999877929688,ETF,GDXJ"
"2025-08-21 13:30:00,72.91000366210938,75.13999938964844,72.91000366210938,74.7699966430664,ETF,GDXJ"
"2025-08-22 13:30:00,73.63999938964844,76.94000244140625,73.95999908447266,76.2699966430664,ETF,GDXJ"
"2025-08-25 13:30:00,75.83000183105469,76.62000274658203,75.9800033569336,76.0,ETF,GDXJ"
"2025-08-26 13:30:00,76.04000091552734,77.55999755859375,76.12999725341797,77.54000091552734,ETF,GDXJ"
"2025-08-27 13:30:00,75.98999786376953,77.58000183105469,76.7300033569336,77.54000091552734,ETF,GDXJ"
"2025-08-28 13:30:00,76.45999908447266,77.66000366210938,77.63999938964844,77.13999938964844,ETF,GDXJ"
"2025-08-29 13:30:00,77.11000061035156,80.05999755859375,77.22000122070312,80.05000305175781,ETF,GDXJ"
"2025-09-02 13:30:00,80.05999755859375,83.27999877929688,81.87999725341797,82.95999908447266,ETF,GDXJ"
"2025-09-03 13:30:00,83.0999984741211,84.7699966430664,84.56999969482422,83.80000305175781,ETF,GDXJ"
"2025-09-04 13:30:00,82.12999725341797,83.6500015258789,83.05000305175781,82.68000030517578,ETF,GDXJ"
"2025-09-05 13:30:00,83.69999694824219,85.66999816894531,84.56999969482422,84.86000061035156,ETF,GDXJ"
"2025-09-08 13:30:00,85.55999755859375,86.86000061035156,86.4800033569336,86.37999725341797,ETF,GDXJ"
"2025-09-09 13:30:00,85.11000061035156,87.29000091552734,87.19000244140625,85.5999984741211,ETF,GDXJ"
"2025-09-10 13:30:00,86.19000244140625,88.12000274658203,86.19000244140625,88.08999633789062,ETF,GDXJ"
"2025-09-11 13:30:00,87.87000274658203,90.19999694824219,88.19999694824219,90.01000213623047,ETF,GDXJ"
"2025-09-12 13:30:00,89.4800033569336,90.9000015258789,90.5199966430664,90.02999877929688,ETF,GDXJ"
"2025-09-15 13:30:00,89.51000213623047,92.41999816894531,89.91999816894531,91.48999786376953,ETF,GDXJ"
"2025-09-16 13:30:00,88.47000122070312,91.87000274658203,91.87000274658203,88.8499984741211,ETF,GDXJ"
"2025-09-17 13:30:00,86.66000366210938,90.08999633789062,87.43000030517578,87.61000061035156,ETF,GDXJ"
"2025-09-18 13:30:00,85.5999984741211,87.5999984741211,87.41999816894531,87.56999969482422,ETF,GDXJ"
"2025-09-19 13:30:00,87.7300033569336,92.23999786376953,87.7300033569336,91.9800033569336,ETF,GDXJ"
"2025-09-22 13:30:00,92.9800033569336,95.30999755859375,93.97000122070312,95.18000030517578,ETF,GDXJ"
"2025-09-23 13:30:00,94.62999725341797,96.76000213623047,96.43000030517578,95.01000213623047,ETF,GDXJ"
"2025-09-24 13:30:00,92.76000213623047,95.56999969482422,94.8499984741211,92.77999877929688,ETF,GDXJ"
"2025-09-25 13:30:00,92.70999908447266,94.0199966430664,93.06999969482422,93.98999786376953,ETF,GDXJ"
"2025-09-26 13:30:00,94.2300033569336,96.79000091552734,94.83999633789062,96.20999908447266,ETF,GDXJ"
"2025-09-29 13:30:00,97.86000061035156,99.5199966430664,98.93000030517578,98.23999786376953,ETF,GDXJ"
"2025-09-30 13:30:00,96.62999725341797,100.29000091552734,96.8499984741211,99.02999877929688,ETF,GDXJ"
"2025-10-01 13:30:00,99.05000305175781,101.27999877929688,100.44999694824219,99.9000015258789,ETF,GDXJ"
"2025-10-02 13:30:00,95.70999908447266,101.36000061035156,100.9800033569336,99.63999938964844,ETF,GDXJ"
"2025-10-03 13:30:00,98.94999694824219,100.8499984741211,100.05999755859375,99.73999786376953,ETF,GDXJ"
"2025-10-06 13:30:00,100.9000015258789,104.05000305175781,101.16999816894531,102.4800033569336,ETF,GDXJ"
"2025-10-07 13:30:00,100.26000213623047,102.61000061035156,102.61000061035156,100.68000030517578,ETF,GDXJ"
"2025-10-08 13:30:00,102.22000122070312,104.94999694824219,103.11000061035156,104.80999755859375,ETF,GDXJ"
"2025-10-09 13:30:00,98.44000244140625,105.23999786376953,105.18000030517578,99.88999938964844,ETF,GDXJ"
"2025-10-10 13:30:00,98.54000091552734,101.25,100.23999786376953,99.9000015258789,ETF,GDXJ"
