"timestamp,low,high,open,close,instrumentType,Symbol"
"2024-09-09 13:30:00,483.3900146484375,494.2799987792969,485.5299987792969,488.57000732421875,EQUITY,GS"
"2024-09-10 13:30:00,461.57000732421875,489.20001220703125,489.1300048828125,467.1300048828125,EQUITY,GS"
"2024-09-11 13:30:00,457.4800109863281,471.8900146484375,463.9800109863281,471.1700134277344,EQUITY,GS"
"2024-09-12 13:30:00,465.3999938964844,474.3399963378906,471.29998779296875,474.05999755859375,EQUITY,GS"
"2024-09-13 13:30:00,475.5,482.1000061035156,475.989990234375,478.989990234375,EQUITY,GS"
"2024-09-16 13:30:00,479.489990234375,487.3800048828125,481.42999267578125,485.1600036621094,EQUITY,GS"
"2024-09-17 13:30:00,481.79998779296875,489.7300109863281,488.0,485.3900146484375,EQUITY,GS"
"2024-09-18 13:30:00,481.7699890136719,492.989990234375,485.3999938964844,484.5799865722656,EQUITY,GS"
"2024-09-19 13:30:00,493.4599914550781,506.4100036621094,494.739990234375,503.8299865722656,EQUITY,GS"
"2024-09-20 13:30:00,495.4800109863281,502.04998779296875,500.19000244140625,498.42999267578125,EQUITY,GS"
"2024-09-23 13:30:00,495.2200012207031,501.3999938964844,498.2099914550781,497.4100036621094,EQUITY,GS"
"2024-09-24 13:30:00,494.1000061035156,499.55999755859375,497.5899963378906,498.0199890136719,EQUITY,GS"
"2024-09-25 13:30:00,490.3999938964844,502.0,498.5,491.1400146484375,EQUITY,GS"
"2024-09-26 13:30:00,492.4800109863281,498.3999938964844,494.0,496.9200134277344,EQUITY,GS"
"2024-09-27 13:30:00,495.8599853515625,505.3999938964844,498.9700012207031,498.510009765625,EQUITY,GS"
"2024-09-30 13:30:00,488.8999938964844,496.5199890136719,494.8900146484375,495.1099853515625,EQUITY,GS"
"2024-10-01 13:30:00,484.6099853515625,494.5799865722656,494.5799865722656,490.1700134277344,EQUITY,GS"
"2024-10-02 13:30:00,487.95001220703125,494.8599853515625,491.1700134277344,491.989990234375,EQUITY,GS"
"2024-10-03 13:30:00,484.20001220703125,490.510009765625,489.92999267578125,486.1000061035156,EQUITY,GS"
"2024-10-04 13:30:00,486.0,496.30999755859375,495.6400146484375,495.1600036621094,EQUITY,GS"
"2024-10-07 13:30:00,490.7900085449219,499.010009765625,494.6300048828125,494.6199951171875,EQUITY,GS"
"2024-10-08 13:30:00,492.7799987792969,498.3399963378906,497.0,496.57000732421875,EQUITY,GS"
"2024-10-09 13:30:00,495.25,506.2699890136719,498.20001220703125,505.17999267578125,EQUITY,GS"
"2024-10-10 13:30:00,499.5899963378906,506.79998779296875,506.30999755859375,503.7200012207031,EQUITY,GS"
"2024-10-11 13:30:00,507.79998779296875,517.969970703125,508.0,516.2999877929688,EQUITY,GS"
"2024-10-14 13:30:00,515.510009765625,523.0700073242188,517.6500244140625,522.75,EQUITY,GS"
"2024-10-15 13:30:00,515.510009765625,540.510009765625,538.7999877929688,522.3800048828125,EQUITY,GS"
"2024-10-16 13:30:00,525.97998046875,536.219970703125,530.0,529.8599853515625,EQUITY,GS"
"2024-10-17 13:30:00,528.22998046875,535.2899780273438,531.239990234375,529.0,EQUITY,GS"
"2024-10-18 13:30:00,526.8699951171875,530.77001953125,529.3900146484375,528.5,EQUITY,GS"
"2024-10-21 13:30:00,517.0,529.8499755859375,528.0,517.7999877929688,EQUITY,GS"
"2024-10-22 13:30:00,512.9400024414062,519.6300048828125,515.6099853515625,518.2999877929688,EQUITY,GS"
"2024-10-23 13:30:00,513.4000244140625,520.0,515.7999877929688,517.2000122070312,EQUITY,GS"
"2024-10-24 13:30:00,518.2000122070312,525.0,519.0,524.5,EQUITY,GS"
"2024-10-25 13:30:00,510.739990234375,528.7999877929688,528.0499877929688,512.5999755859375,EQUITY,GS"
"2024-10-28 13:30:00,514.97998046875,524.5900268554688,515.4000244140625,523.5800170898438,EQUITY,GS"
"2024-10-29 13:30:00,521.0,527.239990234375,521.1799926757812,524.280029296875,EQUITY,GS"
"2024-10-30 13:30:00,523.0700073242188,530.7899780273438,523.4000244140625,524.4000244140625,EQUITY,GS"
"2024-10-31 13:30:00,514.530029296875,525.0,522.4400024414062,517.7899780273438,EQUITY,GS"
"2024-11-01 13:30:00,517.0399780273438,526.6400146484375,520.0,519.3499755859375,EQUITY,GS"
"2024-11-04 14:30:00,510.510009765625,518.0499877929688,518.0,511.4700012207031,EQUITY,GS"
"2024-11-05 14:30:00,512.5999755859375,527.4600219726562,513.0,526.9600219726562,EQUITY,GS"
"2024-11-06 14:30:00,566.0999755859375,598.6099853515625,567.2999877929688,595.97998046875,EQUITY,GS"
"2024-11-07 14:30:00,581.52001953125,595.0,590.0,582.1699829101562,EQUITY,GS"
"2024-11-08 14:30:00,581.2999877929688,595.1500244140625,586.4199829101562,589.260009765625,EQUITY,GS"
"2024-11-11 14:30:00,596.1699829101562,607.1500244140625,598.9000244140625,602.3400268554688,EQUITY,GS"
"2024-11-12 14:30:00,591.469970703125,602.0900268554688,598.0499877929688,592.5900268554688,EQUITY,GS"
"2024-11-13 14:30:00,592.6500244140625,603.5499877929688,594.6300048828125,594.219970703125,EQUITY,GS"
"2024-11-14 14:30:00,586.239990234375,601.530029296875,600.0,588.6099853515625,EQUITY,GS"
"2024-11-15 14:30:00,587.0900268554688,595.1400146484375,593.3599853515625,593.5399780273438,EQUITY,GS"
"2024-11-18 14:30:00,584.719970703125,595.0700073242188,594.7100219726562,587.989990234375,EQUITY,GS"
"2024-11-19 14:30:00,575.510009765625,584.760009765625,579.6599731445312,581.3800048828125,EQUITY,GS"
"2024-11-20 14:30:00,576.6199951171875,587.7999877929688,583.8300170898438,581.9299926757812,EQUITY,GS"
"2024-11-21 14:30:00,584.510009765625,600.7000122070312,586.510009765625,596.1099853515625,EQUITY,GS"
"2024-11-22 14:30:00,594.4400024414062,603.9400024414062,596.219970703125,602.780029296875,EQUITY,GS"
"2024-11-25 14:30:00,598.8300170898438,611.2999877929688,608.7899780273438,603.030029296875,EQUITY,GS"
"2024-11-26 14:30:00,593.0,607.1900024414062,600.1300048828125,605.5,EQUITY,GS"
"2024-11-27 14:30:00,603.280029296875,612.25,607.6799926757812,605.4299926757812,EQUITY,GS"
"2024-11-29 14:30:00,607.0599975585938,612.72998046875,609.3099975585938,608.5700073242188,EQUITY,GS"
"2024-12-02 14:30:00,601.2999877929688,611.9099731445312,608.0,601.7100219726562,EQUITY,GS"
"2024-12-03 14:30:00,600.7999877929688,611.4199829101562,608.9600219726562,602.0800170898438,EQUITY,GS"
"2024-12-04 14:30:00,596.760009765625,604.280029296875,603.0,598.7100219726562,EQUITY,GS"
"2024-12-05 14:30:00,596.3499755859375,606.5599975585938,600.530029296875,596.7999877929688,EQUITY,GS"
"2024-12-06 14:30:00,594.3699951171875,600.0,597.1599731445312,599.6799926757812,EQUITY,GS"
"2024-12-09 14:30:00,593.719970703125,603.0,598.989990234375,594.1199951171875,EQUITY,GS"
"2024-12-10 14:30:00,583.760009765625,596.27001953125,590.0,585.030029296875,EQUITY,GS"
"2024-12-11 14:30:00,586.9000244140625,593.7100219726562,590.1199951171875,592.5599975585938,EQUITY,GS"
"2024-12-12 14:30:00,588.6099853515625,596.3200073242188,592.5900268554688,591.6099853515625,EQUITY,GS"
"2024-12-13 14:30:00,585.0800170898438,595.0,594.0,585.47998046875,EQUITY,GS"
"2024-12-16 14:30:00,578.7000122070312,588.27001953125,588.0,586.3300170898438,EQUITY,GS"
"2024-12-17 14:30:00,572.2899780273438,581.6099853515625,580.8400268554688,574.6799926757812,EQUITY,GS"
"2024-12-18 14:30:00,544.489990234375,579.469970703125,577.489990234375,550.25,EQUITY,GS"
"2024-12-19 14:30:00,553.5999755859375,567.0,561.4400024414062,553.989990234375,EQUITY,GS"
"2024-12-20 14:30:00,553.3800048828125,572.9000244140625,554.9400024414062,566.0999755859375,EQUITY,GS"
"2024-12-23 14:30:00,561.7999877929688,571.6400146484375,565.0,570.780029296875,EQUITY,GS"
"2024-12-24 14:30:00,571.3599853515625,582.7899780273438,574.2000122070312,582.7899780273438,EQUITY,GS"
"2024-12-26 14:30:00,577.5,582.5900268554688,578.1500244140625,581.22998046875,EQUITY,GS"
"2024-12-27 14:30:00,571.3499755859375,581.9600219726562,577.0,576.1799926757812,EQUITY,GS"
"2024-12-30 14:30:00,565.0999755859375,576.02001953125,567.27001953125,573.5499877929688,EQUITY,GS"
"2024-12-31 14:30:00,570.4000244140625,576.9199829101562,575.0700073242188,572.6199951171875,EQUITY,GS"
"2025-01-02 14:30:00,569.739990234375,584.3099975585938,579.3099975585938,574.969970703125,EQUITY,GS"
"2025-01-03 14:30:00,571.72998046875,582.1400146484375,581.0,580.1300048828125,EQUITY,GS"
"2025-01-06 14:30:00,579.8200073242188,593.6500244140625,584.97998046875,583.3900146484375,EQUITY,GS"
"2025-01-07 14:30:00,568.4000244140625,588.280029296875,587.1099853515625,580.1199951171875,EQUITY,GS"
"2025-01-08 14:30:00,572.6699829101562,581.2000122070312,581.0399780273438,580.02001953125,EQUITY,GS"
"2025-01-10 14:30:00,558.010009765625,576.25,576.25,560.0,EQUITY,GS"
"2025-01-13 14:30:00,556.760009765625,566.1900024414062,557.8800048828125,562.9500122070312,EQUITY,GS"
"2025-01-14 14:30:00,565.2000122070312,573.5900268554688,569.6599731445312,571.530029296875,EQUITY,GS"
"2025-01-15 14:30:00,593.0,609.4099731445312,598.0,605.9199829101562,EQUITY,GS"
"2025-01-16 14:30:00,606.0,616.8400268554688,609.989990234375,612.989990234375,EQUITY,GS"
"2025-01-17 14:30:00,613.0,627.0,617.7999877929688,625.9400024414062,EQUITY,GS"
"2025-01-21 14:30:00,609.0,635.4299926757812,616.8099975585938,634.739990234375,EQUITY,GS"
"2025-01-22 14:30:00,629.7100219726562,635.5999755859375,633.4400024414062,632.72998046875,EQUITY,GS"
"2025-01-23 14:30:00,634.489990234375,645.5399780273438,634.9199829101562,639.5,EQUITY,GS"
"2025-01-24 14:30:00,628.9600219726562,640.5999755859375,630.0,636.9000244140625,EQUITY,GS"
"2025-01-27 14:30:00,624.4600219726562,635.7100219726562,625.0,633.280029296875,EQUITY,GS"
"2025-01-28 14:30:00,631.8099975585938,639.0800170898438,632.2000122070312,637.7999877929688,EQUITY,GS"
"2025-01-29 14:30:00,636.4099731445312,649.0,637.0,637.3800048828125,EQUITY,GS"
"2025-01-30 14:30:00,641.0,649.52001953125,644.489990234375,645.7000122070312,EQUITY,GS"
"2025-01-31 14:30:00,637.4400024414062,650.0,650.0,640.4000244140625,EQUITY,GS"
"2025-02-03 14:30:00,622.47998046875,638.47998046875,626.0,632.3699951171875,EQUITY,GS"
"2025-02-04 14:30:00,629.0900268554688,637.6699829101562,632.0,634.1799926757812,EQUITY,GS"
"2025-02-05 14:30:00,635.530029296875,646.4099731445312,638.0,645.4500122070312,EQUITY,GS"
"2025-02-06 14:30:00,648.9400024414062,658.8499755859375,650.0,658.219970703125,EQUITY,GS"
"2025-02-07 14:30:00,653.1599731445312,663.8699951171875,659.4000244140625,655.9000244140625,EQUITY,GS"
"2025-02-10 14:30:00,644.25,662.489990234375,659.02001953125,650.530029296875,EQUITY,GS"
"2025-02-11 14:30:00,643.5999755859375,649.0399780273438,646.780029296875,647.239990234375,EQUITY,GS"
"2025-02-12 14:30:00,639.1099853515625,650.469970703125,643.760009765625,649.0,EQUITY,GS"
"2025-02-13 14:30:00,640.510009765625,652.0,651.8300170898438,648.9500122070312,EQUITY,GS"
"2025-02-14 14:30:00,650.3200073242188,663.260009765625,650.3200073242188,660.5499877929688,EQUITY,GS"
"2025-02-18 14:30:00,661.02001953125,672.1900024414062,662.5900268554688,672.1900024414062,EQUITY,GS"
"2025-02-19 14:30:00,663.280029296875,671.0399780273438,669.0800170898438,668.1500244140625,EQUITY,GS"
"2025-02-20 14:30:00,631.6599731445312,670.280029296875,668.030029296875,642.260009765625,EQUITY,GS"
"2025-02-21 14:30:00,623.4299926757812,647.5,644.75,625.5999755859375,EQUITY,GS"
"2025-02-24 14:30:00,614.7999877929688,637.2999877929688,633.510009765625,626.1400146484375,EQUITY,GS"
"2025-02-25 14:30:00,606.0,631.3200073242188,628.530029296875,614.9099731445312,EQUITY,GS"
"2025-02-26 14:30:00,615.2000122070312,623.1300048828125,616.6699829101562,617.77001953125,EQUITY,GS"
"2025-02-27 14:30:00,607.3099975585938,625.22998046875,617.5399780273438,608.0,EQUITY,GS"
"2025-02-28 14:30:00,604.010009765625,623.6500244140625,607.7899780273438,622.2899780273438,EQUITY,GS"
"2025-03-03 14:30:00,598.3200073242188,628.780029296875,622.4000244140625,605.260009765625,EQUITY,GS"
"2025-03-04 14:30:00,567.5700073242188,600.0,595.97998046875,581.1400146484375,EQUITY,GS"
"2025-03-05 14:30:00,576.780029296875,597.1199951171875,582.0900268554688,593.0700073242188,EQUITY,GS"
"2025-03-06 14:30:00,564.6199951171875,586.7100219726562,580.5900268554688,567.6699829101562,EQUITY,GS"
"2025-03-07 14:30:00,544.9099731445312,568.1699829101562,568.1699829101562,559.6699829101562,EQUITY,GS"
"2025-03-10 13:30:00,523.1300048828125,546.469970703125,542.2999877929688,531.6599731445312,EQUITY,GS"
"2025-03-11 13:30:00,524.2000122070312,539.989990234375,532.469970703125,531.4299926757812,EQUITY,GS"
"2025-03-12 13:30:00,528.5900268554688,545.0,544.0,535.7100219726562,EQUITY,GS"
"2025-03-13 13:30:00,520.0599975585938,538.1400146484375,535.6699829101562,524.8099975585938,EQUITY,GS"
"2025-03-14 13:30:00,526.7000122070312,543.5700073242188,533.989990234375,541.4099731445312,EQUITY,GS"
"2025-03-17 13:30:00,540.0,557.1599731445312,541.22998046875,551.3400268554688,EQUITY,GS"
"2025-03-18 13:30:00,546.6500244140625,553.75,550.2899780273438,551.780029296875,EQUITY,GS"
"2025-03-19 13:30:00,544.5999755859375,563.0,549.0,557.3400268554688,EQUITY,GS"
"2025-03-20 13:30:00,552.0,568.4400024414062,553.0999755859375,562.6799926757812,EQUITY,GS"
"2025-03-21 13:30:00,551.2100219726562,567.0,555.3300170898438,565.1400146484375,EQUITY,GS"
"2025-03-24 13:30:00,573.0499877929688,582.719970703125,575.0,580.0999755859375,EQUITY,GS"
"2025-03-25 13:30:00,578.2100219726562,586.8900146484375,584.6900024414062,585.9400024414062,EQUITY,GS"
"2025-03-26 13:30:00,571.0,592.6400146484375,588.3900146484375,573.9199829101562,EQUITY,GS"
"2025-03-27 13:30:00,552.5499877929688,566.0,565.0,558.9199829101562,EQUITY,GS"
"2025-03-28 13:30:00,537.7100219726562,560.5,555.9500122070312,543.1199951171875,EQUITY,GS"
"2025-03-31 13:30:00,528.5900268554688,547.3900146484375,533.8200073242188,546.2899780273438,EQUITY,GS"
"2025-04-01 13:30:00,533.239990234375,551.9600219726562,543.25,548.4500122070312,EQUITY,GS"
"2025-04-02 13:30:00,539.0800170898438,567.3200073242188,539.7999877929688,563.0999755859375,EQUITY,GS"
"2025-04-03 13:30:00,509.55999755859375,529.989990234375,525.4299926757812,511.2300109863281,EQUITY,GS"
"2025-04-04 13:30:00,460.0,492.0,487.0,470.80999755859375,EQUITY,GS"
"2025-04-07 13:30:00,439.3800048828125,489.9800109863281,446.8999938964844,465.510009765625,EQUITY,GS"
"2025-04-08 13:30:00,452.8299865722656,491.9200134277344,488.25,462.2200012207031,EQUITY,GS"
"2025-04-09 13:30:00,447.1099853515625,522.0,451.3599853515625,516.8699951171875,EQUITY,GS"
"2025-04-10 13:30:00,474.0,503.1000061035156,503.1000061035156,489.79998779296875,EQUITY,GS"
"2025-04-11 13:30:00,478.5799865722656,498.5199890136719,487.0,494.44000244140625,EQUITY,GS"
"2025-04-14 13:30:00,497.1499938964844,512.0,510.0,503.9800109863281,EQUITY,GS"
"2025-04-15 13:30:00,507.0,518.6500244140625,507.4100036621094,507.8900146484375,EQUITY,GS"
"2025-04-16 13:30:00,492.69000244140625,509.45001220703125,501.7200012207031,499.04998779296875,EQUITY,GS"
"2025-04-17 13:30:00,499.1199951171875,514.8300170898438,503.239990234375,509.489990234375,EQUITY,GS"
"2025-04-21 13:30:00,494.67999267578125,509.2699890136719,505.3999938964844,501.3599853515625,EQUITY,GS"
"2025-04-22 13:30:00,508.92999267578125,521.0,510.2300109863281,519.989990234375,EQUITY,GS"
"2025-04-23 13:30:00,528.260009765625,551.7899780273438,533.6300048828125,529.3099975585938,EQUITY,GS"
"2025-04-24 13:30:00,523.4199829101562,546.8400268554688,527.0999755859375,545.3699951171875,EQUITY,GS"
"2025-04-25 13:30:00,541.219970703125,549.0900268554688,544.5999755859375,544.8599853515625,EQUITY,GS"
"2025-04-28 13:30:00,542.469970703125,554.5,544.8599853515625,546.4000244140625,EQUITY,GS"
"2025-04-29 13:30:00,541.2999877929688,550.8800048828125,543.7899780273438,548.9199829101562,EQUITY,GS"
"2025-04-30 13:30:00,531.4500122070312,549.52001953125,535.760009765625,547.5499877929688,EQUITY,GS"
"2025-05-01 13:30:00,545.5,558.3499755859375,548.0999755859375,553.8300170898438,EQUITY,GS"
"2025-05-02 13:30:00,559.7000122070312,569.780029296875,561.5800170898438,566.0999755859375,EQUITY,GS"
"2025-05-05 13:30:00,557.5,566.5599975585938,558.3599853515625,559.5599975585938,EQUITY,GS"
"2025-05-06 13:30:00,547.0599975585938,557.4400024414062,549.5999755859375,549.3599853515625,EQUITY,GS"
"2025-05-07 13:30:00,547.739990234375,555.3800048828125,550.2100219726562,551.9199829101562,EQUITY,GS"
"2025-05-08 13:30:00,558.2100219726562,572.1599731445312,558.8200073242188,565.7000122070312,EQUITY,GS"
"2025-05-09 13:30:00,565.780029296875,572.0999755859375,570.25,567.0999755859375,EQUITY,GS"
"2025-05-12 13:30:00,588.0800170898438,603.3699951171875,596.260009765625,591.3400268554688,EQUITY,GS"
"2025-05-13 13:30:00,593.0599975585938,607.7100219726562,593.2999877929688,603.8099975585938,EQUITY,GS"
"2025-05-14 13:30:00,602.5,615.0,603.7999877929688,611.5999755859375,EQUITY,GS"
"2025-05-15 13:30:00,609.72998046875,619.2100219726562,609.72998046875,615.9000244140625,EQUITY,GS"
"2025-05-16 13:30:00,613.5599975585938,620.7899780273438,616.9500122070312,619.030029296875,EQUITY,GS"
"2025-05-19 13:30:00,598.3400268554688,619.3800048828125,609.1900024414062,612.2999877929688,EQUITY,GS"
"2025-05-20 13:30:00,603.010009765625,611.5499877929688,607.75,606.52001953125,EQUITY,GS"
"2025-05-21 13:30:00,592.0,609.8699951171875,601.7999877929688,593.4600219726562,EQUITY,GS"
"2025-05-22 13:30:00,592.510009765625,602.2000122070312,592.5499877929688,598.22998046875,EQUITY,GS"
"2025-05-23 13:30:00,582.5,601.9600219726562,585.0,598.5399780273438,EQUITY,GS"
"2025-05-27 13:30:00,604.9500122070312,617.6699829101562,605.9000244140625,615.72998046875,EQUITY,GS"
"2025-05-28 13:30:00,607.3099975585938,618.6300048828125,617.280029296875,608.4400024414062,EQUITY,GS"
"2025-05-29 13:30:00,598.2999877929688,610.0,608.52001953125,604.8599853515625,EQUITY,GS"
"2025-05-30 13:30:00,593.8300170898438,603.5999755859375,600.0,600.4500122070312,EQUITY,GS"
"2025-06-02 13:30:00,592.1699829101562,599.1699829101562,598.5999755859375,598.719970703125,EQUITY,GS"
"2025-06-03 13:30:00,593.72998046875,606.3200073242188,600.0,603.8300170898438,EQUITY,GS"
"2025-06-04 13:30:00,598.719970703125,606.3300170898438,605.47998046875,599.2100219726562,EQUITY,GS"
"2025-06-05 13:30:00,592.9000244140625,609.719970703125,600.0,605.8800048828125,EQUITY,GS"
"2025-06-06 13:30:00,610.0,621.3800048828125,613.0,614.0,EQUITY,GS"
"2025-06-09 13:30:00,611.010009765625,619.0999755859375,614.75,613.52001953125,EQUITY,GS"
"2025-06-10 13:30:00,609.3099975585938,616.5499877929688,613.0,614.8699951171875,EQUITY,GS"
"2025-06-11 13:30:00,614.5900268554688,629.8400268554688,617.1799926757812,624.1699829101562,EQUITY,GS"
"2025-06-12 13:30:00,615.7999877929688,626.010009765625,621.0,625.1099853515625,EQUITY,GS"
"2025-06-13 13:30:00,609.5900268554688,620.1199951171875,616.0499877929688,613.5399780273438,EQUITY,GS"
"2025-06-16 13:30:00,618.0,632.27001953125,619.0,627.8499755859375,EQUITY,GS"
"2025-06-17 13:30:00,623.0,631.6699829101562,624.7000122070312,624.6400146484375,EQUITY,GS"
"2025-06-18 13:30:00,623.6500244140625,639.8800048828125,624.510009765625,635.239990234375,EQUITY,GS"
"2025-06-20 13:30:00,636.6900024414062,642.6400146484375,638.8300170898438,640.7999877929688,EQUITY,GS"
"2025-06-23 13:30:00,630.010009765625,647.4199829101562,639.260009765625,646.8800048828125,EQUITY,GS"
"2025-06-24 13:30:00,653.239990234375,663.77001953125,654.4500122070312,662.1099853515625,EQUITY,GS"
"2025-06-25 13:30:00,660.7899780273438,670.1199951171875,664.5999755859375,669.8699951171875,EQUITY,GS"
"2025-06-26 13:30:00,670.510009765625,689.3300170898438,670.6199951171875,687.1599731445312,EQUITY,GS"
"2025-06-27 13:30:00,685.3900146484375,694.2000122070312,691.0,690.8099975585938,EQUITY,GS"
"2025-06-30 13:30:00,702.9500122070312,714.2999877929688,714.27001953125,707.75,EQUITY,GS"
"2025-07-01 13:30:00,700.6099853515625,713.010009765625,708.0,706.4600219726562,EQUITY,GS"
"2025-07-02 13:30:00,705.0800170898438,718.72998046875,708.7999877929688,715.8900146484375,EQUITY,GS"
"2025-07-03 13:30:00,713.4000244140625,726.0,715.9099731445312,723.6799926757812,EQUITY,GS"
"2025-07-07 13:30:00,706.3400268554688,723.969970703125,721.7000122070312,710.9299926757812,EQUITY,GS"
"2025-07-08 13:30:00,693.77001953125,711.1900024414062,710.719970703125,697.280029296875,EQUITY,GS"
"2025-07-09 13:30:00,694.7100219726562,704.3400268554688,704.3400268554688,696.5599975585938,EQUITY,GS"
"2025-07-10 13:30:00,696.4500122070312,710.3800048828125,696.739990234375,709.1199951171875,EQUITY,GS"
"2025-07-11 13:30:00,700.22998046875,706.0,703.5900268554688,704.9500122070312,EQUITY,GS"
"2025-07-14 13:30:00,702.1300048828125,713.4299926757812,704.739990234375,713.2999877929688,EQUITY,GS"
"2025-07-15 13:30:00,700.0399780273438,714.6900024414062,713.2999877929688,702.510009765625,EQUITY,GS"
"2025-07-16 13:30:00,691.2999877929688,709.780029296875,708.5,708.8200073242188,EQUITY,GS"
"2025-07-17 13:30:00,704.280029296875,717.4500122070312,706.280029296875,705.8400268554688,EQUITY,GS"
"2025-07-18 13:30:00,698.3900146484375,710.2899780273438,707.0599975585938,708.260009765625,EQUITY,GS"
"2025-07-21 13:30:00,704.3499755859375,712.760009765625,709.1400146484375,706.0,EQUITY,GS"
"2025-07-22 13:30:00,691.8800048828125,706.489990234375,703.6599731445312,700.4099731445312,EQUITY,GS"
"2025-07-23 13:30:00,701.5,719.010009765625,702.0,717.52001953125,EQUITY,GS"
"2025-07-24 13:30:00,714.72998046875,725.77001953125,718.9299926757812,719.1799926757812,EQUITY,GS"
"2025-07-25 13:30:00,718.3499755859375,729.8900146484375,720.760009765625,728.97998046875,EQUITY,GS"
"2025-07-28 13:30:00,722.1699829101562,732.52001953125,728.0,723.6500244140625,EQUITY,GS"
"2025-07-29 13:30:00,722.4199829101562,734.1300048828125,726.8499755859375,731.97998046875,EQUITY,GS"
"2025-07-30 13:30:00,723.1799926757812,737.8800048828125,731.1400146484375,730.75,EQUITY,GS"
"2025-07-31 13:30:00,720.4400024414062,734.0399780273438,726.5900268554688,723.5900268554688,EQUITY,GS"
"2025-08-01 13:30:00,694.0499877929688,714.52001953125,710.510009765625,709.5700073242188,EQUITY,GS"
"2025-08-04 13:30:00,715.2000122070312,726.7899780273438,715.2000122070312,726.030029296875,EQUITY,GS"
"2025-08-05 13:30:00,714.5499877929688,729.4000244140625,728.0,720.9099731445312,EQUITY,GS"
"2025-08-06 13:30:00,722.0,728.2999877929688,724.5,724.739990234375,EQUITY,GS"
"2025-08-07 13:30:00,717.6099853515625,732.9400024414062,730.6199951171875,719.739990234375,EQUITY,GS"
"2025-08-08 13:30:00,718.6500244140625,728.0,725.8599853515625,721.27001953125,EQUITY,GS"
"2025-08-11 13:30:00,715.739990234375,723.8400268554688,722.2000122070312,719.239990234375,EQUITY,GS"
"2025-08-12 13:30:00,724.3499755859375,748.1400146484375,725.280029296875,743.3800048828125,EQUITY,GS"
"2025-08-13 13:30:00,732.6199951171875,748.9099731445312,745.780029296875,744.6900024414062,EQUITY,GS"
"2025-08-14 13:30:00,737.0,748.1599731445312,742.719970703125,747.2000122070312,EQUITY,GS"
"2025-08-15 13:30:00,729.1799926757812,749.0499877929688,749.0,730.719970703125,EQUITY,GS"
"2025-08-18 13:30:00,723.8699951171875,731.6099853515625,729.5,730.9600219726562,EQUITY,GS"
"2025-08-19 13:30:00,717.72998046875,730.0,729.1599731445312,721.3800048828125,EQUITY,GS"
"2025-08-20 13:30:00,705.5499877929688,722.25,721.2000122070312,720.6799926757812,EQUITY,GS"
"2025-08-21 13:30:00,712.969970703125,719.219970703125,716.5399780273438,715.9500122070312,EQUITY,GS"
"2025-08-22 13:30:00,718.5800170898438,744.8400268554688,720.1400146484375,741.8900146484375,EQUITY,GS"
"2025-08-25 13:30:00,738.3300170898438,746.5,741.8900146484375,738.7899780273438,EQUITY,GS"
"2025-08-26 13:30:00,733.8599853515625,749.1599731445312,737.7100219726562,748.9500122070312,EQUITY,GS"
"2025-08-27 13:30:00,745.02001953125,753.0,745.969970703125,749.6699829101562,EQUITY,GS"
"2025-08-28 13:30:00,746.989990234375,753.3300170898438,750.989990234375,751.219970703125,EQUITY,GS"
"2025-08-29 13:30:00,738.9000244140625,748.9199829101562,746.7100219726562,745.25,EQUITY,GS"
"2025-09-02 13:30:00,721.1599731445312,736.3900146484375,736.3900146484375,730.8499755859375,EQUITY,GS"
"2025-09-03 13:30:00,722.2999877929688,732.02001953125,728.5599975585938,730.5599975585938,EQUITY,GS"
"2025-09-04 13:30:00,731.1699829101562,748.9099731445312,733.75,748.9000244140625,EQUITY,GS"
"2025-09-05 13:30:00,727.1500244140625,757.3499755859375,752.1900024414062,738.2100219726562,EQUITY,GS"
"2025-09-08 13:30:00,733.5700073242188,743.5399780273438,739.4199829101562,741.8499755859375,EQUITY,GS"
"2025-09-09 13:30:00,738.5399780273438,765.6199951171875,740.1300048828125,763.9199829101562,EQUITY,GS"
"2025-09-10 13:30:00,761.6300048828125,774.469970703125,761.8599853515625,769.5800170898438,EQUITY,GS"
"2025-09-11 13:30:00,771.3499755859375,793.1699829101562,772.0,784.72998046875,EQUITY,GS"
"2025-09-12 13:30:00,776.260009765625,787.030029296875,783.5,780.0599975585938,EQUITY,GS"
"2025-09-15 13:30:00,781.4400024414062,792.3800048828125,782.9500122070312,786.760009765625,EQUITY,GS"
"2025-09-16 13:30:00,779.6900024414062,790.010009765625,789.530029296875,785.530029296875,EQUITY,GS"
"2025-09-17 13:30:00,785.22998046875,798.5700073242188,788.8599853515625,794.219970703125,EQUITY,GS"
"2025-09-18 13:30:00,792.4000244140625,807.280029296875,795.5700073242188,804.3099975585938,EQUITY,GS"
"2025-09-19 13:30:00,797.3699951171875,809.6599731445312,804.0900268554688,805.0,EQUITY,GS"
"2025-09-22 13:30:00,797.5399780273438,806.030029296875,801.1400146484375,805.5599975585938,EQUITY,GS"
"2025-09-23 13:30:00,802.0,825.25,807.0999755859375,806.3200073242188,EQUITY,GS"
"2025-09-24 13:30:00,792.3400268554688,812.8400268554688,809.5499877929688,792.4299926757812,EQUITY,GS"
"2025-09-25 13:30:00,782.010009765625,798.1799926757812,786.0,794.760009765625,EQUITY,GS"
"2025-09-26 13:30:00,795.1300048828125,809.5,797.1599731445312,802.510009765625,EQUITY,GS"
"2025-09-29 13:30:00,797.989990234375,808.8400268554688,807.7999877929688,804.1199951171875,EQUITY,GS"
"2025-09-30 13:30:00,786.4500122070312,809.6199951171875,805.5,796.3499755859375,EQUITY,GS"
"2025-10-01 13:30:00,783.22998046875,796.280029296875,793.6199951171875,785.510009765625,EQUITY,GS"
"2025-10-02 13:30:00,772.4400024414062,791.0,788.8800048828125,779.3800048828125,EQUITY,GS"
"2025-10-03 13:30:00,777.8599853515625,794.9199829101562,783.0,789.97998046875,EQUITY,GS"
"2025-10-06 13:30:00,780.0499877929688,802.5,795.0,796.780029296875,EQUITY,GS"
"2025-10-07 13:30:00,781.3900146484375,805.3200073242188,798.0,789.6500244140625,EQUITY,GS"
"2025-10-08 13:30:00,774.3400268554688,795.0,791.75,776.510009765625,EQUITY,GS"
"2025-10-09 13:30:00,771.3499755859375,782.9099731445312,778.8499755859375,779.9600219726562,EQUITY,GS"
"2025-10-10 13:30:00,764.0,791.6599731445312,783.1199951171875,764.3599853515625,EQUITY,GS"
"2024-09-09 13:30:00,346.8699951171875,350.9100036621094,349.29998779296875,350.3800048828125,ETF,IWF"
"2024-09-10 13:30:00,349.3399963378906,353.8900146484375,351.7699890136719,353.69000244140625,ETF,IWF"
"2024-09-11 13:30:00,348.80999755859375,361.7799987792969,354.54998779296875,361.1600036621094,ETF,IWF"
"2024-09-12 13:30:00,360.5299987792969,365.8599853515625,361.739990234375,365.1700134277344,ETF,IWF"
"2024-09-13 13:30:00,365.07000732421875,367.8800048828125,365.7200012207031,366.8800048828125,ETF,IWF"
"2024-09-16 13:30:00,363.1300048828125,366.0,364.8699951171875,365.6300048828125,ETF,IWF"
"2024-09-17 13:30:00,364.2900085449219,369.010009765625,367.94000244140625,366.0199890136719,ETF,IWF"
"2024-09-18 13:30:00,364.5,370.1300048828125,367.4800109863281,364.760009765625,ETF,IWF"
"2024-09-19 13:30:00,371.4100036621094,374.8299865722656,372.7099914550781,373.3500061035156,ETF,IWF"
"2024-09-20 13:30:00,370.6499938964844,374.239990234375,373.0299987792969,373.0299987792969,ETF,IWF"
"2024-09-23 13:30:00,372.510009765625,374.25,373.57000732421875,373.44000244140625,ETF,IWF"
"2024-09-24 13:30:00,370.7699890136719,375.3299865722656,374.4599914550781,374.92999267578125,ETF,IWF"
"2024-09-25 13:30:00,374.1199951171875,376.25,374.1400146484375,374.9200134277344,ETF,IWF"
"2024-09-26 13:30:00,373.510009765625,379.0199890136719,378.9599914550781,375.6099853515625,ETF,IWF"
"2024-09-27 13:30:00,372.760009765625,376.25,376.25,373.6300048828125,ETF,IWF"
"2024-09-30 13:30:00,371.3500061035156,375.6600036621094,372.80999755859375,375.3800048828125,ETF,IWF"
"2024-10-01 13:30:00,367.8800048828125,375.239990234375,375.239990234375,370.239990234375,ETF,IWF"
"2024-10-02 13:30:00,367.30999755859375,371.57000732421875,369.2300109863281,370.5199890136719,ETF,IWF"
"2024-10-03 13:30:00,368.79998779296875,372.5299987792969,369.260009765625,370.7099914550781,ETF,IWF"
"2024-10-04 13:30:00,370.989990234375,375.0299987792969,374.3999938964844,374.75,ETF,IWF"
"2024-10-07 13:30:00,370.0400085449219,374.29998779296875,373.3699951171875,370.69000244140625,ETF,IWF"
"2024-10-08 13:30:00,372.69000244140625,377.04998779296875,373.0,376.70001220703125,ETF,IWF"
"2024-10-09 13:30:00,375.8699951171875,379.6000061035156,376.75,379.3299865722656,ETF,IWF"
"2024-10-10 13:30:00,376.8299865722656,380.3500061035156,377.6199951171875,379.260009765625,ETF,IWF"
"2024-10-11 13:30:00,377.80999755859375,380.7699890136719,378.3699951171875,380.010009765625,ETF,IWF"
"2024-10-14 13:30:00,381.70001220703125,384.4700012207031,381.70001220703125,383.57000732421875,ETF,IWF"
"2024-10-15 13:30:00,378.4700012207031,384.6600036621094,384.3800048828125,379.9100036621094,ETF,IWF"
"2024-10-16 13:30:00,377.07000732421875,380.7300109863281,379.739990234375,380.25,ETF,IWF"
"2024-10-17 13:30:00,380.6300048828125,384.44000244140625,384.010009765625,380.75,ETF,IWF"
"2024-10-18 13:30:00,382.1099853515625,383.6499938964844,383.20001220703125,382.82000732421875,ETF,IWF"
"2024-10-21 13:30:00,381.0,384.30999755859375,381.9700012207031,384.17999267578125,ETF,IWF"
"2024-10-22 13:30:00,381.4100036621094,385.6700134277344,382.1099853515625,384.5199890136719,ETF,IWF"
"2024-10-23 13:30:00,376.0899963378906,383.2900085449219,383.0299987792969,378.6600036621094,ETF,IWF"
"2024-10-24 13:30:00,378.9700012207031,381.6099853515625,380.6600036621094,381.239990234375,ETF,IWF"
"2024-10-25 13:30:00,382.32000732421875,386.25,382.67999267578125,382.7699890136719,ETF,IWF"
"2024-10-28 13:30:00,383.3699951171875,386.45001220703125,385.9700012207031,383.6499938964844,ETF,IWF"
"2024-10-29 13:30:00,382.6400146484375,387.6199951171875,383.6700134277344,386.8500061035156,ETF,IWF"
"2024-10-30 13:30:00,384.17999267578125,388.0299987792969,386.5299987792969,385.1199951171875,ETF,IWF"
"2024-10-31 13:30:00,373.8900146484375,380.9700012207031,380.9700012207031,373.9599914550781,ETF,IWF"
"2024-11-01 13:30:00,375.7200012207031,379.6600036621094,375.94000244140625,376.80999755859375,ETF,IWF"
"2024-11-04 14:30:00,374.6099853515625,377.9700012207031,376.489990234375,375.57000732421875,ETF,IWF"
"2024-11-05 14:30:00,376.5899963378906,381.1700134277344,376.5899963378906,380.79998779296875,ETF,IWF"
"2024-11-06 14:30:00,386.0199890136719,390.9200134277344,387.4800109863281,390.6300048828125,ETF,IWF"
"2024-11-07 14:30:00,392.8800048828125,397.6700134277344,392.94000244140625,397.32000732421875,ETF,IWF"
"2024-11-08 14:30:00,397.0899963378906,399.5299987792969,397.1199951171875,398.6300048828125,ETF,IWF"
"2024-11-11 14:30:00,396.510009765625,399.9800109863281,399.6300048828125,398.4800109863281,ETF,IWF"
"2024-11-12 14:30:00,396.45001220703125,399.6400146484375,398.55999755859375,398.7900085449219,ETF,IWF"
"2024-11-13 14:30:00,397.05999755859375,400.8500061035156,398.80999755859375,398.3699951171875,ETF,IWF"
"2024-11-14 14:30:00,395.19000244140625,398.7699890136719,398.44000244140625,395.79998779296875,ETF,IWF"
"2024-11-15 14:30:00,385.8999938964844,392.2900085449219,392.2300109863281,387.54998779296875,ETF,IWF"
"2024-11-18 14:30:00,386.6600036621094,390.5199890136719,388.1300048828125,389.05999755859375,ETF,IWF"
"2024-11-19 14:30:00,387.0299987792969,393.57000732421875,387.0899963378906,393.3999938964844,ETF,IWF"
"2024-11-20 14:30:00,388.0299987792969,393.5899963378906,393.5899963378906,392.760009765625,ETF,IWF"
"2024-11-21 14:30:00,388.4100036621094,395.92999267578125,395.2799987792969,393.7200012207031,ETF,IWF"
"2024-11-22 14:30:00,392.1499938964844,394.7900085449219,393.30999755859375,394.1199951171875,ETF,IWF"
"2024-11-25 14:30:00,392.57000732421875,397.989990234375,396.7300109863281,394.30999755859375,ETF,IWF"
"2024-11-26 14:30:00,395.989990234375,398.3500061035156,396.010009765625,397.9700012207031,ETF,IWF"
"2024-11-27 14:30:00,392.94000244140625,397.010009765625,396.9800109863281,395.3399963378906,ETF,IWF"
"2024-11-29 14:30:00,395.2200012207031,399.0799865722656,395.9100036621094,398.3800048828125,ETF,IWF"
"2024-12-02 14:30:00,399.20001220703125,402.5799865722656,399.2699890136719,401.8399963378906,ETF,IWF"
"2024-12-03 14:30:00,400.82000732421875,404.4800109863281,401.3800048828125,404.20001220703125,ETF,IWF"
"2024-12-04 14:30:00,406.6700134277344,410.1499938964844,407.0400085449219,409.94000244140625,ETF,IWF"
"2024-12-05 14:30:00,409.3399963378906,411.2799987792969,410.20001220703125,409.69000244140625,ETF,IWF"
"2024-12-06 14:30:00,410.0,413.0400085449219,410.3699951171875,412.7799987792969,ETF,IWF"
"2024-12-09 14:30:00,408.7699890136719,412.55999755859375,412.0,410.0899963378906,ETF,IWF"
"2024-12-10 14:30:00,407.8500061035156,413.1600036621094,410.94000244140625,408.9800109863281,ETF,IWF"
"2024-12-11 14:30:00,411.70001220703125,416.260009765625,411.70001220703125,415.8399963378906,ETF,IWF"
"2024-12-12 14:30:00,413.1300048828125,415.4800109863281,414.3999938964844,413.2699890136719,ETF,IWF"
"2024-12-13 14:30:00,412.0400085449219,416.9599914550781,415.6099853515625,414.0400085449219,ETF,IWF"
"2024-12-16 14:30:00,415.2300109863281,419.5299987792969,416.0,418.94000244140625,ETF,IWF"
"2024-12-17 14:30:00,414.9100036621094,418.0799865722656,416.70001220703125,417.0799865722656,ETF,IWF"
"2024-12-18 14:30:00,401.9100036621094,418.69000244140625,416.9599914550781,402.94000244140625,ETF,IWF"
"2024-12-19 14:30:00,402.7799987792969,407.8800048828125,407.5199890136719,402.9800109863281,ETF,IWF"
"2024-12-20 14:30:00,399.30999755859375,411.4800109863281,400.5199890136719,407.3299865722656,ETF,IWF"
"2024-12-23 14:30:00,405.6499938964844,411.6700134277344,408.45001220703125,411.45001220703125,ETF,IWF"
"2024-12-24 14:30:00,412.2699890136719,416.739990234375,412.3900146484375,416.739990234375,ETF,IWF"
"2024-12-26 14:30:00,413.6099853515625,417.2799987792969,415.6199951171875,416.1199951171875,ETF,IWF"
"2024-12-27 14:30:00,406.4599914550781,413.6600036621094,413.5299987792969,410.0899963378906,ETF,IWF"
"2024-12-30 14:30:00,402.260009765625,408.1600036621094,404.07000732421875,405.20001220703125,ETF,IWF"
"2024-12-31 14:30:00,400.82000732421875,406.6099853515625,406.2900085449219,401.5799865722656,ETF,IWF"
"2025-01-02 14:30:00,396.9599914550781,405.7099914550781,403.2099914550781,400.6700134277344,ETF,IWF"
"2025-01-03 14:30:00,402.6000061035156,407.7099914550781,403.0,407.2099914550781,ETF,IWF"
"2025-01-06 14:30:00,410.0799865722656,414.6700134277344,411.5199890136719,411.9599914550781,ETF,IWF"
"2025-01-07 14:30:00,402.54998779296875,413.3800048828125,413.0400085449219,403.7900085449219,ETF,IWF"
"2025-01-08 14:30:00,400.9700012207031,405.8999938964844,404.6400146484375,404.3800048828125,ETF,IWF"
"2025-01-10 14:30:00,395.32000732421875,401.8500061035156,401.69000244140625,398.1499938964844,ETF,IWF"
"2025-01-13 14:30:00,391.79998779296875,397.010009765625,392.8800048828125,396.6700134277344,ETF,IWF"
"2025-01-14 14:30:00,392.8999938964844,399.9100036621094,399.4800109863281,395.29998779296875,ETF,IWF"
"2025-01-15 14:30:00,400.1700134277344,405.5899963378906,401.2099914550781,404.8999938964844,ETF,IWF"
"2025-01-16 14:30:00,401.82000732421875,406.6199951171875,406.6199951171875,402.04998779296875,ETF,IWF"
"2025-01-17 14:30:00,405.260009765625,408.739990234375,408.1499938964844,406.9800109863281,ETF,IWF"
"2025-01-21 14:30:00,405.6099853515625,410.17999267578125,408.79998779296875,409.760009765625,ETF,IWF"
"2025-01-22 14:30:00,413.4200134277344,416.9599914550781,413.5400085449219,415.6099853515625,ETF,IWF"
"2025-01-23 14:30:00,413.739990234375,417.489990234375,413.8699951171875,417.260009765625,ETF,IWF"
"2025-01-24 14:30:00,414.3299865722656,419.0,418.2799987792969,415.489990234375,ETF,IWF"
"2025-01-27 14:30:00,400.0799865722656,406.54998779296875,400.5899963378906,403.6499938964844,ETF,IWF"
"2025-01-28 14:30:00,402.7799987792969,413.1600036621094,405.1000061035156,412.5,ETF,IWF"
"2025-01-29 14:30:00,406.6400146484375,411.20001220703125,411.1199951171875,409.55999755859375,ETF,IWF"
"2025-01-30 14:30:00,406.2699890136719,412.54998779296875,410.1199951171875,410.7300109863281,ETF,IWF"
"2025-01-31 14:30:00,408.3900146484375,416.4599914550781,414.05999755859375,409.30999755859375,ETF,IWF"
"2025-02-03 14:30:00,399.79998779296875,407.5199890136719,401.2699890136719,405.0400085449219,ETF,IWF"
"2025-02-04 14:30:00,405.5199890136719,410.30999755859375,405.7300109863281,410.30999755859375,ETF,IWF"
"2025-02-05 14:30:00,406.55999755859375,410.69000244140625,407.7200012207031,410.5,ETF,IWF"
"2025-02-06 14:30:00,410.1600036621094,413.1400146484375,411.010009765625,412.8800048828125,ETF,IWF"
"2025-02-07 14:30:00,407.54998779296875,414.8800048828125,412.8999938964844,408.1099853515625,ETF,IWF"
"2025-02-10 14:30:00,410.489990234375,413.32000732421875,410.9800109863281,412.260009765625,ETF,IWF"
"2025-02-11 14:30:00,409.4800109863281,412.54998779296875,410.07000732421875,411.04998779296875,ETF,IWF"
"2025-02-12 14:30:00,406.0299987792969,411.4599914550781,406.6300048828125,410.6199951171875,ETF,IWF"
"2025-02-13 14:30:00,410.5400085449219,416.05999755859375,411.07000732421875,415.760009765625,ETF,IWF"
"2025-02-14 14:30:00,414.8599853515625,416.9100036621094,415.760009765625,416.3699951171875,ETF,IWF"
"2025-02-18 14:30:00,413.760009765625,418.0400085449219,417.5400085449219,416.3299865722656,ETF,IWF"
"2025-02-19 14:30:00,413.6499938964844,417.1700134277344,415.4800109863281,416.4800109863281,ETF,IWF"
"2025-02-20 14:30:00,410.9200134277344,415.8999938964844,415.8999938964844,414.2799987792969,ETF,IWF"
"2025-02-21 14:30:00,404.57000732421875,414.7300109863281,414.3699951171875,404.8800048828125,ETF,IWF"
"2025-02-24 14:30:00,400.17999267578125,407.7699890136719,406.3900146484375,400.739990234375,ETF,IWF"
"2025-02-25 14:30:00,392.67999267578125,400.489990234375,400.0199890136719,396.7200012207031,ETF,IWF"
"2025-02-26 14:30:00,395.94000244140625,402.5199890136719,398.4599914550781,398.1700134277344,ETF,IWF"
"2025-02-27 14:30:00,387.45001220703125,401.8500061035156,401.0899963378906,387.6000061035156,ETF,IWF"
"2025-02-28 14:30:00,384.3900146484375,394.8699951171875,387.0199890136719,394.6000061035156,ETF,IWF"
"2025-03-03 14:30:00,381.92999267578125,397.1600036621094,395.80999755859375,384.8599853515625,ETF,IWF"
"2025-03-04 14:30:00,375.92999267578125,388.760009765625,380.70001220703125,382.3800048828125,ETF,IWF"
"2025-03-05 14:30:00,379.6099853515625,389.1199951171875,382.7900085449219,388.0400085449219,ETF,IWF"
"2025-03-06 14:30:00,375.4599914550781,385.4700012207031,381.0299987792969,377.239990234375,ETF,IWF"
"2025-03-07 14:30:00,369.92999267578125,380.29998779296875,376.0299987792969,378.8500061035156,ETF,IWF"
"2025-03-10 13:30:00,360.3800048828125,371.9100036621094,371.7799987792969,363.8800048828125,ETF,IWF"
"2025-03-11 13:30:00,359.30999755859375,368.2900085449219,362.7099914550781,362.9800109863281,ETF,IWF"
"2025-03-12 13:30:00,363.42999267578125,370.8299865722656,369.4200134277344,367.9200134277344,ETF,IWF"
"2025-03-13 13:30:00,358.94000244140625,367.5,367.20001220703125,360.07000732421875,ETF,IWF"
"2025-03-14 13:30:00,363.67999267578125,369.7300109863281,364.3299865722656,369.20001220703125,ETF,IWF"
"2025-03-17 13:30:00,367.1300048828125,372.79998779296875,368.95001220703125,370.3500061035156,ETF,IWF"
"2025-03-18 13:30:00,361.7900085449219,367.510009765625,367.42999267578125,363.4599914550781,ETF,IWF"
"2025-03-19 13:30:00,364.20001220703125,372.4200134277344,365.3399963378906,369.0400085449219,ETF,IWF"
"2025-03-20 13:30:00,365.79998779296875,372.6499938964844,366.0400085449219,368.20001220703125,ETF,IWF"
"2025-03-21 13:30:00,363.6499938964844,370.5199890136719,364.6099853515625,369.8999938964844,ETF,IWF"
"2025-03-24 13:30:00,374.9200134277344,379.010009765625,375.5299987792969,377.95001220703125,ETF,IWF"
"2025-03-25 13:30:00,378.07000732421875,380.5199890136719,379.0799865722656,380.260009765625,ETF,IWF"
"2025-03-26 13:30:00,370.7200012207031,379.239990234375,379.0299987792969,372.0400085449219,ETF,IWF"
"2025-03-27 13:30:00,368.7300109863281,373.7300109863281,370.239990234375,370.07000732421875,ETF,IWF"
"2025-03-28 13:30:00,359.739990234375,369.55999755859375,368.3399963378906,360.5400085449219,ETF,IWF"
"2025-03-31 13:30:00,351.0299987792969,361.75,354.489990234375,361.0899963378906,ETF,IWF"
"2025-04-01 13:30:00,357.8599853515625,365.0799865722656,359.44000244140625,363.8800048828125,ETF,IWF"
"2025-04-02 13:30:00,358.44000244140625,369.5799865722656,358.7099914550781,366.8599853515625,ETF,IWF"
"2025-04-03 13:30:00,345.8599853515625,352.80999755859375,350.0400085449219,346.45001220703125,ETF,IWF"
"2025-04-04 13:30:00,325.6600036621094,337.92999267578125,335.5899963378906,325.6700134277344,ETF,IWF"
"2025-04-07 13:30:00,308.6700134277344,340.239990234375,312.54998779296875,326.0299987792969,ETF,IWF"
"2025-04-08 13:30:00,315.57000732421875,342.0199890136719,338.9800109863281,320.4200134277344,ETF,IWF"
"2025-04-09 13:30:00,319.2799987792969,359.7300109863281,320.1300048828125,357.6600036621094,ETF,IWF"
"2025-04-10 13:30:00,332.95001220703125,349.989990234375,348.29998779296875,343.8599853515625,ETF,IWF"
"2025-04-11 13:30:00,340.3500061035156,351.3699951171875,342.3699951171875,350.0199890136719,ETF,IWF"
"2025-04-14 13:30:00,349.0,358.9200134277344,358.6000061035156,352.2099914550781,ETF,IWF"
"2025-04-15 13:30:00,350.8999938964844,355.54998779296875,352.57000732421875,352.2099914550781,ETF,IWF"
"2025-04-16 13:30:00,336.7699890136719,347.92999267578125,345.05999755859375,341.6600036621094,ETF,IWF"
"2025-04-17 13:30:00,339.8599853515625,345.0,344.5400085449219,341.6199951171875,ETF,IWF"
"2025-04-21 13:30:00,328.3299865722656,337.5799865722656,336.92999267578125,332.5400085449219,ETF,IWF"
"2025-04-22 13:30:00,335.6000061035156,343.7300109863281,336.57000732421875,341.29998779296875,ETF,IWF"
"2025-04-23 13:30:00,348.19000244140625,356.4800109863281,353.05999755859375,349.510009765625,ETF,IWF"
"2025-04-24 13:30:00,350.57000732421875,359.7799987792969,351.0799865722656,359.3699951171875,ETF,IWF"
"2025-04-25 13:30:00,359.04998779296875,365.4200134277344,360.20001220703125,364.7799987792969,ETF,IWF"
"2025-04-28 13:30:00,359.8399963378906,366.4700012207031,365.5,364.4800109863281,ETF,IWF"
"2025-04-29 13:30:00,362.6600036621094,367.6199951171875,362.6700134277344,366.7200012207031,ETF,IWF"
"2025-04-30 13:30:00,356.9800109863281,368.0299987792969,360.19000244140625,366.7900085449219,ETF,IWF"
"2025-05-01 13:30:00,371.25,376.2799987792969,373.5899963378906,371.6199951171875,ETF,IWF"
"2025-05-02 13:30:00,374.17999267578125,378.6499938964844,375.44000244140625,376.92999267578125,ETF,IWF"
"2025-05-05 13:30:00,373.7900085449219,377.19000244140625,373.7900085449219,374.7200012207031,ETF,IWF"
"2025-05-06 13:30:00,369.4100036621094,374.29998779296875,370.3500061035156,371.2300109863281,ETF,IWF"
"2025-05-07 13:30:00,367.5799865722656,374.25,371.7200012207031,372.489990234375,ETF,IWF"
"2025-05-08 13:30:00,372.3900146484375,378.8999938964844,376.0,375.4599914550781,ETF,IWF"
"2025-05-09 13:30:00,373.5799865722656,377.94000244140625,376.57000732421875,374.75,ETF,IWF"
"2025-05-12 13:30:00,385.44000244140625,390.9100036621094,389.2300109863281,390.739990234375,ETF,IWF"
"2025-05-13 13:30:00,391.25,398.0899963378906,392.2300109863281,396.6700134277344,ETF,IWF"
"2025-05-14 13:30:00,397.5199890136719,400.3999938964844,398.010009765625,399.6199951171875,ETF,IWF"
"2025-05-15 13:30:00,396.19000244140625,401.0,397.69000244140625,399.2300109863281,ETF,IWF"
"2025-05-16 13:30:00,397.8699951171875,401.5299987792969,400.8900146484375,401.3500061035156,ETF,IWF"
"2025-05-19 13:30:00,396.05999755859375,401.92999267578125,396.05999755859375,401.67999267578125,ETF,IWF"
"2025-05-20 13:30:00,396.94000244140625,400.4599914550781,399.7900085449219,399.4700012207031,ETF,IWF"
"2025-05-21 13:30:00,392.2099914550781,401.1400146484375,396.67999267578125,393.5400085449219,ETF,IWF"
"2025-05-22 13:30:00,392.8699951171875,397.4700012207031,393.6499938964844,394.489990234375,ETF,IWF"
"2025-05-23 13:30:00,388.29998779296875,392.9599914550781,388.29998779296875,390.6000061035156,ETF,IWF"
"2025-05-27 13:30:00,395.3500061035156,400.3500061035156,396.0799865722656,400.0899963378906,ETF,IWF"
"2025-05-28 13:30:00,397.92999267578125,402.0899963378906,400.67999267578125,398.3399963378906,ETF,IWF"
"2025-05-29 13:30:00,397.8599853515625,404.5299987792969,404.239990234375,399.7699890136719,ETF,IWF"
"2025-05-30 13:30:00,393.8900146484375,400.54998779296875,399.1600036621094,399.42999267578125,ETF,IWF"
"2025-06-02 13:30:00,396.5799865722656,402.19000244140625,397.6400146484375,401.95001220703125,ETF,IWF"
"2025-06-03 13:30:00,401.70001220703125,405.9100036621094,402.4599914550781,404.79998779296875,ETF,IWF"
"2025-06-04 13:30:00,404.5899963378906,406.95001220703125,405.57000732421875,406.04998779296875,ETF,IWF"
"2025-06-05 13:30:00,401.82000732421875,409.3900146484375,407.4599914550781,403.55999755859375,ETF,IWF"
"2025-06-06 13:30:00,406.19000244140625,409.1400146484375,407.5899963378906,407.57000732421875,ETF,IWF"
"2025-06-09 13:30:00,406.9200134277344,409.05999755859375,408.0899963378906,407.8900146484375,ETF,IWF"
"2025-06-10 13:30:00,406.6499938964844,410.9100036621094,408.4100036621094,410.5,ETF,IWF"
"2025-06-11 13:30:00,407.67999267578125,412.75,411.7200012207031,409.1700134277344,ETF,IWF"
"2025-06-12 13:30:00,408.3800048828125,411.44000244140625,408.4800109863281,410.7699890136719,ETF,IWF"
"2025-06-13 13:30:00,404.489990234375,409.2300109863281,406.3599853515625,405.57000732421875,ETF,IWF"
"2025-06-16 13:30:00,407.55999755859375,411.2900085449219,407.55999755859375,410.1700134277344,ETF,IWF"
"2025-06-17 13:30:00,405.92999267578125,409.55999755859375,408.1000061035156,406.5400085449219,ETF,IWF"
"2025-06-18 13:30:00,404.9700012207031,409.1300048828125,407.2200012207031,405.989990234375,ETF,IWF"
"2025-06-20 13:30:00,402.5899963378906,408.7099914550781,408.45001220703125,403.1700134277344,ETF,IWF"
"2025-06-23 13:30:00,401.8800048828125,408.3999938964844,403.739990234375,408.0899963378906,ETF,IWF"
"2025-06-24 13:30:00,411.25,414.6700134277344,412.0299987792969,414.0,ETF,IWF"
"2025-06-25 13:30:00,414.3500061035156,416.9200134277344,415.6600036621094,415.44000244140625,ETF,IWF"
"2025-06-26 13:30:00,415.7200012207031,419.79998779296875,417.1000061035156,419.32000732421875,ETF,IWF"
"2025-06-27 13:30:00,418.260009765625,422.6000061035156,420.5299987792969,421.70001220703125,ETF,IWF"
"2025-06-30 13:30:00,422.32000732421875,425.67999267578125,424.1300048828125,424.5799865722656,ETF,IWF"
"2025-07-01 13:30:00,418.5400085449219,423.9800109863281,422.8999938964844,420.1099853515625,ETF,IWF"
"2025-07-02 13:30:00,419.70001220703125,423.7699890136719,419.9599914550781,423.5199890136719,ETF,IWF"
"2025-07-03 13:30:00,425.4200134277344,428.8299865722656,425.70001220703125,428.2699890136719,ETF,IWF"
"2025-07-07 13:30:00,423.1700134277344,427.3599853515625,426.1000061035156,425.260009765625,ETF,IWF"
"2025-07-08 13:30:00,423.9700012207031,426.5,426.2300109863281,424.92999267578125,ETF,IWF"
"2025-07-09 13:30:00,426.55999755859375,429.510009765625,426.5799865722656,428.8299865722656,ETF,IWF"
"2025-07-10 13:30:00,426.260009765625,429.7699890136719,429.5,428.7200012207031,ETF,IWF"
"2025-07-11 13:30:00,426.2799987792969,428.9700012207031,427.0400085449219,427.57000732421875,ETF,IWF"
"2025-07-14 13:30:00,425.8299865722656,429.6199951171875,427.4800109863281,428.9100036621094,ETF,IWF"
"2025-07-15 13:30:00,429.8800048828125,432.760009765625,432.5899963378906,429.8800048828125,ETF,IWF"
"2025-07-16 13:30:00,426.989990234375,431.8900146484375,430.82000732421875,431.3800048828125,ETF,IWF"
"2025-07-17 13:30:00,431.5199890136719,434.8999938964844,431.989990234375,434.45001220703125,ETF,IWF"
"2025-07-18 13:30:00,433.19000244140625,435.8399963378906,435.8399963378906,434.260009765625,ETF,IWF"
"2025-07-21 13:30:00,434.7300109863281,437.3900146484375,434.9599914550781,435.3999938964844,ETF,IWF"
"2025-07-22 13:30:00,430.1499938964844,435.7200012207031,435.7200012207031,432.6400146484375,ETF,IWF"
"2025-07-23 13:30:00,432.8500061035156,436.5899963378906,434.75,436.5899963378906,ETF,IWF"
"2025-07-24 13:30:00,436.30999755859375,438.8399963378906,437.8399963378906,437.8500061035156,ETF,IWF"
"2025-07-25 13:30:00,438.1499938964844,440.8999938964844,438.5899963378906,439.8800048828125,ETF,IWF"
"2025-07-28 13:30:00,440.1600036621094,441.8800048828125,440.8699951171875,441.4100036621094,ETF,IWF"
"2025-07-29 13:30:00,438.8500061035156,443.5400085449219,442.67999267578125,439.1199951171875,ETF,IWF"
"2025-07-30 13:30:00,437.55999755859375,441.79998779296875,440.1600036621094,440.2200012207031,ETF,IWF"
"2025-07-31 13:30:00,439.75,448.7900085449219,448.7900085449219,440.4100036621094,ETF,IWF"
"2025-08-01 13:30:00,430.1000061035156,435.79998779296875,435.5799865722656,431.9100036621094,ETF,IWF"
"2025-08-04 13:30:00,435.7099914550781,440.67999267578125,436.0,440.3800048828125,ETF,IWF"
"2025-08-05 13:30:00,436.42999267578125,441.7200012207031,440.9599914550781,436.9200134277344,ETF,IWF"
"2025-08-06 13:30:00,437.6000061035156,443.1199951171875,437.760009765625,442.94000244140625,ETF,IWF"
"2025-08-07 13:30:00,438.8599853515625,446.32000732421875,445.2799987792969,442.2900085449219,ETF,IWF"
"2025-08-08 13:30:00,443.20001220703125,446.5199890136719,443.5799865722656,445.92999267578125,ETF,IWF"
"2025-08-11 13:30:00,444.1499938964844,448.30999755859375,445.6099853515625,445.1099853515625,ETF,IWF"
"2025-08-12 13:30:00,444.739990234375,450.3800048828125,447.2099914550781,450.29998779296875,ETF,IWF"
"2025-08-13 13:30:00,448.5,452.80999755859375,452.0400085449219,449.8900146484375,ETF,IWF"
"2025-08-14 13:30:00,448.5400085449219,451.69000244140625,448.67999267578125,450.42999267578125,ETF,IWF"
"2025-08-15 13:30:00,447.8500061035156,451.17999267578125,451.17999267578125,449.010009765625,ETF,IWF"
"2025-08-18 13:30:00,447.55999755859375,449.6400146484375,448.57000732421875,449.1600036621094,ETF,IWF"
"2025-08-19 13:30:00,441.92999267578125,449.0299987792969,449.0299987792969,442.92999267578125,ETF,IWF"
"2025-08-20 13:30:00,434.5799865722656,442.05999755859375,442.05999755859375,440.30999755859375,ETF,IWF"
"2025-08-21 13:30:00,436.95001220703125,440.9700012207031,438.9800109863281,438.42999267578125,ETF,IWF"
"2025-08-22 13:30:00,438.19000244140625,446.8599853515625,439.010009765625,445.260009765625,ETF,IWF"
"2025-08-25 13:30:00,443.6499938964844,447.0299987792969,444.4800109863281,444.5400085449219,ETF,IWF"
"2025-08-26 13:30:00,443.3399963378906,447.29998779296875,444.32000732421875,447.1400146484375,ETF,IWF"
"2025-08-27 13:30:00,445.69000244140625,448.760009765625,446.8500061035156,448.04998779296875,ETF,IWF"
"2025-08-28 13:30:00,447.04998779296875,451.6400146484375,448.4100036621094,450.94000244140625,ETF,IWF"
"2025-08-29 13:30:00,444.20001220703125,449.5799865722656,449.44000244140625,445.5899963378906,ETF,IWF"
"2025-09-02 13:30:00,436.8800048828125,442.07000732421875,438.32000732421875,441.69000244140625,ETF,IWF"
"2025-09-03 13:30:00,443.4100036621094,447.1700134277344,445.1099853515625,446.1199951171875,ETF,IWF"
"2025-09-04 13:30:00,445.510009765625,450.1600036621094,446.82000732421875,450.07000732421875,ETF,IWF"
"2025-09-05 13:30:00,445.6400146484375,454.17999267578125,453.6199951171875,449.2900085449219,ETF,IWF"
"2025-09-08 13:30:00,451.4100036621094,453.4700012207031,451.489990234375,451.8299865722656,ETF,IWF"
"2025-09-09 13:30:00,450.17999267578125,453.4100036621094,452.67999267578125,453.2699890136719,ETF,IWF"
"2025-09-10 13:30:00,454.6700134277344,458.6400146484375,457.92999267578125,456.239990234375,ETF,IWF"
"2025-09-11 13:30:00,456.6199951171875,459.4100036621094,458.54998779296875,458.6400146484375,ETF,IWF"
"2025-09-12 13:30:00,458.25,461.2300109863281,459.0799865722656,460.1400146484375,ETF,IWF"
"2025-09-15 13:30:00,462.239990234375,464.6199951171875,462.3500061035156,464.55999755859375,ETF,IWF"
"2025-09-16 13:30:00,463.0,465.04998779296875,464.9100036621094,463.3599853515625,ETF,IWF"
"2025-09-17 13:30:00,457.2200012207031,463.6000061035156,463.0199890136719,461.510009765625,ETF,IWF"
"2025-09-18 13:30:00,462.7200012207031,466.3299865722656,464.5899963378906,464.1300048828125,ETF,IWF"
"2025-09-19 13:30:00,465.3900146484375,469.0,466.5,468.6499938964844,ETF,IWF"
"2025-09-22 13:30:00,467.6700134277344,473.010009765625,467.8999938964844,472.67999267578125,ETF,IWF"
"2025-09-23 13:30:00,466.760009765625,472.44000244140625,472.3500061035156,467.739990234375,ETF,IWF"
"2025-09-24 13:30:00,463.5199890136719,469.32000732421875,469.32000732421875,465.2200012207031,ETF,IWF"
"2025-09-25 13:30:00,459.2099914550781,464.1300048828125,461.8299865722656,462.8699951171875,ETF,IWF"
"2025-09-26 13:30:00,460.8900146484375,464.94000244140625,463.94000244140625,464.8399963378906,ETF,IWF"
"2025-09-29 13:30:00,465.32000732421875,468.7900085449219,466.7099914550781,466.55999755859375,ETF,IWF"
"2025-09-30 13:30:00,464.42999267578125,468.80999755859375,466.20001220703125,468.4100036621094,ETF,IWF"
"2025-10-01 13:30:00,465.510009765625,471.9599914550781,465.9800109863281,471.17999267578125,ETF,IWF"
"2025-10-02 13:30:00,470.05999755859375,473.82000732421875,473.82000732421875,471.7200012207031,ETF,IWF"
"2025-10-03 13:30:00,468.3399963378906,472.8599853515625,472.17999267578125,469.94000244140625,ETF,IWF"
"2025-10-06 13:30:00,470.54998779296875,473.8399963378906,471.79998779296875,472.8999938964844,ETF,IWF"
"2025-10-07 13:30:00,468.5799865722656,473.760009765625,473.3900146484375,470.260009765625,ETF,IWF"
"2025-10-08 13:30:00,471.3699951171875,474.989990234375,471.3800048828125,474.9599914550781,ETF,IWF"
"2025-10-09 13:30:00,472.5400085449219,475.510009765625,475.3500061035156,474.6000061035156,ETF,IWF"
"2025-10-10 13:30:00,459.29998779296875,476.739990234375,475.4800109863281,459.4700012207031,ETF,IWF"
"2024-09-09 13:30:00,214.17999267578125,218.14999389648438,215.19000244140625,216.80999755859375,EQUITY,JPM"
"2024-09-10 13:30:00,200.61000061035156,218.63999938964844,218.60000610351562,205.55999755859375,EQUITY,JPM"
"2024-09-11 13:30:00,201.8300018310547,207.6999969482422,205.25,207.22999572753906,EQUITY,JPM"
"2024-09-12 13:30:00,204.88999938964844,208.77999877929688,207.64999389648438,206.60000610351562,EQUITY,JPM"
"2024-09-13 13:30:00,203.02000427246094,207.85000610351562,206.86000061035156,204.32000732421875,EQUITY,JPM"
"2024-09-16 13:30:00,205.58999633789062,208.2100067138672,205.8300018310547,207.86000061035156,EQUITY,JPM"
"2024-09-17 13:30:00,207.66000366210938,209.92999267578125,207.72999572753906,209.25,EQUITY,JPM"
"2024-09-18 13:30:00,206.6999969482422,211.33999633789062,209.00999450683594,207.52999877929688,EQUITY,JPM"
"2024-09-19 13:30:00,207.33999633789062,211.91000366210938,209.77999877929688,210.47999572753906,EQUITY,JPM"
"2024-09-20 13:30:00,209.5,211.4199981689453,209.92999267578125,211.08999633789062,EQUITY,JPM"
"2024-09-23 13:30:00,209.99000549316406,211.8000030517578,211.0,211.44000244140625,EQUITY,JPM"
"2024-09-24 13:30:00,210.3699951171875,212.9499969482422,211.14999389648438,211.58999633789062,EQUITY,JPM"
"2024-09-25 13:30:00,208.61000061035156,212.24000549316406,211.67999267578125,210.19000244140625,EQUITY,JPM"
"2024-09-26 13:30:00,209.00999450683594,211.6999969482422,211.1300048828125,209.77999877929688,EQUITY,JPM"
"2024-09-27 13:30:00,209.3300018310547,212.44000244140625,210.64999389648438,210.5,EQUITY,JPM"
"2024-09-30 13:30:00,205.25999450683594,210.9600067138672,206.30999755859375,210.86000061035156,EQUITY,JPM"
"2024-10-01 13:30:00,206.19000244140625,209.08999633789062,208.89999389648438,207.0399932861328,EQUITY,JPM"
"2024-10-02 13:30:00,205.69000244140625,208.9499969482422,207.0800018310547,207.2899932861328,EQUITY,JPM"
"2024-10-03 13:30:00,204.33999633789062,206.49000549316406,206.1699981689453,205.22999572753906,EQUITY,JPM"
"2024-10-04 13:30:00,206.91000366210938,211.6699981689453,209.3000030517578,211.22000122070312,EQUITY,JPM"
"2024-10-07 13:30:00,209.69000244140625,213.3300018310547,211.02999877929688,210.92999267578125,EQUITY,JPM"
"2024-10-08 13:30:00,208.3800048828125,211.3300018310547,210.5800018310547,210.75,EQUITY,JPM"
"2024-10-09 13:30:00,209.3800048828125,214.24000549316406,209.6999969482422,213.4199981689453,EQUITY,JPM"
"2024-10-10 13:30:00,211.47000122070312,214.80999755859375,214.80999755859375,212.83999633789062,EQUITY,JPM"
"2024-10-11 13:30:00,215.16000366210938,224.6300048828125,215.6699981689453,222.2899932861328,EQUITY,JPM"
"2024-10-14 13:30:00,218.8800048828125,223.6999969482422,223.1999969482422,221.47999572753906,EQUITY,JPM"
"2024-10-15 13:30:00,221.82000732421875,225.4499969482422,223.66000366210938,222.38999938964844,EQUITY,JPM"
"2024-10-16 13:30:00,221.0399932861328,223.67999267578125,222.3300018310547,223.63999938964844,EQUITY,JPM"
"2024-10-17 13:30:00,223.30999755859375,225.85000610351562,224.27000427246094,224.4199981689453,EQUITY,JPM"
"2024-10-18 13:30:00,223.10000610351562,225.9199981689453,225.0,225.3699951171875,EQUITY,JPM"
"2024-10-21 13:30:00,222.89999389648438,225.6999969482422,225.22000122070312,223.0,EQUITY,JPM"
"2024-10-22 13:30:00,221.10000610351562,225.27999877929688,223.02000427246094,224.1199951171875,EQUITY,JPM"
"2024-10-23 13:30:00,222.52999877929688,224.8000030517578,223.66000366210938,223.41000366210938,EQUITY,JPM"
"2024-10-24 13:30:00,221.66000366210938,225.05999755859375,221.8300018310547,224.97999572753906,EQUITY,JPM"
"2024-10-25 13:30:00,220.8800048828125,225.6199951171875,225.0,222.30999755859375,EQUITY,JPM"
"2024-10-28 13:30:00,222.9499969482422,225.63999938964844,223.35000610351562,225.5,EQUITY,JPM"
"2024-10-29 13:30:00,222.80999755859375,226.75,225.2100067138672,222.89999389648438,EQUITY,JPM"
"2024-10-30 13:30:00,221.5800018310547,226.30999755859375,222.5399932861328,224.41000366210938,EQUITY,JPM"
"2024-10-31 13:30:00,221.82000732421875,225.69000244140625,224.6999969482422,221.9199981689453,EQUITY,JPM"
"2024-11-01 13:30:00,222.6999969482422,226.14999389648438,223.55999755859375,222.94000244140625,EQUITY,JPM"
"2024-11-04 14:30:00,219.1699981689453,223.75999450683594,222.64999389648438,219.77999877929688,EQUITY,JPM"
"2024-11-05 14:30:00,220.0,221.9600067138672,220.02999877929688,221.49000549316406,EQUITY,JPM"
"2024-11-06 14:30:00,234.77000427246094,248.0,235.0,247.05999755859375,EQUITY,JPM"
"2024-11-07 14:30:00,235.22000122070312,244.57000732421875,244.5,236.3800048828125,EQUITY,JPM"
"2024-11-08 14:30:00,235.77999877929688,239.33999633789062,239.33999633789062,236.97999572753906,EQUITY,JPM"
"2024-11-11 14:30:00,239.0,242.10000610351562,240.0,239.2899932861328,EQUITY,JPM"
"2024-11-12 14:30:00,238.75999450683594,241.4600067138672,240.5500030517578,239.55999755859375,EQUITY,JPM"
"2024-11-13 14:30:00,240.30999755859375,244.08999633789062,240.5800018310547,241.16000366210938,EQUITY,JPM"
"2024-11-14 14:30:00,241.0500030517578,244.2899932861328,242.4199981689453,241.8699951171875,EQUITY,JPM"
"2024-11-15 14:30:00,241.4600067138672,246.4199981689453,241.4600067138672,245.30999755859375,EQUITY,JPM"
"2024-11-18 14:30:00,242.67999267578125,247.92999267578125,247.75999450683594,245.02999877929688,EQUITY,JPM"
"2024-11-19 14:30:00,241.5500030517578,245.14999389648438,242.25,243.08999633789062,EQUITY,JPM"
"2024-11-20 14:30:00,238.63999938964844,244.61000061035156,244.39999389648438,240.77999877929688,EQUITY,JPM"
"2024-11-21 14:30:00,242.11000061035156,245.49000549316406,243.22999572753906,244.75999450683594,EQUITY,JPM"
"2024-11-22 14:30:00,243.02999877929688,249.14999389648438,243.61000061035156,248.5500030517578,EQUITY,JPM"
"2024-11-25 14:30:00,249.05999755859375,254.30999755859375,249.58999633789062,250.2899932861328,EQUITY,JPM"
"2024-11-26 14:30:00,248.33999633789062,251.0,250.49000549316406,249.97000122070312,EQUITY,JPM"
"2024-11-27 14:30:00,248.77000427246094,251.19000244140625,249.35000610351562,249.7899932861328,EQUITY,JPM"
"2024-11-29 14:30:00,249.4499969482422,251.77000427246094,249.86000061035156,249.72000122070312,EQUITY,JPM"
"2024-12-02 14:30:00,245.02999877929688,250.25,249.5500030517578,246.25,EQUITY,JPM"
"2024-12-03 14:30:00,244.6300048828125,249.0399932861328,248.22999572753906,244.82000732421875,EQUITY,JPM"
"2024-12-04 14:30:00,242.22999572753906,245.35000610351562,244.6999969482422,243.39999389648438,EQUITY,JPM"
"2024-12-05 14:30:00,244.6199951171875,247.17999267578125,245.38999938964844,245.47999572753906,EQUITY,JPM"
"2024-12-06 14:30:00,244.83999633789062,247.74000549316406,245.6999969482422,247.36000061035156,EQUITY,JPM"
"2024-12-09 14:30:00,243.75999450683594,247.8699951171875,247.1300048828125,243.80999755859375,EQUITY,JPM"
"2024-12-10 14:30:00,242.22000122070312,247.9600067138672,243.88999938964844,242.86000061035156,EQUITY,JPM"
"2024-12-11 14:30:00,242.17999267578125,244.27000427246094,244.0,243.52999877929688,EQUITY,JPM"
"2024-12-12 14:30:00,241.0399932861328,244.10000610351562,243.0,241.52999877929688,EQUITY,JPM"
"2024-12-13 14:30:00,239.13999938964844,242.72000122070312,242.07000732421875,239.94000244140625,EQUITY,JPM"
"2024-12-16 14:30:00,237.52000427246094,240.6699981689453,240.61000061035156,239.5800018310547,EQUITY,JPM"
"2024-12-17 14:30:00,236.6300048828125,239.02000427246094,238.64999389648438,238.36000061035156,EQUITY,JPM"
"2024-12-18 14:30:00,229.52999877929688,239.07000732421875,239.0,230.3699951171875,EQUITY,JPM"
"2024-12-19 14:30:00,232.27000427246094,236.36000061035156,232.27000427246094,232.9600067138672,EQUITY,JPM"
"2024-12-20 14:30:00,231.58999633789062,239.2100067138672,231.9199981689453,237.60000610351562,EQUITY,JPM"
"2024-12-23 14:30:00,234.8800048828125,238.6199951171875,236.07000732421875,238.38999938964844,EQUITY,JPM"
"2024-12-24 14:30:00,239.07000732421875,242.49000549316406,239.42999267578125,242.30999755859375,EQUITY,JPM"
"2024-12-26 14:30:00,240.7899932861328,243.25999450683594,241.42999267578125,243.13999938964844,EQUITY,JPM"
"2024-12-27 14:30:00,240.0399932861328,243.38999938964844,242.72000122070312,241.1699981689453,EQUITY,JPM"
"2024-12-30 14:30:00,237.11000061035156,240.83999633789062,238.77000427246094,239.32000732421875,EQUITY,JPM"
"2024-12-31 14:30:00,239.02999877929688,241.44000244140625,240.0500030517578,239.7100067138672,EQUITY,JPM"
"2025-01-02 14:30:00,239.4499969482422,243.27999877929688,240.9199981689453,240.0,EQUITY,JPM"
"2025-01-03 14:30:00,240.25999450683594,244.8800048828125,243.88999938964844,243.27999877929688,EQUITY,JPM"
"2025-01-06 14:30:00,240.5800018310547,245.69000244140625,243.6999969482422,240.85000610351562,EQUITY,JPM"
"2025-01-07 14:30:00,240.89999389648438,245.25999450683594,242.13999938964844,243.1699981689453,EQUITY,JPM"
"2025-01-08 14:30:00,240.5,244.25,242.75,243.1300048828125,EQUITY,JPM"
"2025-01-10 14:30:00,238.74000549316406,243.80999755859375,243.08999633789062,239.8699951171875,EQUITY,JPM"
"2025-01-13 14:30:00,239.0,244.5399932861328,239.6699981689453,244.2100067138672,EQUITY,JPM"
"2025-01-14 14:30:00,242.19000244140625,247.72000122070312,242.66000366210938,247.47000122070312,EQUITY,JPM"
"2025-01-15 14:30:00,243.67999267578125,253.6699981689453,250.39999389648438,252.35000610351562,EQUITY,JPM"
"2025-01-16 14:30:00,252.3300018310547,257.0400085449219,254.0,254.27000427246094,EQUITY,JPM"
"2025-01-17 14:30:00,252.13999938964844,260.6199951171875,254.13999938964844,259.1600036621094,EQUITY,JPM"
"2025-01-21 14:30:00,259.5,264.25,260.07000732421875,263.0299987792969,EQUITY,JPM"
"2025-01-22 14:30:00,260.25,263.3800048828125,262.8999938964844,262.8399963378906,EQUITY,JPM"
"2025-01-23 14:30:00,263.80999755859375,266.8599853515625,264.69000244140625,265.95001220703125,EQUITY,JPM"
"2025-01-24 14:30:00,263.010009765625,267.1000061035156,263.69000244140625,264.8399963378906,EQUITY,JPM"
"2025-01-27 14:30:00,262.260009765625,265.9700012207031,264.1700134277344,265.8500061035156,EQUITY,JPM"
"2025-01-28 14:30:00,264.8299865722656,267.3299865722656,265.8500061035156,267.1400146484375,EQUITY,JPM"
"2025-01-29 14:30:00,265.6099853515625,270.67999267578125,267.2099914550781,266.5799865722656,EQUITY,JPM"
"2025-01-30 14:30:00,266.6199951171875,269.70001220703125,268.6300048828125,268.2300109863281,EQUITY,JPM"
"2025-01-31 14:30:00,266.9599914550781,270.82000732421875,269.2300109863281,267.29998779296875,EQUITY,JPM"
"2025-02-03 14:30:00,261.70001220703125,268.1700134277344,261.8299865722656,266.80999755859375,EQUITY,JPM"
"2025-02-04 14:30:00,266.8299865722656,269.8399963378906,269.8399963378906,267.94000244140625,EQUITY,JPM"
"2025-02-05 14:30:00,268.3299865722656,270.6400146484375,268.9100036621094,270.42999267578125,EQUITY,JPM"
"2025-02-06 14:30:00,271.19000244140625,276.9800109863281,272.45001220703125,276.8999938964844,EQUITY,JPM"
"2025-02-07 14:30:00,274.7099914550781,278.54998779296875,277.2699890136719,275.79998779296875,EQUITY,JPM"
"2025-02-10 14:30:00,269.5899963378906,276.17999267578125,276.1499938964844,271.0400085449219,EQUITY,JPM"
"2025-02-11 14:30:00,269.6600036621094,276.2200012207031,270.260009765625,274.989990234375,EQUITY,JPM"
"2025-02-12 14:30:00,273.25,276.45001220703125,274.0799865722656,275.45001220703125,EQUITY,JPM"
"2025-02-13 14:30:00,273.80999755859375,276.9700012207031,275.5,276.32000732421875,EQUITY,JPM"
"2025-02-14 14:30:00,276.45001220703125,279.2300109863281,277.3699951171875,276.5899963378906,EQUITY,JPM"
"2025-02-18 14:30:00,276.0199890136719,279.9700012207031,276.760009765625,279.95001220703125,EQUITY,JPM"
"2025-02-19 14:30:00,277.2200012207031,280.25,278.3800048828125,279.25,EQUITY,JPM"
"2025-02-20 14:30:00,265.739990234375,278.739990234375,278.67999267578125,266.79998779296875,EQUITY,JPM"
"2025-02-21 14:30:00,262.8399963378906,269.20001220703125,268.32000732421875,264.239990234375,EQUITY,JPM"
"2025-02-24 14:30:00,258.6099853515625,267.0,265.489990234375,261.3399963378906,EQUITY,JPM"
"2025-02-25 14:30:00,253.35000610351562,263.0,262.2300109863281,257.3999938964844,EQUITY,JPM"
"2025-02-26 14:30:00,256.92999267578125,260.9100036621094,257.1600036621094,258.7900085449219,EQUITY,JPM"
"2025-02-27 14:30:00,257.8599853515625,263.6400146484375,260.17999267578125,259.04998779296875,EQUITY,JPM"
"2025-02-28 14:30:00,257.8900146484375,264.80999755859375,260.7300109863281,264.6499938964844,EQUITY,JPM"
"2025-03-03 14:30:00,257.82000732421875,266.32000732421875,264.0,260.6199951171875,EQUITY,JPM"
"2025-03-04 14:30:00,245.9499969482422,257.2300109863281,255.27999877929688,250.25,EQUITY,JPM"
"2025-03-05 14:30:00,247.8300018310547,253.0500030517578,251.25,251.52999877929688,EQUITY,JPM"
"2025-03-06 14:30:00,243.85000610351562,249.36000061035156,248.11000061035156,246.5399932861328,EQUITY,JPM"
"2025-03-07 14:30:00,239.4199981689453,246.72000122070312,245.22999572753906,242.27999877929688,EQUITY,JPM"
"2025-03-10 13:30:00,228.6999969482422,237.50999450683594,236.2100067138672,232.22000122070312,EQUITY,JPM"
"2025-03-11 13:30:00,226.69000244140625,233.32000732421875,231.75,229.13999938964844,EQUITY,JPM"
"2025-03-12 13:30:00,227.25999450683594,234.32000732421875,234.0,227.89999389648438,EQUITY,JPM"
"2025-03-13 13:30:00,224.22999572753906,229.5,229.3000030517578,225.19000244140625,EQUITY,JPM"
"2025-03-14 13:30:00,227.5800018310547,233.13999938964844,228.1199951171875,232.44000244140625,EQUITY,JPM"
"2025-03-17 13:30:00,230.4600067138672,235.6699981689453,231.17999267578125,233.92999267578125,EQUITY,JPM"
"2025-03-18 13:30:00,233.52000427246094,236.1699981689453,234.32000732421875,234.97000122070312,EQUITY,JPM"
"2025-03-19 13:30:00,234.88999938964844,242.3300018310547,235.74000549316406,239.11000061035156,EQUITY,JPM"
"2025-03-20 13:30:00,236.1999969482422,241.75999450683594,236.55999755859375,239.00999450683594,EQUITY,JPM"
"2025-03-21 13:30:00,236.5,242.3000030517578,237.80999755859375,241.6300048828125,EQUITY,JPM"
"2025-03-24 13:30:00,244.41000366210938,248.69000244140625,245.47999572753906,248.05999755859375,EQUITY,JPM"
"2025-03-25 13:30:00,247.6199951171875,251.82000732421875,249.30999755859375,251.1300048828125,EQUITY,JPM"
"2025-03-26 13:30:00,249.77999877929688,254.6699981689453,252.60000610351562,251.02999877929688,EQUITY,JPM"
"2025-03-27 13:30:00,247.17999267578125,250.63999938964844,249.52999877929688,248.1199951171875,EQUITY,JPM"
"2025-03-28 13:30:00,241.11000061035156,249.50999450683594,246.94000244140625,242.85000610351562,EQUITY,JPM"
"2025-03-31 13:30:00,237.36000061035156,245.86000061035156,239.41000366210938,245.3000030517578,EQUITY,JPM"
"2025-04-01 13:30:00,240.8800048828125,245.69000244140625,242.6199951171875,243.66000366210938,EQUITY,JPM"
"2025-04-02 13:30:00,241.4600067138672,247.25,241.60000610351562,245.82000732421875,EQUITY,JPM"
"2025-04-03 13:30:00,227.3000030517578,235.13999938964844,234.27000427246094,228.69000244140625,EQUITY,JPM"
"2025-04-04 13:30:00,208.92999267578125,217.6999969482422,215.30999755859375,210.27999877929688,EQUITY,JPM"
"2025-04-07 13:30:00,202.16000366210938,222.0500030517578,205.77000427246094,214.44000244140625,EQUITY,JPM"
"2025-04-08 13:30:00,213.25,227.83999633789062,223.52000427246094,216.8699951171875,EQUITY,JPM"
"2025-04-09 13:30:00,211.0,237.47999572753906,212.5,234.33999633789062,EQUITY,JPM"
"2025-04-10 13:30:00,220.10000610351562,230.35000610351562,230.0,227.11000061035156,EQUITY,JPM"
"2025-04-11 13:30:00,225.0,238.5800018310547,226.30999755859375,236.1999969482422,EQUITY,JPM"
"2025-04-14 13:30:00,233.6300048828125,239.77999877929688,237.10000610351562,234.72000122070312,EQUITY,JPM"
"2025-04-15 13:30:00,232.82000732421875,238.64999389648438,236.10000610351562,233.1300048828125,EQUITY,JPM"
"2025-04-16 13:30:00,227.92999267578125,233.5800018310547,232.0,229.61000061035156,EQUITY,JPM"
"2025-04-17 13:30:00,230.5500030517578,234.33999633789062,230.8000030517578,231.9600067138672,EQUITY,JPM"
"2025-04-21 13:30:00,226.33999633789062,231.80999755859375,230.6300048828125,228.99000549316406,EQUITY,JPM"
"2025-04-22 13:30:00,231.3699951171875,235.99000549316406,231.97999572753906,235.58999633789062,EQUITY,JPM"
"2025-04-23 13:30:00,240.0,246.7899932861328,240.22000122070312,240.8800048828125,EQUITY,JPM"
"2025-04-24 13:30:00,237.5800018310547,245.47000122070312,239.74000549316406,244.63999938964844,EQUITY,JPM"
"2025-04-25 13:30:00,241.75,245.6199951171875,244.64999389648438,243.5500030517578,EQUITY,JPM"
"2025-04-28 13:30:00,240.83999633789062,246.83999633789062,244.55999755859375,243.22000122070312,EQUITY,JPM"
"2025-04-29 13:30:00,241.69000244140625,245.25,242.19000244140625,244.6199951171875,EQUITY,JPM"
"2025-04-30 13:30:00,238.42999267578125,245.22000122070312,241.2100067138672,244.6199951171875,EQUITY,JPM"
"2025-05-01 13:30:00,242.1699981689453,248.4499969482422,242.83999633789062,246.88999938964844,EQUITY,JPM"
"2025-05-02 13:30:00,249.4600067138672,253.6199951171875,251.25999450683594,252.50999450683594,EQUITY,JPM"
"2025-05-05 13:30:00,250.58999633789062,255.16000366210938,251.17999267578125,252.55999755859375,EQUITY,JPM"
"2025-05-06 13:30:00,249.0,252.64999389648438,250.0,249.25,EQUITY,JPM"
"2025-05-07 13:30:00,248.8300018310547,252.4499969482422,249.85000610351562,249.38999938964844,EQUITY,JPM"
"2025-05-08 13:30:00,251.5500030517578,255.8800048828125,251.57000732421875,253.47000122070312,EQUITY,JPM"
"2025-05-09 13:30:00,252.33999633789062,255.50999450683594,254.5,253.0800018310547,EQUITY,JPM"
"2025-05-12 13:30:00,258.70001220703125,263.6000061035156,262.8999938964844,260.04998779296875,EQUITY,JPM"
"2025-05-13 13:30:00,260.3900146484375,263.6700134277344,261.0299987792969,263.010009765625,EQUITY,JPM"
"2025-05-14 13:30:00,262.2900085449219,266.6400146484375,263.0,265.6400146484375,EQUITY,JPM"
"2025-05-15 13:30:00,264.760009765625,269.5199890136719,266.9700012207031,267.489990234375,EQUITY,JPM"
"2025-05-16 13:30:00,264.7099914550781,268.4599914550781,267.5,267.55999755859375,EQUITY,JPM"
"2025-05-19 13:30:00,261.92999267578125,268.32000732421875,265.54998779296875,264.8800048828125,EQUITY,JPM"
"2025-05-20 13:30:00,262.29998779296875,266.6600036621094,262.5199890136719,265.67999267578125,EQUITY,JPM"
"2025-05-21 13:30:00,260.7300109863281,265.6499938964844,264.3500061035156,261.0400085449219,EQUITY,JPM"
"2025-05-22 13:30:00,258.8699951171875,262.29998779296875,259.44000244140625,260.6700134277344,EQUITY,JPM"
"2025-05-23 13:30:00,256.0,261.989990234375,256.80999755859375,260.7099914550781,EQUITY,JPM"
"2025-05-27 13:30:00,261.989990234375,265.29998779296875,262.0400085449219,265.2900085449219,EQUITY,JPM"
"2025-05-28 13:30:00,262.8999938964844,266.7200012207031,266.239990234375,263.489990234375,EQUITY,JPM"
"2025-05-29 13:30:00,262.5299987792969,265.4100036621094,264.79998779296875,264.3699951171875,EQUITY,JPM"
"2025-05-30 13:30:00,262.7300109863281,265.3299865722656,263.45001220703125,264.0,EQUITY,JPM"
"2025-06-02 13:30:00,261.8999938964844,265.0299987792969,263.0199890136719,264.6600036621094,EQUITY,JPM"
"2025-06-03 13:30:00,262.8800048828125,266.5799865722656,263.7300109863281,266.2699890136719,EQUITY,JPM"
"2025-06-04 13:30:00,264.17999267578125,267.1199951171875,265.9200134277344,264.2200012207031,EQUITY,JPM"
"2025-06-05 13:30:00,260.30999755859375,264.739990234375,264.739990234375,261.95001220703125,EQUITY,JPM"
"2025-06-06 13:30:00,264.260009765625,266.6499938964844,264.3299865722656,265.7300109863281,EQUITY,JPM"
"2025-06-09 13:30:00,263.3500061035156,267.8999938964844,266.0,266.739990234375,EQUITY,JPM"
"2025-06-10 13:30:00,265.8500061035156,268.8999938964844,265.8800048828125,268.6000061035156,EQUITY,JPM"
"2025-06-11 13:30:00,265.7900085449219,269.6199951171875,268.67999267578125,268.1499938964844,EQUITY,JPM"
"2025-06-12 13:30:00,265.1400146484375,268.2900085449219,266.8599853515625,268.239990234375,EQUITY,JPM"
"2025-06-13 13:30:00,262.7099914550781,267.0199890136719,265.0799865722656,264.95001220703125,EQUITY,JPM"
"2025-06-16 13:30:00,266.8500061035156,271.7300109863281,267.0,270.3599853515625,EQUITY,JPM"
"2025-06-17 13:30:00,267.79998779296875,270.5899963378906,268.1700134277344,269.5199890136719,EQUITY,JPM"
"2025-06-18 13:30:00,269.7200012207031,277.7200012207031,270.0,273.9599914550781,EQUITY,JPM"
"2025-06-20 13:30:00,273.80999755859375,277.29998779296875,275.57000732421875,275.0,EQUITY,JPM"
"2025-06-23 13:30:00,272.1099853515625,278.54998779296875,275.05999755859375,278.2699890136719,EQUITY,JPM"
"2025-06-24 13:30:00,279.510009765625,282.7099914550781,280.2099914550781,281.260009765625,EQUITY,JPM"
"2025-06-25 13:30:00,280.9100036621094,284.2799987792969,281.5,284.05999755859375,EQUITY,JPM"
"2025-06-26 13:30:00,284.4700012207031,289.4100036621094,284.70001220703125,288.75,EQUITY,JPM"
"2025-06-27 13:30:00,285.0400085449219,288.70001220703125,285.80999755859375,287.1099853515625,EQUITY,JPM"
"2025-06-30 13:30:00,288.9200134277344,292.6499938964844,290.3999938964844,289.9100036621094,EQUITY,JPM"
"2025-07-01 13:30:00,286.5899963378906,291.1300048828125,290.8900146484375,290.4100036621094,EQUITY,JPM"
"2025-07-02 13:30:00,289.70001220703125,292.82000732421875,292.0400085449219,292.0,EQUITY,JPM"
"2025-07-03 13:30:00,291.2099914550781,296.3999938964844,292.1499938964844,296.0,EQUITY,JPM"
"2025-07-07 13:30:00,290.0799865722656,296.0400085449219,295.25,291.9700012207031,EQUITY,JPM"
"2025-07-08 13:30:00,280.30999755859375,289.70001220703125,289.2699890136719,282.7799987792969,EQUITY,JPM"
"2025-07-09 13:30:00,282.4800109863281,287.20001220703125,287.17999267578125,283.1600036621094,EQUITY,JPM"
"2025-07-10 13:30:00,283.0,288.30999755859375,283.0,288.19000244140625,EQUITY,JPM"
"2025-07-11 13:30:00,283.6499938964844,287.3800048828125,285.5199890136719,286.8599853515625,EQUITY,JPM"
"2025-07-14 13:30:00,285.260009765625,289.29998779296875,287.07000732421875,288.70001220703125,EQUITY,JPM"
"2025-07-15 13:30:00,285.4800109863281,291.95001220703125,288.0,286.54998779296875,EQUITY,JPM"
"2025-07-16 13:30:00,283.010009765625,290.7300109863281,288.3999938964844,285.82000732421875,EQUITY,JPM"
"2025-07-17 13:30:00,283.44000244140625,290.29998779296875,283.44000244140625,289.8999938964844,EQUITY,JPM"
"2025-07-18 13:30:00,288.2300109863281,292.5,289.5199890136719,291.2699890136719,EQUITY,JPM"
"2025-07-21 13:30:00,290.5799865722656,294.17999267578125,291.0,290.9700012207031,EQUITY,JPM"
"2025-07-22 13:30:00,289.17999267578125,293.6300048828125,291.5,291.42999267578125,EQUITY,JPM"
"2025-07-23 13:30:00,292.54998779296875,296.989990234375,292.8399963378906,296.760009765625,EQUITY,JPM"
"2025-07-24 13:30:00,296.20001220703125,299.5899963378906,297.4200134277344,296.54998779296875,EQUITY,JPM"
"2025-07-25 13:30:00,295.9599914550781,298.8999938964844,296.70001220703125,298.6199951171875,EQUITY,JPM"
"2025-07-28 13:30:00,296.82000732421875,299.42999267578125,297.6600036621094,298.2799987792969,EQUITY,JPM"
"2025-07-29 13:30:00,296.20001220703125,301.2900085449219,300.0,297.0400085449219,EQUITY,JPM"
"2025-07-30 13:30:00,297.3800048828125,300.6099853515625,297.4200134277344,299.6300048828125,EQUITY,JPM"
"2025-07-31 13:30:00,295.5,300.9800109863281,299.1400146484375,296.239990234375,EQUITY,JPM"
"2025-08-01 13:30:00,284.239990234375,291.79998779296875,290.3999938964844,289.3699951171875,EQUITY,JPM"
"2025-08-04 13:30:00,290.260009765625,294.32000732421875,290.260009765625,294.260009765625,EQUITY,JPM"
"2025-08-05 13:30:00,287.239990234375,295.7900085449219,294.69000244140625,291.3699951171875,EQUITY,JPM"
"2025-08-06 13:30:00,290.1600036621094,293.2900085449219,292.29998779296875,291.3500061035156,EQUITY,JPM"
"2025-08-07 13:30:00,286.4100036621094,293.4599914550781,292.94000244140625,286.94000244140625,EQUITY,JPM"
"2025-08-08 13:30:00,284.7099914550781,291.2300109863281,288.9800109863281,288.760009765625,EQUITY,JPM"
"2025-08-11 13:30:00,288.7799987792969,291.32000732421875,289.3999938964844,289.55999755859375,EQUITY,JPM"
"2025-08-12 13:30:00,290.3399963378906,294.75,291.5,292.8500061035156,EQUITY,JPM"
"2025-08-13 13:30:00,287.1600036621094,294.54998779296875,293.95001220703125,290.5299987792969,EQUITY,JPM"
"2025-08-14 13:30:00,289.6400146484375,294.20001220703125,290.5799865722656,294.1600036621094,EQUITY,JPM"
"2025-08-15 13:30:00,289.82000732421875,295.5,294.8399963378906,290.489990234375,EQUITY,JPM"
"2025-08-18 13:30:00,288.4100036621094,291.8999938964844,290.0,291.5299987792969,EQUITY,JPM"
"2025-08-19 13:30:00,289.5299987792969,292.4800109863281,290.8299865722656,290.6600036621094,EQUITY,JPM"
"2025-08-20 13:30:00,287.2699890136719,293.3299865722656,290.80999755859375,292.239990234375,EQUITY,JPM"
"2025-08-21 13:30:00,289.4700012207031,292.7699890136719,291.94000244140625,291.4700012207031,EQUITY,JPM"
"2025-08-22 13:30:00,290.1300048828125,297.1600036621094,293.20001220703125,296.239990234375,EQUITY,JPM"
"2025-08-25 13:30:00,294.1400146484375,297.3500061035156,296.239990234375,294.8999938964844,EQUITY,JPM"
"2025-08-26 13:30:00,293.5,298.739990234375,294.1600036621094,298.57000732421875,EQUITY,JPM"
"2025-08-27 13:30:00,297.0400085449219,301.07000732421875,297.25,299.2799987792969,EQUITY,JPM"
"2025-08-28 13:30:00,298.70001220703125,301.239990234375,300.0199890136719,301.07000732421875,EQUITY,JPM"
"2025-08-29 13:30:00,299.7300109863281,302.95001220703125,302.0400085449219,301.4200134277344,EQUITY,JPM"
"2025-09-02 13:30:00,294.5,300.4599914550781,300.260009765625,299.70001220703125,EQUITY,JPM"
"2025-09-03 13:30:00,296.3800048828125,300.57000732421875,300.57000732421875,299.510009765625,EQUITY,JPM"
"2025-09-04 13:30:00,298.2799987792969,304.42999267578125,300.0,303.82000732421875,EQUITY,JPM"
"2025-09-05 13:30:00,294.30999755859375,305.1499938964844,303.6499938964844,294.3800048828125,EQUITY,JPM"
"2025-09-08 13:30:00,291.44000244140625,296.4599914550781,294.8900146484375,292.9100036621094,EQUITY,JPM"
"2025-09-09 13:30:00,292.30999755859375,299.0,292.6000061035156,297.8500061035156,EQUITY,JPM"
"2025-09-10 13:30:00,295.3999938964844,301.5400085449219,296.70001220703125,300.5400085449219,EQUITY,JPM"
"2025-09-11 13:30:00,300.7900085449219,305.7300109863281,301.239990234375,305.55999755859375,EQUITY,JPM"
"2025-09-12 13:30:00,303.70001220703125,307.54998779296875,305.0,306.9100036621094,EQUITY,JPM"
"2025-09-15 13:30:00,307.1700134277344,309.95001220703125,307.1700134277344,308.8999938964844,EQUITY,JPM"
"2025-09-16 13:30:00,307.1300048828125,310.8999938964844,310.0,309.19000244140625,EQUITY,JPM"
"2025-09-17 13:30:00,308.7699890136719,312.9100036621094,310.3900146484375,311.75,EQUITY,JPM"
"2025-09-18 13:30:00,309.6099853515625,313.44000244140625,311.7900085449219,313.2300109863281,EQUITY,JPM"
"2025-09-19 13:30:00,309.1199951171875,315.79998779296875,313.6000061035156,314.7799987792969,EQUITY,JPM"
"2025-09-22 13:30:00,309.55999755859375,313.70001220703125,309.79998779296875,312.44000244140625,EQUITY,JPM"
"2025-09-23 13:30:00,310.5799865722656,316.30999755859375,311.82000732421875,312.739990234375,EQUITY,JPM"
"2025-09-24 13:30:00,311.6700134277344,316.5799865722656,314.04998779296875,313.4200134277344,EQUITY,JPM"
"2025-09-25 13:30:00,311.79998779296875,315.6499938964844,314.1199951171875,313.45001220703125,EQUITY,JPM"
"2025-09-26 13:30:00,313.70001220703125,317.80999755859375,314.8999938964844,316.05999755859375,EQUITY,JPM"
"2025-09-29 13:30:00,313.6600036621094,318.010009765625,317.05999755859375,315.69000244140625,EQUITY,JPM"
"2025-09-30 13:30:00,310.1099853515625,317.4100036621094,316.25,315.42999267578125,EQUITY,JPM"
"2025-10-01 13:30:00,307.4100036621094,314.5899963378906,313.9700012207031,310.7099914550781,EQUITY,JPM"
"2025-10-02 13:30:00,306.1400146484375,310.55999755859375,310.0,307.54998779296875,EQUITY,JPM"
"2025-10-03 13:30:00,308.2099914550781,311.6600036621094,308.510009765625,310.0299987792969,EQUITY,JPM"
"2025-10-06 13:30:00,305.1300048828125,311.75,310.17999267578125,309.17999267578125,EQUITY,JPM"
"2025-10-07 13:30:00,304.70001220703125,310.010009765625,309.3500061035156,307.69000244140625,EQUITY,JPM"
"2025-10-08 13:30:00,303.54998779296875,308.7799987792969,308.2099914550781,304.0299987792969,EQUITY,JPM"
"2025-10-09 13:30:00,303.3900146484375,308.0400085449219,305.04998779296875,305.5299987792969,EQUITY,JPM"
"2025-10-10 13:30:00,300.80999755859375,310.4700012207031,305.6600036621094,300.8900146484375,EQUITY,JPM"
"2024-09-09 13:30:00,37.95000076293945,38.20000076293945,38.0099983215332,38.099998474121094,ETF,EWI"
"2024-09-10 13:30:00,37.439998626708984,37.81999969482422,37.81999969482422,37.720001220703125,ETF,EWI"
"2024-09-11 13:30:00,37.25,37.88999938964844,37.68000030517578,37.86000061035156,ETF,EWI"
"2024-09-12 13:30:00,37.59000015258789,38.11000061035156,37.7599983215332,38.09000015258789,ETF,EWI"
"2024-09-13 13:30:00,38.029998779296875,38.290000915527344,38.06999969482422,38.11000061035156,ETF,EWI"
"2024-09-16 13:30:00,38.119998931884766,38.45000076293945,38.20000076293945,38.45000076293945,ETF,EWI"
"2024-09-17 13:30:00,38.310001373291016,38.59000015258789,38.540000915527344,38.439998626708984,ETF,EWI"
"2024-09-18 13:30:00,38.22999954223633,38.779998779296875,38.459999084472656,38.310001373291016,ETF,EWI"
"2024-09-19 13:30:00,38.459999084472656,38.90999984741211,38.599998474121094,38.779998779296875,ETF,EWI"
"2024-09-20 13:30:00,38.41999816894531,38.709999084472656,38.70000076293945,38.58000183105469,ETF,EWI"
"2024-09-23 13:30:00,38.33000183105469,38.5099983215332,38.43000030517578,38.380001068115234,ETF,EWI"
"2024-09-24 13:30:00,38.470001220703125,38.68000030517578,38.52000045776367,38.66999816894531,ETF,EWI"
"2024-09-25 13:30:00,38.439998626708984,38.880001068115234,38.880001068115234,38.439998626708984,ETF,EWI"
"2024-09-26 13:30:00,39.060001373291016,39.41999816894531,39.20000076293945,39.33000183105469,ETF,EWI"
"2024-09-27 13:30:00,39.349998474121094,39.630001068115234,39.52000045776367,39.439998626708984,ETF,EWI"
"2024-09-30 13:30:00,38.7599983215332,39.13999938964844,39.119998931884766,38.959999084472656,ETF,EWI"
"2024-10-01 13:30:00,38.11000061035156,38.720001220703125,38.720001220703125,38.2599983215332,ETF,EWI"
"2024-10-02 13:30:00,37.869998931884766,38.150001525878906,38.040000915527344,38.060001373291016,ETF,EWI"
"2024-10-03 13:30:00,37.349998474121094,37.619998931884766,37.5099983215332,37.47999954223633,ETF,EWI"
"2024-10-04 13:30:00,37.54999923706055,37.83000183105469,37.58000183105469,37.81999969482422,ETF,EWI"
"2024-10-07 13:30:00,37.709999084472656,37.970001220703125,37.93000030517578,37.84000015258789,ETF,EWI"
"2024-10-08 13:30:00,37.779998779296875,37.95000076293945,37.95000076293945,37.939998626708984,ETF,EWI"
"2024-10-09 13:30:00,37.7400016784668,38.0099983215332,37.7400016784668,37.93000030517578,ETF,EWI"
"2024-10-10 13:30:00,37.849998474121094,38.04999923706055,38.04999923706055,38.029998779296875,ETF,EWI"
"2024-10-11 13:30:00,38.060001373291016,38.33000183105469,38.060001373291016,38.33000183105469,ETF,EWI"
"2024-10-14 13:30:00,38.439998626708984,38.689998626708984,38.470001220703125,38.68000030517578,ETF,EWI"
"2024-10-15 13:30:00,38.22999954223633,38.630001068115234,38.56999969482422,38.22999954223633,ETF,EWI"
"2024-10-16 13:30:00,38.47999954223633,38.619998931884766,38.47999954223633,38.52000045776367,ETF,EWI"
"2024-10-17 13:30:00,38.77000045776367,38.93000030517578,38.880001068115234,38.880001068115234,ETF,EWI"
"2024-10-18 13:30:00,38.95000076293945,39.20000076293945,39.02000045776367,39.189998626708984,ETF,EWI"
"2024-10-21 13:30:00,38.7400016784668,39.02000045776367,39.0,38.86000061035156,ETF,EWI"
"2024-10-22 13:30:00,38.310001373291016,38.45000076293945,38.34000015258789,38.36000061035156,ETF,EWI"
"2024-10-23 13:30:00,38.099998474121094,38.349998474121094,38.22999954223633,38.290000915527344,ETF,EWI"
"2024-10-24 13:30:00,38.22999954223633,38.529998779296875,38.52000045776367,38.400001525878906,ETF,EWI"
"2024-10-25 13:30:00,38.22999954223633,38.52000045776367,38.4900016784668,38.29999923706055,ETF,EWI"
"2024-10-28 13:30:00,38.41999816894531,38.75,38.5,38.709999084472656,ETF,EWI"
"2024-10-29 13:30:00,38.38999938964844,38.650001525878906,38.56999969482422,38.41999816894531,ETF,EWI"
"2024-10-30 13:30:00,37.97999954223633,38.2599983215332,38.0,38.119998931884766,ETF,EWI"
"2024-10-31 13:30:00,37.65999984741211,38.11000061035156,38.11000061035156,38.02000045776367,ETF,EWI"
"2024-11-01 13:30:00,38.16999816894531,38.43000030517578,38.380001068115234,38.209999084472656,ETF,EWI"
"2024-11-04 14:30:00,38.20000076293945,38.54999923706055,38.439998626708984,38.209999084472656,ETF,EWI"
"2024-11-05 14:30:00,38.099998474121094,38.34000015258789,38.20000076293945,38.279998779296875,ETF,EWI"
"2024-11-06 14:30:00,36.900001525878906,37.2400016784668,37.20000076293945,37.189998626708984,ETF,EWI"
"2024-11-07 14:30:00,37.22999954223633,37.599998474121094,37.470001220703125,37.400001525878906,ETF,EWI"
"2024-11-08 14:30:00,36.869998931884766,37.13999938964844,37.099998474121094,37.029998779296875,ETF,EWI"
"2024-11-11 14:30:00,37.15999984741211,37.29999923706055,37.189998626708984,37.18000030517578,ETF,EWI"
"2024-11-12 14:30:00,36.08000183105469,36.68000030517578,36.650001525878906,36.2599983215332,ETF,EWI"
"2024-11-13 14:30:00,35.97999954223633,36.380001068115234,36.349998474121094,36.22999954223633,ETF,EWI"
"2024-11-14 14:30:00,36.54999923706055,36.88999938964844,36.689998626708984,36.58000183105469,ETF,EWI"
"2024-11-15 14:30:00,36.52000045776367,36.720001220703125,36.689998626708984,36.560001373291016,ETF,EWI"
"2024-11-18 14:30:00,36.34000015258789,36.689998626708984,36.369998931884766,36.65999984741211,ETF,EWI"
"2024-11-19 14:30:00,35.7599983215332,36.34000015258789,35.81999969482422,36.31999969482422,ETF,EWI"
"2024-11-20 14:30:00,35.900001525878906,36.22999954223633,36.13999938964844,36.18000030517578,ETF,EWI"
"2024-11-21 14:30:00,35.810001373291016,36.04999923706055,35.91999816894531,35.959999084472656,ETF,EWI"
"2024-11-22 14:30:00,35.689998626708984,36.04999923706055,35.709999084472656,36.0,ETF,EWI"
"2024-11-25 14:30:00,35.95000076293945,36.25,36.220001220703125,36.029998779296875,ETF,EWI"
"2024-11-26 14:30:00,35.650001525878906,36.04999923706055,36.04999923706055,35.72999954223633,ETF,EWI"
"2024-11-27 14:30:00,35.84000015258789,36.06999969482422,35.869998931884766,35.9900016784668,ETF,EWI"
"2024-11-29 14:30:00,36.029998779296875,36.34000015258789,36.029998779296875,36.34000015258789,ETF,EWI"
"2024-12-02 14:30:00,35.84000015258789,36.27000045776367,36.16999816894531,36.25,ETF,EWI"
"2024-12-03 14:30:00,36.470001220703125,36.70000076293945,36.56999969482422,36.650001525878906,ETF,EWI"
"2024-12-04 14:30:00,36.720001220703125,36.97999954223633,36.90999984741211,36.790000915527344,ETF,EWI"
"2024-12-05 14:30:00,37.439998626708984,37.65999984741211,37.439998626708984,37.619998931884766,ETF,EWI"
"2024-12-06 14:30:00,37.63999938964844,37.900001525878906,37.900001525878906,37.7599983215332,ETF,EWI"
"2024-12-09 14:30:00,37.349998474121094,37.79999923706055,37.790000915527344,37.380001068115234,ETF,EWI"
"2024-12-10 14:30:00,37.310001373291016,37.47999954223633,37.470001220703125,37.380001068115234,ETF,EWI"
"2024-12-11 14:30:00,37.34000015258789,37.58000183105469,37.47999954223633,37.560001373291016,ETF,EWI"
"2024-12-12 14:30:00,37.43000030517578,37.779998779296875,37.560001373291016,37.45000076293945,ETF,EWI"
"2024-12-13 14:30:00,37.54999923706055,37.75,37.75,37.650001525878906,ETF,EWI"
"2024-12-16 14:30:00,37.38999938964844,37.61000061035156,37.47999954223633,37.470001220703125,ETF,EWI"
"2024-12-17 14:30:00,36.459999084472656,36.63999938964844,36.56999969482422,36.5,ETF,EWI"
"2024-12-18 14:30:00,35.59000015258789,36.650001525878906,36.5,35.630001068115234,ETF,EWI"
"2024-12-19 14:30:00,35.439998626708984,35.810001373291016,35.790000915527344,35.52000045776367,ETF,EWI"
"2024-12-20 14:30:00,35.20000076293945,35.81999969482422,35.220001220703125,35.599998474121094,ETF,EWI"
"2024-12-23 14:30:00,35.459999084472656,35.810001373291016,35.58000183105469,35.7599983215332,ETF,EWI"
"2024-12-24 14:30:00,35.689998626708984,36.08000183105469,35.86000061035156,36.08000183105469,ETF,EWI"
"2024-12-26 14:30:00,35.9900016784668,36.290000915527344,36.04999923706055,36.20000076293945,ETF,EWI"
"2024-12-27 14:30:00,35.849998474121094,36.099998474121094,35.939998626708984,36.029998779296875,ETF,EWI"
"2024-12-30 14:30:00,35.83000183105469,36.119998931884766,36.040000915527344,35.97999954223633,ETF,EWI"
"2024-12-31 14:30:00,35.900001525878906,36.209999084472656,36.209999084472656,35.970001220703125,ETF,EWI"
"2025-01-02 14:30:00,35.52000045776367,35.79999923706055,35.779998779296875,35.54999923706055,ETF,EWI"
"2025-01-03 14:30:00,35.4900016784668,35.7400016784668,35.72999954223633,35.66999816894531,ETF,EWI"
"2025-01-06 14:30:00,36.16999816894531,36.59000015258789,36.209999084472656,36.33000183105469,ETF,EWI"
"2025-01-07 14:30:00,36.38999938964844,36.709999084472656,36.689998626708984,36.47999954223633,ETF,EWI"
"2025-01-08 14:30:00,36.34000015258789,36.72999954223633,36.459999084472656,36.68000030517578,ETF,EWI"
"2025-01-10 14:30:00,36.380001068115234,36.84000015258789,36.83000183105469,36.5,ETF,EWI"
"2025-01-13 14:30:00,35.900001525878906,36.220001220703125,35.93000030517578,36.20000076293945,ETF,EWI"
"2025-01-14 14:30:00,36.47999954223633,36.77000045776367,36.560001373291016,36.68000030517578,ETF,EWI"
"2025-01-15 14:30:00,37.060001373291016,37.290000915527344,37.220001220703125,37.25,ETF,EWI"
"2025-01-16 14:30:00,37.290000915527344,37.52000045776367,37.41999816894531,37.439998626708984,ETF,EWI"
"2025-01-17 14:30:00,37.689998626708984,37.970001220703125,37.709999084472656,37.77000045776367,ETF,EWI"
"2025-01-21 14:30:00,37.97999954223633,38.290000915527344,38.06999969482422,38.290000915527344,ETF,EWI"
"2025-01-22 14:30:00,37.869998931884766,38.119998931884766,38.099998474121094,37.869998931884766,ETF,EWI"
"2025-01-23 14:30:00,38.060001373291016,38.41999816894531,38.18000030517578,38.400001525878906,ETF,EWI"
"2025-01-24 14:30:00,38.61000061035156,38.79999923706055,38.63999938964844,38.70000076293945,ETF,EWI"
"2025-01-27 14:30:00,38.689998626708984,38.869998931884766,38.72999954223633,38.86000061035156,ETF,EWI"
"2025-01-28 14:30:00,38.290000915527344,38.72999954223633,38.72999954223633,38.599998474121094,ETF,EWI"
"2025-01-29 14:30:00,38.45000076293945,38.70000076293945,38.470001220703125,38.599998474121094,ETF,EWI"
"2025-01-30 14:30:00,38.65999984741211,39.04999923706055,38.91999816894531,38.83000183105469,ETF,EWI"
"2025-01-31 14:30:00,38.439998626708984,39.02000045776367,38.720001220703125,38.54999923706055,ETF,EWI"
"2025-02-03 14:30:00,37.68000030517578,38.380001068115234,37.86000061035156,38.029998779296875,ETF,EWI"
"2025-02-04 14:30:00,38.5099983215332,38.93000030517578,38.5099983215332,38.869998931884766,ETF,EWI"
"2025-02-05 14:30:00,38.84000015258789,39.040000915527344,38.95000076293945,39.0,ETF,EWI"
"2025-02-06 14:30:00,39.119998931884766,39.31999969482422,39.119998931884766,39.279998779296875,ETF,EWI"
"2025-02-07 14:30:00,38.849998474121094,39.290000915527344,39.25,38.93000030517578,ETF,EWI"
"2025-02-10 14:30:00,38.91999816894531,39.209999084472656,39.0099983215332,39.20000076293945,ETF,EWI"
"2025-02-11 14:30:00,39.290000915527344,39.79999923706055,39.33000183105469,39.77000045776367,ETF,EWI"
"2025-02-12 14:30:00,39.56999969482422,40.060001373291016,39.66999816894531,39.95000076293945,ETF,EWI"
"2025-02-13 14:30:00,39.849998474121094,40.27000045776367,39.95000076293945,40.220001220703125,ETF,EWI"
"2025-02-14 14:30:00,40.47999954223633,40.72999954223633,40.630001068115234,40.59000015258789,ETF,EWI"
"2025-02-18 14:30:00,40.91999816894531,41.130001068115234,41.0099983215332,41.09000015258789,ETF,EWI"
"2025-02-19 14:30:00,40.459999084472656,40.79999923706055,40.77000045776367,40.56999969482422,ETF,EWI"
"2025-02-20 14:30:00,40.529998779296875,40.83000183105469,40.72999954223633,40.83000183105469,ETF,EWI"
"2025-02-21 14:30:00,40.47999954223633,40.83000183105469,40.83000183105469,40.599998474121094,ETF,EWI"
"2025-02-24 14:30:00,40.63999938964844,40.959999084472656,40.880001068115234,40.790000915527344,ETF,EWI"
"2025-02-25 14:30:00,41.150001525878906,41.560001373291016,41.439998626708984,41.470001220703125,ETF,EWI"
"2025-02-26 14:30:00,41.2400016784668,41.900001525878906,41.68000030517578,41.27000045776367,ETF,EWI"
"2025-02-27 14:30:00,40.56999969482422,40.93000030517578,40.869998931884766,40.61000061035156,ETF,EWI"
"2025-02-28 14:30:00,40.41999816894531,41.02000045776367,40.880001068115234,40.79999923706055,ETF,EWI"
"2025-03-03 14:30:00,41.150001525878906,41.959999084472656,41.79999923706055,41.310001373291016,ETF,EWI"
"2025-03-04 14:30:00,40.33000183105469,41.689998626708984,40.81999969482422,41.279998779296875,ETF,EWI"
"2025-03-05 14:30:00,42.099998474121094,42.77000045776367,42.099998474121094,42.689998626708984,ETF,EWI"
"2025-03-06 14:30:00,42.130001068115234,42.790000915527344,42.400001525878906,42.27000045776367,ETF,EWI"
"2025-03-07 14:30:00,42.439998626708984,42.90999984741211,42.439998626708984,42.849998474121094,ETF,EWI"
"2025-03-10 13:30:00,41.81999969482422,42.540000915527344,42.349998474121094,42.150001525878906,ETF,EWI"
"2025-03-11 13:30:00,41.75,42.470001220703125,42.31999969482422,42.27000045776367,ETF,EWI"
"2025-03-12 13:30:00,42.220001220703125,42.630001068115234,42.47999954223633,42.5,ETF,EWI"
"2025-03-13 13:30:00,41.900001525878906,42.20000076293945,42.130001068115234,41.939998626708984,ETF,EWI"
"2025-03-14 13:30:00,42.54999923706055,43.060001373291016,42.65999984741211,43.029998779296875,ETF,EWI"
"2025-03-17 13:30:00,43.119998931884766,43.599998474121094,43.119998931884766,43.529998779296875,ETF,EWI"
"2025-03-18 13:30:00,43.63999938964844,43.9900016784668,43.790000915527344,43.91999816894531,ETF,EWI"
"2025-03-19 13:30:00,43.689998626708984,44.15999984741211,43.7400016784668,43.9900016784668,ETF,EWI"
"2025-03-20 13:30:00,42.939998626708984,43.31999969482422,42.9900016784668,43.2599983215332,ETF,EWI"
"2025-03-21 13:30:00,42.81999969482422,43.06999969482422,42.900001525878906,42.95000076293945,ETF,EWI"
"2025-03-24 13:30:00,42.790000915527344,43.06999969482422,42.90999984741211,42.97999954223633,ETF,EWI"
"2025-03-25 13:30:00,43.20000076293945,43.45000076293945,43.36000061035156,43.41999816894531,ETF,EWI"
"2025-03-26 13:30:00,42.5099983215332,43.20000076293945,42.9900016784668,42.61000061035156,ETF,EWI"
"2025-03-27 13:30:00,42.689998626708984,43.119998931884766,42.720001220703125,43.06999969482422,ETF,EWI"
"2025-03-28 13:30:00,42.66999816894531,43.02000045776367,42.97999954223633,42.79999923706055,ETF,EWI"
"2025-03-31 13:30:00,41.939998626708984,42.380001068115234,42.099998474121094,42.31999969482422,ETF,EWI"
"2025-04-01 13:30:00,42.22999954223633,42.65999984741211,42.5099983215332,42.459999084472656,ETF,EWI"
"2025-04-02 13:30:00,42.150001525878906,42.75,42.16999816894531,42.65999984741211,ETF,EWI"
"2025-04-03 13:30:00,41.7400016784668,42.52000045776367,42.470001220703125,41.77000045776367,ETF,EWI"
"2025-04-04 13:30:00,38.45000076293945,39.72999954223633,39.61000061035156,38.4900016784668,ETF,EWI"
"2025-04-07 13:30:00,36.59000015258789,38.41999816894531,36.84000015258789,37.060001373291016,ETF,EWI"
"2025-04-08 13:30:00,36.20000076293945,38.18000030517578,38.130001068115234,36.599998474121094,ETF,EWI"
"2025-04-09 13:30:00,36.970001220703125,40.5099983215332,37.13999938964844,40.220001220703125,ETF,EWI"
"2025-04-10 13:30:00,38.709999084472656,39.84000015258789,39.619998931884766,39.65999984741211,ETF,EWI"
"2025-04-11 13:30:00,39.540000915527344,40.599998474121094,39.66999816894531,40.529998779296875,ETF,EWI"
"2025-04-14 13:30:00,40.47999954223633,41.06999969482422,40.66999816894531,40.91999816894531,ETF,EWI"
"2025-04-15 13:30:00,41.41999816894531,41.720001220703125,41.599998474121094,41.540000915527344,ETF,EWI"
"2025-04-16 13:30:00,41.599998474121094,42.18000030517578,41.68000030517578,41.7599983215332,ETF,EWI"
"2025-04-17 13:30:00,41.880001068115234,42.38999938964844,42.0,42.130001068115234,ETF,EWI"
"2025-04-21 13:30:00,41.58000183105469,42.38999938964844,42.34000015258789,41.939998626708984,ETF,EWI"
"2025-04-22 13:30:00,42.470001220703125,42.95000076293945,42.5,42.810001373291016,ETF,EWI"
"2025-04-23 13:30:00,42.59000015258789,43.02000045776367,42.7400016784668,42.689998626708984,ETF,EWI"
"2025-04-24 13:30:00,43.150001525878906,43.5099983215332,43.349998474121094,43.47999954223633,ETF,EWI"
"2025-04-25 13:30:00,43.63999938964844,44.06999969482422,43.72999954223633,44.040000915527344,ETF,EWI"
"2025-04-28 13:30:00,43.939998626708984,44.25,43.97999954223633,44.22999954223633,ETF,EWI"
"2025-04-29 13:30:00,44.400001525878906,44.68000030517578,44.41999816894531,44.66999816894531,ETF,EWI"
"2025-04-30 13:30:00,43.720001220703125,44.36000061035156,43.9900016784668,44.209999084472656,ETF,EWI"
"2025-05-01 13:30:00,44.220001220703125,44.619998931884766,44.4900016784668,44.2599983215332,ETF,EWI"
"2025-05-02 13:30:00,44.75,45.06999969482422,44.86000061035156,44.9900016784668,ETF,EWI"
"2025-05-05 13:30:00,45.04999923706055,45.18000030517578,45.18000030517578,45.06999969482422,ETF,EWI"
"2025-05-06 13:30:00,45.11000061035156,45.38999938964844,45.13999938964844,45.220001220703125,ETF,EWI"
"2025-05-07 13:30:00,44.869998931884766,45.20000076293945,45.060001373291016,44.9900016784668,ETF,EWI"
"2025-05-08 13:30:00,45.290000915527344,45.5,45.33000183105469,45.36000061035156,ETF,EWI"
"2025-05-09 13:30:00,45.630001068115234,45.869998931884766,45.810001373291016,45.810001373291016,ETF,EWI"
"2025-05-12 13:30:00,45.310001373291016,45.709999084472656,45.709999084472656,45.65999984741211,ETF,EWI"
"2025-05-13 13:30:00,45.7400016784668,46.08000183105469,45.84000015258789,46.0,ETF,EWI"
"2025-05-14 13:30:00,46.209999084472656,46.40999984741211,46.349998474121094,46.2599983215332,ETF,EWI"
"2025-05-15 13:30:00,46.2599983215332,46.54999923706055,46.400001525878906,46.529998779296875,ETF,EWI"
"2025-05-16 13:30:00,46.5,46.849998474121094,46.65999984741211,46.849998474121094,ETF,EWI"
"2025-05-19 13:30:00,46.970001220703125,47.33000183105469,46.970001220703125,47.29999923706055,ETF,EWI"
"2025-05-20 13:30:00,47.47999954223633,47.84000015258789,47.540000915527344,47.84000015258789,ETF,EWI"
"2025-05-21 13:30:00,47.619998931884766,48.16999816894531,47.970001220703125,47.650001525878906,ETF,EWI"
"2025-05-22 13:30:00,47.31999969482422,47.70000076293945,47.439998626708984,47.540000915527344,ETF,EWI"
"2025-05-23 13:30:00,46.61000061035156,47.119998931884766,46.619998931884766,46.959999084472656,ETF,EWI"
"2025-05-27 13:30:00,47.540000915527344,47.77000045776367,47.65999984741211,47.65999984741211,ETF,EWI"
"2025-05-28 13:30:00,47.47999954223633,47.720001220703125,47.709999084472656,47.54999923706055,ETF,EWI"
"2025-05-29 13:30:00,47.43000030517578,47.70000076293945,47.70000076293945,47.58000183105469,ETF,EWI"
"2025-05-30 13:30:00,47.43000030517578,47.83000183105469,47.77000045776367,47.77000045776367,ETF,EWI"
"2025-06-02 13:30:00,47.56999969482422,48.31999969482422,47.79999923706055,48.31999969482422,ETF,EWI"
"2025-06-03 13:30:00,47.58000183105469,47.90999984741211,47.630001068115234,47.869998931884766,ETF,EWI"
"2025-06-04 13:30:00,47.56999969482422,47.970001220703125,47.65999984741211,47.7400016784668,ETF,EWI"
"2025-06-05 13:30:00,47.900001525878906,48.290000915527344,48.060001373291016,47.97999954223633,ETF,EWI"
"2025-06-06 13:30:00,48.11000061035156,48.369998931884766,48.11000061035156,48.29999923706055,ETF,EWI"
"2025-06-09 13:30:00,48.08000183105469,48.31999969482422,48.119998931884766,48.18000030517578,ETF,EWI"
"2025-06-10 13:30:00,47.810001373291016,48.2599983215332,48.209999084472656,47.93000030517578,ETF,EWI"
"2025-06-11 13:30:00,47.869998931884766,48.16999816894531,48.029998779296875,47.93000030517578,ETF,EWI"
"2025-06-12 13:30:00,48.15999984741211,48.41999816894531,48.2400016784668,48.25,ETF,EWI"
"2025-06-13 13:30:00,47.290000915527344,47.689998626708984,47.29999923706055,47.43000030517578,ETF,EWI"
"2025-06-16 13:30:00,47.18000030517578,47.529998779296875,47.349998474121094,47.209999084472656,ETF,EWI"
"2025-06-17 13:30:00,46.2400016784668,46.869998931884766,46.810001373291016,46.2599983215332,ETF,EWI"
"2025-06-18 13:30:00,46.34000015258789,46.75,46.40999984741211,46.459999084472656,ETF,EWI"
"2025-06-20 13:30:00,46.34000015258789,46.599998474121094,46.599998474121094,46.36000061035156,ETF,EWI"
"2025-06-23 13:30:00,45.790000915527344,46.470001220703125,45.790000915527344,46.45000076293945,ETF,EWI"
"2025-06-24 13:30:00,46.95000076293945,47.310001373291016,46.97999954223633,47.20000076293945,ETF,EWI"
"2025-06-25 13:30:00,46.86000061035156,47.18000030517578,46.97999954223633,47.16999816894531,ETF,EWI"
"2025-06-26 13:30:00,47.13999938964844,47.52000045776367,47.189998626708984,47.5,ETF,EWI"
"2025-06-27 13:30:00,47.56999969482422,48.029998779296875,47.59000015258789,47.86000061035156,ETF,EWI"
"2025-06-30 13:30:00,47.790000915527344,48.18000030517578,47.880001068115234,48.13999938964844,ETF,EWI"
"2025-07-01 13:30:00,47.84000015258789,48.08000183105469,47.95000076293945,48.04999923706055,ETF,EWI"
"2025-07-02 13:30:00,47.75,48.290000915527344,47.93000030517578,48.290000915527344,ETF,EWI"
"2025-07-03 13:30:00,48.0,48.25,48.04999923706055,48.209999084472656,ETF,EWI"
"2025-07-07 13:30:00,47.72999954223633,48.09000015258789,47.900001525878906,47.869998931884766,ETF,EWI"
"2025-07-08 13:30:00,48.04999923706055,48.439998626708984,48.08000183105469,48.34000015258789,ETF,EWI"
"2025-07-09 13:30:00,48.81999969482422,49.20000076293945,48.95000076293945,49.16999816894531,ETF,EWI"
"2025-07-10 13:30:00,48.439998626708984,48.709999084472656,48.709999084472656,48.529998779296875,ETF,EWI"
"2025-07-11 13:30:00,47.810001373291016,48.09000015258789,47.91999816894531,47.9900016784668,ETF,EWI"
"2025-07-14 13:30:00,47.88999938964844,48.209999084472656,47.939998626708984,48.15999984741211,ETF,EWI"
"2025-07-15 13:30:00,47.31999969482422,47.939998626708984,47.939998626708984,47.31999969482422,ETF,EWI"
"2025-07-16 13:30:00,47.349998474121094,47.790000915527344,47.41999816894531,47.7599983215332,ETF,EWI"
"2025-07-17 13:30:00,47.43000030517578,47.779998779296875,47.45000076293945,47.75,ETF,EWI"
"2025-07-18 13:30:00,47.7599983215332,48.18000030517578,48.18000030517578,47.790000915527344,ETF,EWI"
"2025-07-21 13:30:00,47.720001220703125,48.27000045776367,47.79999923706055,48.029998779296875,ETF,EWI"
"2025-07-22 13:30:00,48.0,48.59000015258789,48.2400016784668,48.54999923706055,ETF,EWI"
"2025-07-23 13:30:00,48.849998474121094,49.880001068115234,48.880001068115234,49.84000015258789,ETF,EWI"
"2025-07-24 13:30:00,49.119998931884766,49.400001525878906,49.16999816894531,49.119998931884766,ETF,EWI"
"2025-07-25 13:30:00,49.13999938964844,49.599998474121094,49.16999816894531,49.560001373291016,ETF,EWI"
"2025-07-28 13:30:00,48.61000061035156,49.16999816894531,49.16999816894531,48.779998779296875,ETF,EWI"
"2025-07-29 13:30:00,48.939998626708984,49.220001220703125,49.130001068115234,49.060001373291016,ETF,EWI"
"2025-07-30 13:30:00,48.880001068115234,49.41999816894531,49.15999984741211,49.130001068115234,ETF,EWI"
"2025-07-31 13:30:00,48.099998474121094,48.5099983215332,48.470001220703125,48.25,ETF,EWI"
"2025-08-01 13:30:00,47.52000045776367,47.95000076293945,47.86000061035156,47.83000183105469,ETF,EWI"
"2025-08-04 13:30:00,48.54999923706055,48.77000045776367,48.7400016784668,48.56999969482422,ETF,EWI"
"2025-08-05 13:30:00,48.459999084472656,48.900001525878906,48.66999816894531,48.7400016784668,ETF,EWI"
"2025-08-06 13:30:00,49.16999816894531,49.560001373291016,49.16999816894531,49.52000045776367,ETF,EWI"
"2025-08-07 13:30:00,49.560001373291016,49.95000076293945,49.779998779296875,49.95000076293945,ETF,EWI"
"2025-08-08 13:30:00,50.099998474121094,50.470001220703125,50.220001220703125,50.15999984741211,ETF,EWI"
"2025-08-11 13:30:00,49.790000915527344,50.02000045776367,49.95000076293945,49.9900016784668,ETF,EWI"
"2025-08-12 13:30:00,50.22999954223633,50.65999984741211,50.25,50.63999938964844,ETF,EWI"
"2025-08-13 13:30:00,50.95000076293945,51.119998931884766,51.04999923706055,51.099998474121094,ETF,EWI"
"2025-08-14 13:30:00,51.119998931884766,51.58000183105469,51.119998931884766,51.560001373291016,ETF,EWI"
"2025-08-15 13:30:00,51.77000045776367,51.91999816894531,51.81999969482422,51.790000915527344,ETF,EWI"
"2025-08-18 13:30:00,51.31999969482422,51.54999923706055,51.47999954223633,51.540000915527344,ETF,EWI"
"2025-08-19 13:30:00,51.529998779296875,51.88999938964844,51.88999938964844,51.619998931884766,ETF,EWI"
"2025-08-20 13:30:00,51.560001373291016,51.84000015258789,51.70000076293945,51.689998626708984,ETF,EWI"
"2025-08-21 13:30:00,51.40999984741211,51.630001068115234,51.599998474121094,51.529998779296875,ETF,EWI"
"2025-08-22 13:30:00,51.90999984741211,52.560001373291016,51.91999816894531,52.34000015258789,ETF,EWI"
"2025-08-25 13:30:00,51.720001220703125,52.369998931884766,52.31999969482422,51.7599983215332,ETF,EWI"
"2025-08-26 13:30:00,51.290000915527344,51.560001373291016,51.41999816894531,51.41999816894531,ETF,EWI"
"2025-08-27 13:30:00,50.599998474121094,50.939998626708984,50.84000015258789,50.90999984741211,ETF,EWI"
"2025-08-28 13:30:00,50.970001220703125,51.279998779296875,51.08000183105469,51.189998626708984,ETF,EWI"
"2025-08-29 13:30:00,50.88999938964844,51.099998474121094,50.95000076293945,51.04999923706055,ETF,EWI"
"2025-09-02 13:30:00,50.15999984741211,50.630001068115234,50.20000076293945,50.400001525878906,ETF,EWI"
"2025-09-03 13:30:00,50.18000030517578,50.47999954223633,50.220001220703125,50.380001068115234,ETF,EWI"
"2025-09-04 13:30:00,50.459999084472656,50.68000030517578,50.560001373291016,50.650001525878906,ETF,EWI"
"2025-09-05 13:30:00,50.27000045776367,50.81999969482422,50.72999954223633,50.459999084472656,ETF,EWI"
"2025-09-08 13:30:00,50.47999954223633,50.68000030517578,50.54999923706055,50.63999938964844,ETF,EWI"
"2025-09-09 13:30:00,50.65999984741211,50.91999816894531,50.720001220703125,50.86000061035156,ETF,EWI"
"2025-09-10 13:30:00,50.79999923706055,50.970001220703125,50.880001068115234,50.93000030517578,ETF,EWI"
"2025-09-11 13:30:00,51.279998779296875,51.65999984741211,51.279998779296875,51.599998474121094,ETF,EWI"
"2025-09-12 13:30:00,51.45000076293945,51.779998779296875,51.45000076293945,51.720001220703125,ETF,EWI"
"2025-09-15 13:30:00,52.18000030517578,52.38999938964844,52.29999923706055,52.38999938964844,ETF,EWI"
"2025-09-16 13:30:00,51.97999954223633,52.310001373291016,52.310001373291016,52.150001525878906,ETF,EWI"
"2025-09-17 13:30:00,51.15999984741211,51.81999969482422,51.41999816894531,51.33000183105469,ETF,EWI"
"2025-09-18 13:30:00,51.08000183105469,51.52000045776367,51.18000030517578,51.439998626708984,ETF,EWI"
"2025-09-19 13:30:00,51.25,51.5099983215332,51.380001068115234,51.369998931884766,ETF,EWI"
"2025-09-22 13:30:00,51.36000061035156,51.790000915527344,51.41999816894531,51.7400016784668,ETF,EWI"
"2025-09-23 13:30:00,51.40999984741211,51.86000061035156,51.75,51.5099983215332,ETF,EWI"
"2025-09-24 13:30:00,51.18000030517578,51.43000030517578,51.2599983215332,51.290000915527344,ETF,EWI"
"2025-09-25 13:30:00,50.709999084472656,50.97999954223633,50.93000030517578,50.939998626708984,ETF,EWI"
"2025-09-26 13:30:00,51.349998474121094,51.560001373291016,51.349998474121094,51.540000915527344,ETF,EWI"
"2025-09-29 13:30:00,51.40999984741211,51.61000061035156,51.59000015258789,51.5,ETF,EWI"
"2025-09-30 13:30:00,51.56999969482422,52.0099983215332,51.56999969482422,51.95000076293945,ETF,EWI"
"2025-10-01 13:30:00,52.11000061035156,52.54999923706055,52.11000061035156,52.40999984741211,ETF,EWI"
"2025-10-02 13:30:00,52.11000061035156,52.529998779296875,52.470001220703125,52.33000183105469,ETF,EWI"
"2025-10-03 13:30:00,52.41999816894531,52.68000030517578,52.630001068115234,52.61000061035156,ETF,EWI"
"2025-10-06 13:30:00,52.2400016784668,52.470001220703125,52.40999984741211,52.2599983215332,ETF,EWI"
"2025-10-07 13:30:00,51.90999984741211,52.25,52.25,51.939998626708984,ETF,EWI"
"2025-10-08 13:30:00,52.150001525878906,52.439998626708984,52.38999938964844,52.290000915527344,ETF,EWI"
"2025-10-09 13:30:00,51.02000045776367,51.7599983215332,51.7599983215332,51.130001068115234,ETF,EWI"
"2025-10-10 13:30:00,50.29999923706055,51.130001068115234,51.130001068115234,50.310001373291016,ETF,EWI"
"2024-09-09 13:30:00,23.809999465942383,23.940000534057617,23.90999984741211,23.940000534057617,ETF,SGOL"
"2024-09-10 13:30:00,23.889999389648438,24.049999237060547,24.010000228881836,24.049999237060547,ETF,SGOL"
"2024-09-11 13:30:00,23.889999389648438,24.06999969482422,23.940000534057617,24.010000228881836,ETF,SGOL"
"2024-09-12 13:30:00,24.229999542236328,24.440000534057617,24.239999771118164,24.43000030517578,ETF,SGOL"
"2024-09-13 13:30:00,24.579999923706055,24.700000762939453,24.6200008392334,24.65999984741211,ETF,SGOL"
"2024-09-16 13:30:00,24.600000381469727,24.729999542236328,24.68000030517578,24.65999984741211,ETF,SGOL"
"2024-09-17 13:30:00,24.450000762939453,24.65999984741211,24.610000610351562,24.530000686645508,ETF,SGOL"
"2024-09-18 13:30:00,24.329999923706055,24.84000015258789,24.610000610351562,24.350000381469727,ETF,SGOL"
"2024-09-19 13:30:00,24.540000915527344,24.760000228881836,24.6200008392334,24.709999084472656,ETF,SGOL"
"2024-09-20 13:30:00,24.860000610351562,25.079999923706055,24.93000030517578,25.030000686645508,ETF,SGOL"
"2024-09-23 13:30:00,25.06999969482422,25.170000076293945,25.1200008392334,25.09000015258789,ETF,SGOL"
"2024-09-24 13:30:00,25.139999389648438,25.450000762939453,25.15999984741211,25.43000030517578,ETF,SGOL"
"2024-09-25 13:30:00,25.309999465942383,25.479999542236328,25.450000762939453,25.40999984741211,ETF,SGOL"
"2024-09-26 13:30:00,25.350000381469727,25.56999969482422,25.479999542236328,25.520000457763672,ETF,SGOL"
"2024-09-27 13:30:00,25.25,25.510000228881836,25.450000762939453,25.329999923706055,ETF,SGOL"
"2024-09-30 13:30:00,25.06999969482422,25.229999542236328,25.219999313354492,25.1299991607666,ETF,SGOL"
"2024-10-01 13:30:00,25.329999923706055,25.530000686645508,25.34000015258789,25.3799991607666,ETF,SGOL"
"2024-10-02 13:30:00,25.219999313354492,25.440000534057617,25.389999389648438,25.389999389648438,ETF,SGOL"
"2024-10-03 13:30:00,25.190000534057617,25.420000076293945,25.290000915527344,25.3799991607666,ETF,SGOL"
"2024-10-04 13:30:00,25.229999542236328,25.489999771118164,25.329999923706055,25.329999923706055,ETF,SGOL"
"2024-10-07 13:30:00,25.200000762939453,25.309999465942383,25.280000686645508,25.239999771118164,ETF,SGOL"
"2024-10-08 13:30:00,24.8799991607666,25.219999313354492,25.209999084472656,25.040000915527344,ETF,SGOL"
"2024-10-09 13:30:00,24.8799991607666,25.0,24.93000030517578,24.920000076293945,ETF,SGOL"
"2024-10-10 13:30:00,24.969999313354492,25.1200008392334,24.989999771118164,25.09000015258789,ETF,SGOL"
"2024-10-11 13:30:00,25.270000457763672,25.420000076293945,25.270000457763672,25.360000610351562,ETF,SGOL"
"2024-10-14 13:30:00,25.25,25.40999984741211,25.350000381469727,25.329999923706055,ETF,SGOL"
"2024-10-15 13:30:00,25.280000686645508,25.489999771118164,25.329999923706055,25.420000076293945,ETF,SGOL"
"2024-10-16 13:30:00,25.459999084472656,25.649999618530273,25.600000381469727,25.549999237060547,ETF,SGOL"
"2024-10-17 13:30:00,25.600000381469727,25.75,25.6200008392334,25.700000762939453,ETF,SGOL"
"2024-10-18 13:30:00,25.84000015258789,25.989999771118164,25.850000381469727,25.959999084472656,ETF,SGOL"
"2024-10-21 13:30:00,25.920000076293945,26.170000076293945,26.1299991607666,25.979999542236328,ETF,SGOL"
"2024-10-22 13:30:00,26.100000381469727,26.25,26.170000076293945,26.25,ETF,SGOL"
"2024-10-23 13:30:00,25.8700008392334,26.170000076293945,26.170000076293945,25.93000030517578,ETF,SGOL"
"2024-10-24 13:30:00,25.989999771118164,26.190000534057617,26.18000030517578,26.1200008392334,ETF,SGOL"
"2024-10-25 13:30:00,26.030000686645508,26.209999084472656,26.059999465942383,26.190000534057617,ETF,SGOL"
"2024-10-28 13:30:00,26.149999618530273,26.219999313354492,26.149999618530273,26.18000030517578,ETF,SGOL"
"2024-10-29 13:30:00,26.290000915527344,26.5,26.309999465942383,26.479999542236328,ETF,SGOL"
"2024-10-30 13:30:00,26.459999084472656,26.649999618530273,26.540000915527344,26.6200008392334,ETF,SGOL"
"2024-10-31 13:30:00,26.079999923706055,26.420000076293945,26.420000076293945,26.209999084472656,ETF,SGOL"
"2024-11-01 13:30:00,26.100000381469727,26.350000381469727,26.299999237060547,26.110000610351562,ETF,SGOL"
"2024-11-04 14:30:00,26.09000015258789,26.219999313354492,26.190000534057617,26.1299991607666,ETF,SGOL"
"2024-11-05 14:30:00,26.100000381469727,26.260000228881836,26.239999771118164,26.190000534057617,ETF,SGOL"
"2024-11-06 14:30:00,25.31999969482422,25.579999923706055,25.389999389648438,25.40999984741211,ETF,SGOL"
"2024-11-07 14:30:00,25.649999618530273,25.8700008392334,25.670000076293945,25.81999969482422,ETF,SGOL"
"2024-11-08 14:30:00,25.6200008392334,25.780000686645508,25.75,25.639999389648438,ETF,SGOL"
"2024-11-11 14:30:00,24.920000076293945,25.09000015258789,25.09000015258789,25.040000915527344,ETF,SGOL"
"2024-11-12 14:30:00,24.75,24.979999542236328,24.940000534057617,24.829999923706055,ETF,SGOL"
"2024-11-13 14:30:00,24.56999969482422,24.969999313354492,24.959999084472656,24.579999923706055,ETF,SGOL"
"2024-11-14 14:30:00,24.40999984741211,24.600000381469727,24.469999313354492,24.510000228881836,ETF,SGOL"
"2024-11-15 14:30:00,24.440000534057617,24.600000381469727,24.559999465942383,24.459999084472656,ETF,SGOL"
"2024-11-18 14:30:00,24.860000610351562,24.969999313354492,24.860000610351562,24.93000030517578,ETF,SGOL"
"2024-11-19 14:30:00,25.020000457763672,25.15999984741211,25.100000381469727,25.139999389648438,ETF,SGOL"
"2024-11-20 14:30:00,25.18000030517578,25.350000381469727,25.190000534057617,25.290000915527344,ETF,SGOL"
"2024-11-21 14:30:00,25.399999618530273,25.520000457763672,25.459999084472656,25.510000228881836,ETF,SGOL"
"2024-11-22 14:30:00,25.6299991607666,25.889999389648438,25.65999984741211,25.84000015258789,ETF,SGOL"
"2024-11-25 14:30:00,24.969999313354492,25.270000457763672,25.260000228881836,25.06999969482422,ETF,SGOL"
"2024-11-26 14:30:00,24.979999542236328,25.139999389648438,25.09000015258789,25.1299991607666,ETF,SGOL"
"2024-11-27 14:30:00,25.139999389648438,25.350000381469727,25.31999969482422,25.170000076293945,ETF,SGOL"
"2024-11-29 14:30:00,25.309999465942383,25.420000076293945,25.350000381469727,25.399999618530273,ETF,SGOL"
"2024-12-02 14:30:00,25.139999389648438,25.290000915527344,25.280000686645508,25.170000076293945,ETF,SGOL"
"2024-12-03 14:30:00,25.170000076293945,25.34000015258789,25.31999969482422,25.229999542236328,ETF,SGOL"
"2024-12-04 14:30:00,25.270000457763672,25.3700008392334,25.329999923706055,25.309999465942383,ETF,SGOL"
"2024-12-05 14:30:00,25.040000915527344,25.270000457763672,25.260000228881836,25.1200008392334,ETF,SGOL"
"2024-12-06 14:30:00,25.06999969482422,25.219999313354492,25.110000610351562,25.1299991607666,ETF,SGOL"
"2024-12-09 14:30:00,25.360000610351562,25.549999237060547,25.459999084472656,25.3700008392334,ETF,SGOL"
"2024-12-10 14:30:00,25.6200008392334,25.729999542236328,25.6200008392334,25.690000534057617,ETF,SGOL"
"2024-12-11 14:30:00,25.739999771118164,25.979999542236328,25.780000686645508,25.940000534057617,ETF,SGOL"
"2024-12-12 14:30:00,25.530000686645508,25.670000076293945,25.6299991607666,25.579999923706055,ETF,SGOL"
"2024-12-13 14:30:00,25.260000228881836,25.440000534057617,25.440000534057617,25.280000686645508,ETF,SGOL"
"2024-12-16 14:30:00,25.290000915527344,25.389999389648438,25.3700008392334,25.31999969482422,ETF,SGOL"
"2024-12-17 14:30:00,25.15999984741211,25.290000915527344,25.209999084472656,25.239999771118164,ETF,SGOL"
"2024-12-18 14:30:00,24.700000762939453,25.200000762939453,25.18000030517578,24.75,ETF,SGOL"
"2024-12-19 14:30:00,24.690000534057617,24.829999923706055,24.790000915527344,24.780000686645508,ETF,SGOL"
"2024-12-20 14:30:00,24.950000762939453,25.1200008392334,24.969999313354492,25.049999237060547,ETF,SGOL"
"2024-12-23 14:30:00,24.889999389648438,24.989999771118164,24.989999771118164,24.90999984741211,ETF,SGOL"
"2024-12-24 14:30:00,24.899999618530273,24.989999771118164,24.969999313354492,24.959999084472656,ETF,SGOL"
"2024-12-26 14:30:00,25.049999237060547,25.190000534057617,25.06999969482422,25.149999618530273,ETF,SGOL"
"2024-12-27 14:30:00,24.93000030517578,25.020000457763672,24.940000534057617,24.959999084472656,ETF,SGOL"
"2024-12-30 14:30:00,24.780000686645508,24.940000534057617,24.940000534057617,24.889999389648438,ETF,SGOL"
"2024-12-31 14:30:00,24.93000030517578,25.079999923706055,24.93000030517578,25.049999237060547,ETF,SGOL"
"2025-01-02 14:30:00,25.25,25.389999389648438,25.260000228881836,25.389999389648438,ETF,SGOL"
"2025-01-03 14:30:00,25.170000076293945,25.309999465942383,25.280000686645508,25.18000030517578,ETF,SGOL"
"2025-01-06 14:30:00,25.030000686645508,25.219999313354492,25.06999969482422,25.139999389648438,ETF,SGOL"
"2025-01-07 14:30:00,25.219999313354492,25.420000076293945,25.399999618530273,25.299999237060547,ETF,SGOL"
"2025-01-08 14:30:00,25.290000915527344,25.489999771118164,25.420000076293945,25.420000076293945,ETF,SGOL"
"2025-01-10 14:30:00,25.610000610351562,25.760000228881836,25.65999984741211,25.68000030517578,ETF,SGOL"
"2025-01-13 14:30:00,25.360000610351562,25.520000457763672,25.479999542236328,25.399999618530273,ETF,SGOL"
"2025-01-14 14:30:00,25.389999389648438,25.549999237060547,25.40999984741211,25.540000915527344,ETF,SGOL"
"2025-01-15 14:30:00,25.549999237060547,25.739999771118164,25.690000534057617,25.729999542236328,ETF,SGOL"
"2025-01-16 14:30:00,25.8700008392334,26.0,25.920000076293945,25.920000076293945,ETF,SGOL"
"2025-01-17 14:30:00,25.770000457763672,25.940000534057617,25.84000015258789,25.770000457763672,ETF,SGOL"
"2025-01-21 14:30:00,26.049999237060547,26.209999084472656,26.059999465942383,26.170000076293945,ETF,SGOL"
"2025-01-22 14:30:00,26.25,26.34000015258789,26.299999237060547,26.309999465942383,ETF,SGOL"
"2025-01-23 14:30:00,26.149999618530273,26.31999969482422,26.190000534057617,26.280000686645508,ETF,SGOL"
"2025-01-24 14:30:00,26.440000534057617,26.59000015258789,26.469999313354492,26.450000762939453,ETF,SGOL"
"2025-01-27 14:30:00,26.059999465942383,26.290000915527344,26.270000457763672,26.170000076293945,ETF,SGOL"
"2025-01-28 14:30:00,26.25,26.399999618530273,26.280000686645508,26.389999389648438,ETF,SGOL"
"2025-01-29 14:30:00,26.200000762939453,26.350000381469727,26.329999923706055,26.299999237060547,ETF,SGOL"
"2025-01-30 14:30:00,26.520000457763672,26.719999313354492,26.59000015258789,26.700000762939453,ETF,SGOL"
"2025-01-31 14:30:00,26.670000076293945,26.8799991607666,26.809999465942383,26.739999771118164,ETF,SGOL"
"2025-02-03 14:30:00,26.850000381469727,27.049999237060547,26.8799991607666,26.889999389648438,ETF,SGOL"
"2025-02-04 14:30:00,27.049999237060547,27.15999984741211,27.139999389648438,27.15999984741211,ETF,SGOL"
"2025-02-05 14:30:00,27.299999237060547,27.510000228881836,27.350000381469727,27.31999969482422,ETF,SGOL"
"2025-02-06 14:30:00,27.049999237060547,27.280000686645508,27.280000686645508,27.270000457763672,ETF,SGOL"
"2025-02-07 14:30:00,27.239999771118164,27.559999465942383,27.440000534057617,27.299999237060547,ETF,SGOL"
"2025-02-10 14:30:00,27.639999389648438,27.790000915527344,27.709999084472656,27.75,ETF,SGOL"
"2025-02-11 14:30:00,27.59000015258789,27.760000228881836,27.690000534057617,27.649999618530273,ETF,SGOL"
"2025-02-12 14:30:00,27.549999237060547,27.770000457763672,27.639999389648438,27.690000534057617,ETF,SGOL"
"2025-02-13 14:30:00,27.75,27.959999084472656,27.760000228881836,27.959999084472656,ETF,SGOL"
"2025-02-14 14:30:00,27.450000762939453,27.950000762939453,27.940000534057617,27.540000915527344,ETF,SGOL"
"2025-02-18 14:30:00,27.8799991607666,28.030000686645508,27.8799991607666,27.989999771118164,ETF,SGOL"
"2025-02-19 14:30:00,27.850000381469727,28.06999969482422,28.010000228881836,28.020000457763672,ETF,SGOL"
"2025-02-20 14:30:00,27.950000762939453,28.1200008392334,27.959999084472656,28.020000457763672,ETF,SGOL"
"2025-02-21 14:30:00,27.889999389648438,28.09000015258789,28.020000457763672,28.020000457763672,ETF,SGOL"
"2025-02-24 14:30:00,27.969999313354492,28.170000076293945,28.09000015258789,28.170000076293945,ETF,SGOL"
"2025-02-25 14:30:00,27.56999969482422,28.110000610351562,28.100000381469727,27.799999237060547,ETF,SGOL"
"2025-02-26 14:30:00,27.600000381469727,27.84000015258789,27.6299991607666,27.84000015258789,ETF,SGOL"
"2025-02-27 14:30:00,27.360000610351562,27.59000015258789,27.559999465942383,27.420000076293945,ETF,SGOL"
"2025-02-28 14:30:00,27.030000686645508,27.260000228881836,27.15999984741211,27.260000228881836,ETF,SGOL"
"2025-03-03 14:30:00,27.420000076293945,27.610000610351562,27.440000534057617,27.600000381469727,ETF,SGOL"
"2025-03-04 14:30:00,27.68000030517578,27.8700008392334,27.81999969482422,27.850000381469727,ETF,SGOL"
"2025-03-05 14:30:00,27.719999313354492,27.969999313354492,27.729999542236328,27.899999618530273,ETF,SGOL"
"2025-03-06 14:30:00,27.75,27.8799991607666,27.760000228881836,27.760000228881836,ETF,SGOL"
"2025-03-07 14:30:00,27.700000762939453,27.969999313354492,27.84000015258789,27.760000228881836,ETF,SGOL"
"2025-03-10 13:30:00,27.479999542236328,27.770000457763672,27.700000762939453,27.520000457763672,ETF,SGOL"
"2025-03-11 13:30:00,27.780000686645508,27.899999618530273,27.780000686645508,27.850000381469727,ETF,SGOL"
"2025-03-12 13:30:00,27.770000457763672,28.06999969482422,27.790000915527344,27.979999542236328,ETF,SGOL"
"2025-03-13 13:30:00,28.100000381469727,28.489999771118164,28.110000610351562,28.469999313354492,ETF,SGOL"
"2025-03-14 13:30:00,28.420000076293945,28.59000015258789,28.579999923706055,28.479999542236328,ETF,SGOL"
"2025-03-17 13:30:00,28.5,28.639999389648438,28.5,28.639999389648438,ETF,SGOL"
"2025-03-18 13:30:00,28.8700008392334,29.0,28.979999542236328,28.969999313354492,ETF,SGOL"
"2025-03-19 13:30:00,28.8700008392334,29.1299991607666,28.959999084472656,29.09000015258789,ETF,SGOL"
"2025-03-20 13:30:00,28.90999984741211,29.06999969482422,28.920000076293945,29.049999237060547,ETF,SGOL"
"2025-03-21 13:30:00,28.6200008392334,28.920000076293945,28.920000076293945,28.809999465942383,ETF,SGOL"
"2025-03-24 13:30:00,28.649999618530273,28.8799991607666,28.84000015258789,28.68000030517578,ETF,SGOL"
"2025-03-25 13:30:00,28.799999237060547,28.969999313354492,28.84000015258789,28.809999465942383,ETF,SGOL"
"2025-03-26 13:30:00,28.75,28.8700008392334,28.8700008392334,28.799999237060547,ETF,SGOL"
"2025-03-27 13:30:00,28.940000534057617,29.190000534057617,29.030000686645508,29.18000030517578,ETF,SGOL"
"2025-03-28 13:30:00,29.270000457763672,29.450000762939453,29.3799991607666,29.389999389648438,ETF,SGOL"
"2025-03-31 13:30:00,29.579999923706055,29.84000015258789,29.760000228881836,29.81999969482422,ETF,SGOL"
"2025-04-01 13:30:00,29.579999923706055,29.940000534057617,29.940000534057617,29.75,ETF,SGOL"
"2025-04-02 13:30:00,29.739999771118164,29.90999984741211,29.84000015258789,29.809999465942383,ETF,SGOL"
"2025-04-03 13:30:00,29.229999542236328,29.90999984741211,29.260000228881836,29.639999389648438,ETF,SGOL"
"2025-04-04 13:30:00,28.770000457763672,29.389999389648438,29.3799991607666,28.959999084472656,ETF,SGOL"
"2025-04-07 13:30:00,28.219999313354492,28.979999542236328,28.799999237060547,28.389999389648438,ETF,SGOL"
"2025-04-08 13:30:00,28.3799991607666,28.799999237060547,28.760000228881836,28.489999771118164,ETF,SGOL"
"2025-04-09 13:30:00,29.09000015258789,29.579999923706055,29.209999084472656,29.510000228881836,ETF,SGOL"
"2025-04-10 13:30:00,29.729999542236328,30.309999465942383,29.889999389648438,30.260000228881836,ETF,SGOL"
"2025-04-11 13:30:00,30.719999313354492,30.969999313354492,30.829999923706055,30.81999969482422,ETF,SGOL"
"2025-04-14 13:30:00,30.479999542236328,30.700000762939453,30.59000015258789,30.649999618530273,ETF,SGOL"
"2025-04-15 13:30:00,30.639999389648438,30.84000015258789,30.729999542236328,30.829999923706055,ETF,SGOL"
"2025-04-16 13:30:00,31.440000534057617,31.8799991607666,31.520000457763672,31.81999969482422,ETF,SGOL"
"2025-04-17 13:30:00,31.329999923706055,31.790000915527344,31.709999084472656,31.68000030517578,ETF,SGOL"
"2025-04-21 13:30:00,32.4900016784668,32.7400016784668,32.61000061035156,32.65999984741211,ETF,SGOL"
"2025-04-22 13:30:00,32.130001068115234,32.869998931884766,32.86000061035156,32.20000076293945,ETF,SGOL"
"2025-04-23 13:30:00,31.100000381469727,31.530000686645508,31.479999542236328,31.420000076293945,ETF,SGOL"
"2025-04-24 13:30:00,31.540000915527344,31.920000076293945,31.780000686645508,31.889999389648438,ETF,SGOL"
"2025-04-25 13:30:00,31.15999984741211,31.600000381469727,31.239999771118164,31.520000457763672,ETF,SGOL"
"2025-04-28 13:30:00,31.360000610351562,31.989999771118164,31.469999313354492,31.989999771118164,ETF,SGOL"
"2025-04-29 13:30:00,31.479999542236328,31.760000228881836,31.65999984741211,31.68000030517578,ETF,SGOL"
"2025-04-30 13:30:00,31.40999984741211,31.670000076293945,31.520000457763672,31.450000762939453,ETF,SGOL"
"2025-05-01 13:30:00,30.56999969482422,30.81999969482422,30.780000686645508,30.799999237060547,ETF,SGOL"
"2025-05-02 13:30:00,30.75,31.139999389648438,31.06999969482422,30.850000381469727,ETF,SGOL"
"2025-05-05 13:30:00,31.530000686645508,31.84000015258789,31.670000076293945,31.760000228881836,ETF,SGOL"
"2025-05-06 13:30:00,32.22999954223633,32.66999816894531,32.400001525878906,32.63999938964844,ETF,SGOL"
"2025-05-07 13:30:00,32.099998474121094,32.41999816894531,32.310001373291016,32.18000030517578,ETF,SGOL"
"2025-05-08 13:30:00,31.3700008392334,32.130001068115234,32.060001373291016,31.540000915527344,ETF,SGOL"
"2025-05-09 13:30:00,31.68000030517578,31.989999771118164,31.989999771118164,31.760000228881836,ETF,SGOL"
"2025-05-12 13:30:00,30.729999542236328,30.989999771118164,30.8700008392334,30.8700008392334,ETF,SGOL"
"2025-05-13 13:30:00,30.780000686645508,31.079999923706055,30.940000534057617,31.0,ETF,SGOL"
"2025-05-14 13:30:00,30.229999542236328,30.510000228881836,30.389999389648438,30.329999923706055,ETF,SGOL"
"2025-05-15 13:30:00,30.399999618530273,30.829999923706055,30.440000534057617,30.829999923706055,ETF,SGOL"
"2025-05-16 13:30:00,30.200000762939453,30.489999771118164,30.290000915527344,30.459999084472656,ETF,SGOL"
"2025-05-19 13:30:00,30.700000762939453,30.899999618530273,30.81999969482422,30.84000015258789,ETF,SGOL"
"2025-05-20 13:30:00,30.8700008392334,31.43000030517578,30.8799991607666,31.40999984741211,ETF,SGOL"
"2025-05-21 13:30:00,31.43000030517578,31.719999313354492,31.510000228881836,31.65999984741211,ETF,SGOL"
"2025-05-22 13:30:00,31.270000457763672,31.59000015258789,31.579999923706055,31.3799991607666,ETF,SGOL"
"2025-05-23 13:30:00,31.829999923706055,32.11000061035156,31.969999313354492,32.06999969482422,ETF,SGOL"
"2025-05-27 13:30:00,31.350000381469727,31.559999465942383,31.43000030517578,31.530000686645508,ETF,SGOL"
"2025-05-28 13:30:00,31.3700008392334,31.56999969482422,31.540000915527344,31.459999084472656,ETF,SGOL"
"2025-05-29 13:30:00,31.510000228881836,31.760000228881836,31.649999618530273,31.639999389648438,ETF,SGOL"
"2025-05-30 13:30:00,31.209999084472656,31.469999313354492,31.43000030517578,31.43000030517578,ETF,SGOL"
"2025-06-02 13:30:00,31.959999084472656,32.27000045776367,32.0099983215332,32.2599983215332,ETF,SGOL"
"2025-06-03 13:30:00,31.790000915527344,32.04999923706055,32.04999923706055,31.979999542236328,ETF,SGOL"
"2025-06-04 13:30:00,31.969999313354492,32.290000915527344,32.02000045776367,32.18000030517578,ETF,SGOL"
"2025-06-05 13:30:00,31.850000381469727,32.31999969482422,32.22999954223633,32.02000045776367,ETF,SGOL"
"2025-06-06 13:30:00,31.59000015258789,32.0099983215332,31.979999542236328,31.600000381469727,ETF,SGOL"
"2025-06-09 13:30:00,31.59000015258789,31.850000381469727,31.6200008392334,31.75,ETF,SGOL"
"2025-06-10 13:30:00,31.670000076293945,31.950000762939453,31.90999984741211,31.75,ETF,SGOL"
"2025-06-11 13:30:00,31.65999984741211,31.950000762939453,31.84000015258789,31.93000030517578,ETF,SGOL"
"2025-06-12 13:30:00,32.220001220703125,32.40999984741211,32.25,32.31999969482422,ETF,SGOL"
"2025-06-13 13:30:00,32.61000061035156,32.880001068115234,32.84000015258789,32.75,ETF,SGOL"
"2025-06-16 13:30:00,32.2599983215332,32.599998474121094,32.59000015258789,32.279998779296875,ETF,SGOL"
"2025-06-17 13:30:00,32.11000061035156,32.400001525878906,32.36000061035156,32.290000915527344,ETF,SGOL"
"2025-06-18 13:30:00,32.08000183105469,32.400001525878906,32.380001068115234,32.119998931884766,ETF,SGOL"
"2025-06-20 13:30:00,32.02000045776367,32.189998626708984,32.029998779296875,32.099998474121094,ETF,SGOL"
"2025-06-23 13:30:00,32.119998931884766,32.369998931884766,32.119998931884766,32.209999084472656,ETF,SGOL"
"2025-06-24 13:30:00,31.440000534057617,31.719999313354492,31.579999923706055,31.700000762939453,ETF,SGOL"
"2025-06-25 13:30:00,31.59000015258789,31.81999969482422,31.600000381469727,31.799999237060547,ETF,SGOL"
"2025-06-26 13:30:00,31.56999969482422,31.81999969482422,31.65999984741211,31.770000457763672,ETF,SGOL"
"2025-06-27 13:30:00,31.049999237060547,31.309999465942383,31.059999465942383,31.190000534057617,ETF,SGOL"
"2025-06-30 13:30:00,31.270000457763672,31.559999465942383,31.309999465942383,31.540000915527344,ETF,SGOL"
"2025-07-01 13:30:00,31.81999969482422,31.979999542236328,31.940000534057617,31.829999923706055,ETF,SGOL"
"2025-07-02 13:30:00,31.780000686645508,32.029998779296875,31.8799991607666,32.0099983215332,ETF,SGOL"
"2025-07-03 13:30:00,31.690000534057617,31.84000015258789,31.790000915527344,31.790000915527344,ETF,SGOL"
"2025-07-07 13:30:00,31.540000915527344,31.860000610351562,31.56999969482422,31.829999923706055,ETF,SGOL"
"2025-07-08 13:30:00,31.350000381469727,31.729999542236328,31.729999542236328,31.5,ETF,SGOL"
"2025-07-09 13:30:00,31.399999618530273,31.639999389648438,31.43000030517578,31.6299991607666,ETF,SGOL"
"2025-07-10 13:30:00,31.56999969482422,31.729999542236328,31.690000534057617,31.709999084472656,ETF,SGOL"
"2025-07-11 13:30:00,31.940000534057617,32.130001068115234,31.979999542236328,32.0099983215332,ETF,SGOL"
"2025-07-14 13:30:00,31.860000610351562,32.040000915527344,31.989999771118164,31.889999389648438,ETF,SGOL"
"2025-07-15 13:30:00,31.670000076293945,31.969999313354492,31.8700008392334,31.760000228881836,ETF,SGOL"
"2025-07-16 13:30:00,31.65999984741211,32.209999084472656,31.809999465942383,31.93000030517578,ETF,SGOL"
"2025-07-17 13:30:00,31.600000381469727,31.860000610351562,31.6299991607666,31.850000381469727,ETF,SGOL"
"2025-07-18 13:30:00,31.920000076293945,32.029998779296875,32.02000045776367,31.920000076293945,ETF,SGOL"
"2025-07-21 13:30:00,32.27000045776367,32.439998626708984,32.290000915527344,32.41999816894531,ETF,SGOL"
"2025-07-22 13:30:00,32.470001220703125,32.7400016784668,32.560001373291016,32.72999954223633,ETF,SGOL"
"2025-07-23 13:30:00,32.25,32.61000061035156,32.5099983215332,32.31999969482422,ETF,SGOL"
"2025-07-24 13:30:00,32.0099983215332,32.20000076293945,32.029998779296875,32.13999938964844,ETF,SGOL"
"2025-07-25 13:30:00,31.709999084472656,31.920000076293945,31.8700008392334,31.84000015258789,ETF,SGOL"
"2025-07-28 13:30:00,31.479999542236328,31.75,31.75,31.639999389648438,ETF,SGOL"
"2025-07-29 13:30:00,31.579999923706055,31.799999237060547,31.670000076293945,31.700000762939453,ETF,SGOL"
"2025-07-30 13:30:00,31.15999984741211,31.549999237060547,31.520000457763672,31.18000030517578,ETF,SGOL"
"2025-07-31 13:30:00,31.360000610351562,31.549999237060547,31.549999237060547,31.3799991607666,ETF,SGOL"
"2025-08-01 13:30:00,31.84000015258789,32.04999923706055,31.959999084472656,32.02000045776367,ETF,SGOL"
"2025-08-04 13:30:00,32.13999938964844,32.279998779296875,32.18000030517578,32.20000076293945,ETF,SGOL"
"2025-08-05 13:30:00,32.13999938964844,32.34000015258789,32.150001525878906,32.220001220703125,ETF,SGOL"
"2025-08-06 13:30:00,32.09000015258789,32.2400016784668,32.119998931884766,32.15999984741211,ETF,SGOL"
"2025-08-07 13:30:00,32.16999816894531,32.43000030517578,32.29999923706055,32.41999816894531,ETF,SGOL"
"2025-08-08 13:30:00,32.209999084472656,32.459999084472656,32.33000183105469,32.41999816894531,ETF,SGOL"
"2025-08-11 13:30:00,31.860000610351562,32.06999969482422,31.950000762939453,31.959999084472656,ETF,SGOL"
"2025-08-12 13:30:00,31.770000457763672,32.029998779296875,31.920000076293945,31.920000076293945,ETF,SGOL"
"2025-08-13 13:30:00,31.940000534057617,32.13999938964844,32.02000045776367,32.029998779296875,ETF,SGOL"
"2025-08-14 13:30:00,31.739999771118164,31.940000534057617,31.889999389648438,31.829999923706055,ETF,SGOL"
"2025-08-15 13:30:00,31.780000686645508,31.899999618530273,31.84000015258789,31.850000381469727,ETF,SGOL"
"2025-08-18 13:30:00,31.760000228881836,31.889999389648438,31.8700008392334,31.790000915527344,ETF,SGOL"
"2025-08-19 13:30:00,31.610000610351562,31.84000015258789,31.780000686645508,31.610000610351562,ETF,SGOL"
"2025-08-20 13:30:00,31.84000015258789,31.950000762939453,31.850000381469727,31.940000534057617,ETF,SGOL"
"2025-08-21 13:30:00,31.809999465942383,31.90999984741211,31.889999389648438,31.829999923706055,ETF,SGOL"
"2025-08-22 13:30:00,31.739999771118164,32.220001220703125,31.75,32.150001525878906,ETF,SGOL"
"2025-08-25 13:30:00,32.06999969482422,32.189998626708984,32.06999969482422,32.09000015258789,ETF,SGOL"
"2025-08-26 13:30:00,32.13999938964844,32.34000015258789,32.18000030517578,32.33000183105469,ETF,SGOL"
"2025-08-27 13:30:00,32.189998626708984,32.40999984741211,32.25,32.380001068115234,ETF,SGOL"
"2025-08-28 13:30:00,32.43000030517578,32.63999938964844,32.459999084472656,32.619998931884766,ETF,SGOL"
"2025-08-29 13:30:00,32.599998474121094,32.939998626708984,32.599998474121094,32.939998626708984,ETF,SGOL"
"2025-09-02 13:30:00,33.16999816894531,33.7599983215332,33.25,33.7400016784668,ETF,SGOL"
"2025-09-03 13:30:00,33.849998474121094,34.119998931884766,33.959999084472656,33.9900016784668,ETF,SGOL"
"2025-09-04 13:30:00,33.70000076293945,33.93000030517578,33.869998931884766,33.849998474121094,ETF,SGOL"
"2025-09-05 13:30:00,34.08000183105469,34.33000183105469,34.130001068115234,34.279998779296875,ETF,SGOL"
"2025-09-08 13:30:00,34.52000045776367,34.7599983215332,34.560001373291016,34.68000030517578,ETF,SGOL"
"2025-09-09 13:30:00,34.59000015258789,35.029998779296875,34.90999984741211,34.61000061035156,ETF,SGOL"
"2025-09-10 13:30:00,34.66999816894531,34.86000061035156,34.779998779296875,34.72999954223633,ETF,SGOL"
"2025-09-11 13:30:00,34.4900016784668,34.720001220703125,34.529998779296875,34.68000030517578,ETF,SGOL"
"2025-09-12 13:30:00,34.720001220703125,34.84000015258789,34.790000915527344,34.75,ETF,SGOL"
"2025-09-15 13:30:00,34.83000183105469,35.13999938964844,34.83000183105469,35.099998474121094,ETF,SGOL"
"2025-09-16 13:30:00,35.06999969482422,35.310001373291016,35.220001220703125,35.16999816894531,ETF,SGOL"
"2025-09-17 13:30:00,34.7599983215332,35.349998474121094,35.060001373291016,34.90999984741211,ETF,SGOL"
"2025-09-18 13:30:00,34.59000015258789,34.83000183105469,34.83000183105469,34.77000045776367,ETF,SGOL"
"2025-09-19 13:30:00,34.84000015258789,35.13999938964844,34.86000061035156,35.13999938964844,ETF,SGOL"
"2025-09-22 13:30:00,35.41999816894531,35.75,35.5,35.7400016784668,ETF,SGOL"
"2025-09-23 13:30:00,35.77000045776367,36.119998931884766,36.08000183105469,35.900001525878906,ETF,SGOL"
"2025-09-24 13:30:00,35.439998626708984,35.91999816894531,35.91999816894531,35.56999969482422,ETF,SGOL"
"2025-09-25 13:30:00,35.47999954223633,35.81999969482422,35.68000030517578,35.709999084472656,ETF,SGOL"
"2025-09-26 13:30:00,35.779998779296875,36.08000183105469,35.83000183105469,35.91999816894531,ETF,SGOL"
"2025-09-29 13:30:00,36.38999938964844,36.54999923706055,36.439998626708984,36.5099983215332,ETF,SGOL"
"2025-09-30 13:30:00,36.349998474121094,36.83000183105469,36.369998931884766,36.810001373291016,ETF,SGOL"
"2025-10-01 13:30:00,36.7599983215332,36.97999954223633,36.900001525878906,36.869998931884766,ETF,SGOL"
"2025-10-02 13:30:00,36.400001525878906,37.150001525878906,37.119998931884766,36.75,ETF,SGOL"
"2025-10-03 13:30:00,36.869998931884766,37.099998474121094,37.0099983215332,37.040000915527344,ETF,SGOL"
"2025-10-06 13:30:00,37.439998626708984,37.84000015258789,37.5099983215332,37.7599983215332,ETF,SGOL"
"2025-10-07 13:30:00,37.77000045776367,38.04999923706055,37.97999954223633,37.95000076293945,ETF,SGOL"
"2025-10-08 13:30:00,38.38999938964844,38.709999084472656,38.5099983215332,38.56999969482422,ETF,SGOL"
"2025-10-09 13:30:00,37.59000015258789,38.66999816894531,38.650001525878906,37.869998931884766,ETF,SGOL"
"2025-10-10 13:30:00,37.86000061035156,38.349998474121094,38.08000183105469,38.2400016784668,ETF,SGOL"
"2024-09-09 13:30:00,158.32000732421875,161.75999450683594,158.32000732421875,160.25999450683594,EQUITY,RCL"
"2024-09-10 13:30:00,154.0800018310547,160.52000427246094,160.30999755859375,158.3000030517578,EQUITY,RCL"
"2024-09-11 13:30:00,156.00999450683594,162.85000610351562,158.3800048828125,162.14999389648438,EQUITY,RCL"
"2024-09-12 13:30:00,162.49000549316406,166.8800048828125,164.85000610351562,165.57000732421875,EQUITY,RCL"
"2024-09-13 13:30:00,165.6999969482422,169.6300048828125,166.4600067138672,167.9600067138672,EQUITY,RCL"
"2024-09-16 13:30:00,168.82000732421875,173.39999389648438,170.0,169.74000549316406,EQUITY,RCL"
"2024-09-17 13:30:00,167.86000061035156,171.75,171.27999877929688,168.39999389648438,EQUITY,RCL"
"2024-09-18 13:30:00,168.0,171.5,168.60000610351562,168.5500030517578,EQUITY,RCL"
"2024-09-19 13:30:00,168.94000244140625,173.0,172.0,171.55999755859375,EQUITY,RCL"
"2024-09-20 13:30:00,170.9600067138672,174.47999572753906,171.00999450683594,174.0500030517578,EQUITY,RCL"
"2024-09-23 13:30:00,172.66000366210938,176.13999938964844,173.6999969482422,175.89999389648438,EQUITY,RCL"
"2024-09-24 13:30:00,174.50999450683594,179.75,177.0,179.6300048828125,EQUITY,RCL"
"2024-09-25 13:30:00,176.27000427246094,179.13999938964844,178.88999938964844,177.41000366210938,EQUITY,RCL"
"2024-09-26 13:30:00,179.2899932861328,184.41000366210938,180.0,182.80999755859375,EQUITY,RCL"
"2024-09-27 13:30:00,177.42999267578125,182.82000732421875,182.74000549316406,177.5399932861328,EQUITY,RCL"
"2024-09-30 13:30:00,171.55999755859375,179.35000610351562,178.2100067138672,177.36000061035156,EQUITY,RCL"
"2024-10-01 13:30:00,170.8300018310547,178.1999969482422,177.55999755859375,173.22999572753906,EQUITY,RCL"
"2024-10-02 13:30:00,170.24000549316406,175.1199951171875,170.97999572753906,174.9600067138672,EQUITY,RCL"
"2024-10-03 13:30:00,172.1199951171875,175.4499969482422,173.5,173.16000366210938,EQUITY,RCL"
"2024-10-04 13:30:00,176.0,180.11000061035156,177.0,179.44000244140625,EQUITY,RCL"
"2024-10-07 13:30:00,178.33999633789062,181.82000732421875,178.5500030517578,179.7899932861328,EQUITY,RCL"
"2024-10-08 13:30:00,180.52000427246094,184.8800048828125,181.0,183.38999938964844,EQUITY,RCL"
"2024-10-09 13:30:00,186.8000030517578,193.22000122070312,188.2899932861328,193.02999877929688,EQUITY,RCL"
"2024-10-10 13:30:00,191.11000061035156,195.1199951171875,191.1199951171875,193.58999633789062,EQUITY,RCL"
"2024-10-11 13:30:00,194.10000610351562,196.07000732421875,194.39999389648438,195.69000244140625,EQUITY,RCL"
"2024-10-14 13:30:00,193.72000122070312,197.94000244140625,196.25,196.77999877929688,EQUITY,RCL"
"2024-10-15 13:30:00,198.5,204.3699951171875,199.69000244140625,202.4199981689453,EQUITY,RCL"
"2024-10-16 13:30:00,200.61000061035156,203.35000610351562,202.49000549316406,201.74000549316406,EQUITY,RCL"
"2024-10-17 13:30:00,200.9199981689453,204.36000061035156,203.14999389648438,201.2100067138672,EQUITY,RCL"
"2024-10-18 13:30:00,198.13999938964844,201.61000061035156,201.5500030517578,199.94000244140625,EQUITY,RCL"
"2024-10-21 13:30:00,198.25,200.88999938964844,199.08999633789062,199.91000366210938,EQUITY,RCL"
"2024-10-22 13:30:00,198.60000610351562,203.91000366210938,199.60000610351562,203.35000610351562,EQUITY,RCL"
"2024-10-23 13:30:00,199.6699981689453,202.72999572753906,201.80999755859375,201.13999938964844,EQUITY,RCL"
"2024-10-24 13:30:00,200.3699951171875,204.22000122070312,202.32000732421875,203.0500030517578,EQUITY,RCL"
"2024-10-25 13:30:00,199.42999267578125,203.50999450683594,202.75999450683594,200.91000366210938,EQUITY,RCL"
"2024-10-28 13:30:00,201.47999572753906,207.6999969482422,206.0,203.52000427246094,EQUITY,RCL"
"2024-10-29 13:30:00,197.25,214.1199951171875,197.86000061035156,210.10000610351562,EQUITY,RCL"
"2024-10-30 13:30:00,207.07000732421875,211.42999267578125,208.0,208.36000061035156,EQUITY,RCL"
"2024-10-31 13:30:00,206.19000244140625,212.91000366210938,209.0,206.35000610351562,EQUITY,RCL"
"2024-11-01 13:30:00,202.0,206.89999389648438,206.41000366210938,202.05999755859375,EQUITY,RCL"
"2024-11-04 14:30:00,200.02000427246094,204.8300018310547,201.27000427246094,204.38999938964844,EQUITY,RCL"
"2024-11-05 14:30:00,205.33999633789062,210.9600067138672,206.0,210.77000427246094,EQUITY,RCL"
"2024-11-06 14:30:00,220.19000244140625,227.1199951171875,220.19000244140625,226.63999938964844,EQUITY,RCL"
"2024-11-07 14:30:00,220.44000244140625,224.32000732421875,223.99000549316406,220.52000427246094,EQUITY,RCL"
"2024-11-08 14:30:00,221.07000732421875,228.0800018310547,221.7899932861328,225.27000427246094,EQUITY,RCL"
"2024-11-11 14:30:00,226.1999969482422,234.9600067138672,230.0,234.82000732421875,EQUITY,RCL"
"2024-11-12 14:30:00,231.67999267578125,237.67999267578125,234.0,237.4199981689453,EQUITY,RCL"
"2024-11-13 14:30:00,232.61000061035156,238.10000610351562,235.85000610351562,234.25,EQUITY,RCL"
"2024-11-14 14:30:00,231.52000427246094,236.4199981689453,235.0,233.00999450683594,EQUITY,RCL"
"2024-11-15 14:30:00,230.47999572753906,234.25,232.47999572753906,231.49000549316406,EQUITY,RCL"
"2024-11-18 14:30:00,227.75,233.3000030517578,230.99000549316406,231.75999450683594,EQUITY,RCL"
"2024-11-19 14:30:00,225.3000030517578,234.89999389648438,227.1699981689453,234.6699981689453,EQUITY,RCL"
"2024-11-20 14:30:00,234.08999633789062,238.69000244140625,234.14999389648438,235.8699951171875,EQUITY,RCL"
"2024-11-21 14:30:00,235.3800048828125,239.38999938964844,235.85000610351562,237.57000732421875,EQUITY,RCL"
"2024-11-22 14:30:00,237.05999755859375,242.1999969482422,237.5,241.49000549316406,EQUITY,RCL"
"2024-11-25 14:30:00,238.11000061035156,244.27000427246094,242.3300018310547,240.38999938964844,EQUITY,RCL"
"2024-11-26 14:30:00,240.99000549316406,245.91000366210938,241.5,244.5,EQUITY,RCL"
"2024-11-27 14:30:00,240.77999877929688,245.27999877929688,244.14999389648438,241.6199951171875,EQUITY,RCL"
"2024-11-29 14:30:00,241.3699951171875,245.0,241.39999389648438,244.05999755859375,EQUITY,RCL"
"2024-12-02 14:30:00,244.24000549316406,249.52000427246094,246.86000061035156,246.41000366210938,EQUITY,RCL"
"2024-12-03 14:30:00,243.67999267578125,248.8800048828125,247.5,245.89999389648438,EQUITY,RCL"
"2024-12-04 14:30:00,245.25999450683594,250.02000427246094,246.00999450683594,249.74000549316406,EQUITY,RCL"
"2024-12-05 14:30:00,250.3300018310547,255.6999969482422,252.0,251.13999938964844,EQUITY,RCL"
"2024-12-06 14:30:00,251.69000244140625,258.2099914550781,253.85000610351562,258.0899963378906,EQUITY,RCL"
"2024-12-09 14:30:00,243.7899932861328,258.70001220703125,257.95001220703125,247.13999938964844,EQUITY,RCL"
"2024-12-10 14:30:00,243.7100067138672,254.6300048828125,250.5399932861328,245.66000366210938,EQUITY,RCL"
"2024-12-11 14:30:00,245.1999969482422,250.0,248.0800018310547,245.52000427246094,EQUITY,RCL"
"2024-12-12 14:30:00,243.52999877929688,248.10000610351562,246.55999755859375,244.14999389648438,EQUITY,RCL"
"2024-12-13 14:30:00,243.11000061035156,246.97999572753906,244.1999969482422,245.1699981689453,EQUITY,RCL"
"2024-12-16 14:30:00,241.4499969482422,249.7100067138672,247.5,243.0,EQUITY,RCL"
"2024-12-17 14:30:00,238.13999938964844,243.4499969482422,240.9600067138672,242.07000732421875,EQUITY,RCL"
"2024-12-18 14:30:00,229.02999877929688,242.86000061035156,242.07000732421875,229.52999877929688,EQUITY,RCL"
"2024-12-19 14:30:00,227.89999389648438,235.75,233.2899932861328,230.75999450683594,EQUITY,RCL"
"2024-12-20 14:30:00,234.6699981689453,241.3699951171875,236.83999633789062,238.42999267578125,EQUITY,RCL"
"2024-12-23 14:30:00,232.55999755859375,238.7899932861328,238.0,237.8699951171875,EQUITY,RCL"
"2024-12-24 14:30:00,236.8300018310547,240.7100067138672,238.52999877929688,240.3000030517578,EQUITY,RCL"
"2024-12-26 14:30:00,236.5,239.33999633789062,238.32000732421875,237.75999450683594,EQUITY,RCL"
"2024-12-27 14:30:00,231.0,235.6999969482422,235.6999969482422,232.7100067138672,EQUITY,RCL"
"2024-12-30 14:30:00,227.55999755859375,235.7100067138672,228.3699951171875,232.75,EQUITY,RCL"
"2024-12-31 14:30:00,230.1300048828125,234.99000549316406,231.94000244140625,230.69000244140625,EQUITY,RCL"
"2025-01-02 14:30:00,227.5399932861328,233.58999633789062,231.5399932861328,229.02000427246094,EQUITY,RCL"
"2025-01-03 14:30:00,223.66000366210938,230.5,230.02999877929688,228.94000244140625,EQUITY,RCL"
"2025-01-06 14:30:00,227.30999755859375,232.58999633789062,231.0,228.41000366210938,EQUITY,RCL"
"2025-01-07 14:30:00,220.4499969482422,228.0,227.97000122070312,225.3300018310547,EQUITY,RCL"
"2025-01-08 14:30:00,223.17999267578125,228.1699981689453,224.52000427246094,227.22000122070312,EQUITY,RCL"
"2025-01-10 14:30:00,222.2899932861328,230.4600067138672,224.16000366210938,226.9499969482422,EQUITY,RCL"
"2025-01-13 14:30:00,222.94000244140625,228.0,222.9499969482422,227.22999572753906,EQUITY,RCL"
"2025-01-14 14:30:00,226.2899932861328,230.39999389648438,229.64999389648438,229.72999572753906,EQUITY,RCL"
"2025-01-15 14:30:00,231.05999755859375,236.0,233.77999877929688,232.47999572753906,EQUITY,RCL"
"2025-01-16 14:30:00,230.3800048828125,234.75999450683594,233.75999450683594,233.27999877929688,EQUITY,RCL"
"2025-01-17 14:30:00,234.4499969482422,243.47999572753906,235.6199951171875,241.80999755859375,EQUITY,RCL"
"2025-01-21 14:30:00,242.24000549316406,250.11000061035156,245.0,243.27999877929688,EQUITY,RCL"
"2025-01-22 14:30:00,235.72000122070312,243.0,242.6300048828125,236.16000366210938,EQUITY,RCL"
"2025-01-23 14:30:00,233.0,238.77000427246094,235.75,238.14999389648438,EQUITY,RCL"
"2025-01-24 14:30:00,231.9499969482422,237.11000061035156,236.8800048828125,232.10000610351562,EQUITY,RCL"
"2025-01-27 14:30:00,226.55999755859375,237.49000549316406,226.55999755859375,236.82000732421875,EQUITY,RCL"
"2025-01-28 14:30:00,246.0,269.9599914550781,246.75,265.25,EQUITY,RCL"
"2025-01-29 14:30:00,265.32000732421875,271.30999755859375,266.20001220703125,269.0899963378906,EQUITY,RCL"
"2025-01-30 14:30:00,267.3699951171875,275.04998779296875,269.6400146484375,274.7900085449219,EQUITY,RCL"
"2025-01-31 14:30:00,266.010009765625,277.0799865722656,275.4100036621094,266.6000061035156,EQUITY,RCL"
"2025-02-03 14:30:00,256.760009765625,266.3399963378906,257.6600036621094,260.8599853515625,EQUITY,RCL"
"2025-02-04 14:30:00,259.739990234375,265.989990234375,263.0,263.5899963378906,EQUITY,RCL"
"2025-02-05 14:30:00,261.8900146484375,267.510009765625,263.5,266.8699951171875,EQUITY,RCL"
"2025-02-06 14:30:00,267.6499938964844,271.9599914550781,267.8599853515625,270.20001220703125,EQUITY,RCL"
"2025-02-07 14:30:00,263.6300048828125,272.45001220703125,270.57000732421875,264.42999267578125,EQUITY,RCL"
"2025-02-10 14:30:00,260.80999755859375,267.1499938964844,265.8900146484375,261.1499938964844,EQUITY,RCL"
"2025-02-11 14:30:00,254.7100067138672,259.9800109863281,259.55999755859375,256.6700134277344,EQUITY,RCL"
"2025-02-12 14:30:00,253.1699981689453,257.7900085449219,255.07000732421875,256.29998779296875,EQUITY,RCL"
"2025-02-13 14:30:00,253.77000427246094,264.0,261.0,260.0899963378906,EQUITY,RCL"
"2025-02-14 14:30:00,257.3999938964844,264.07000732421875,260.94000244140625,263.0899963378906,EQUITY,RCL"
"2025-02-18 14:30:00,258.20001220703125,265.6300048828125,265.0,261.79998779296875,EQUITY,RCL"
"2025-02-19 14:30:00,257.989990234375,264.32000732421875,259.79998779296875,264.010009765625,EQUITY,RCL"
"2025-02-20 14:30:00,232.13999938964844,261.260009765625,261.260009765625,243.88999938964844,EQUITY,RCL"
"2025-02-21 14:30:00,230.82000732421875,246.0,245.4600067138672,234.25999450683594,EQUITY,RCL"
"2025-02-24 14:30:00,233.0,241.74000549316406,237.8800048828125,237.66000366210938,EQUITY,RCL"
"2025-02-25 14:30:00,230.5500030517578,239.1999969482422,237.5,237.57000732421875,EQUITY,RCL"
"2025-02-26 14:30:00,238.41000366210938,247.75,239.3699951171875,244.11000061035156,EQUITY,RCL"
"2025-02-27 14:30:00,237.0,248.64999389648438,246.64999389648438,238.16000366210938,EQUITY,RCL"
"2025-02-28 14:30:00,237.5,246.5399932861328,238.5,246.10000610351562,EQUITY,RCL"
"2025-03-03 14:30:00,237.7100067138672,251.44000244140625,246.6699981689453,241.1199951171875,EQUITY,RCL"
"2025-03-04 14:30:00,220.35000610351562,236.30999755859375,236.30999755859375,227.02000427246094,EQUITY,RCL"
"2025-03-05 14:30:00,225.0399932861328,231.99000549316406,228.05999755859375,231.30999755859375,EQUITY,RCL"
"2025-03-06 14:30:00,213.57000732421875,226.97999572753906,224.0800018310547,215.5399932861328,EQUITY,RCL"
"2025-03-07 14:30:00,205.1300048828125,214.11000061035156,213.16000366210938,214.0,EQUITY,RCL"
"2025-03-10 13:30:00,201.44000244140625,208.39999389648438,207.60000610351562,207.22999572753906,EQUITY,RCL"
"2025-03-11 13:30:00,197.02000427246094,211.0,205.0,207.1699981689453,EQUITY,RCL"
"2025-03-12 13:30:00,206.32000732421875,217.0,213.11000061035156,207.36000061035156,EQUITY,RCL"
"2025-03-13 13:30:00,206.0,217.10000610351562,214.91000366210938,207.89999389648438,EQUITY,RCL"
"2025-03-14 13:30:00,207.33999633789062,214.42999267578125,211.4600067138672,212.02000427246094,EQUITY,RCL"
"2025-03-17 13:30:00,214.13999938964844,222.1300048828125,215.5,219.41000366210938,EQUITY,RCL"
"2025-03-18 13:30:00,203.07000732421875,217.99000549316406,217.1699981689453,203.3800048828125,EQUITY,RCL"
"2025-03-19 13:30:00,204.1999969482422,216.61000061035156,207.49000549316406,215.1199951171875,EQUITY,RCL"
"2025-03-20 13:30:00,212.0,218.8800048828125,212.11000061035156,214.72000122070312,EQUITY,RCL"
"2025-03-21 13:30:00,206.39999389648438,216.52999877929688,212.77000427246094,215.49000549316406,EQUITY,RCL"
"2025-03-24 13:30:00,218.14999389648438,226.69000244140625,218.94000244140625,225.39999389648438,EQUITY,RCL"
"2025-03-25 13:30:00,223.1699981689453,227.55999755859375,225.74000549316406,225.02000427246094,EQUITY,RCL"
"2025-03-26 13:30:00,218.52000427246094,227.16000366210938,224.86000061035156,219.86000061035156,EQUITY,RCL"
"2025-03-27 13:30:00,213.4499969482422,219.3699951171875,218.24000549316406,217.24000549316406,EQUITY,RCL"
"2025-03-28 13:30:00,205.8699951171875,215.91000366210938,214.7899932861328,207.5800018310547,EQUITY,RCL"
"2025-03-31 13:30:00,194.30999755859375,206.83999633789062,200.00999450683594,205.44000244140625,EQUITY,RCL"
"2025-04-01 13:30:00,199.39999389648438,208.4600067138672,204.52000427246094,208.1199951171875,EQUITY,RCL"
"2025-04-02 13:30:00,204.08999633789062,213.13999938964844,204.11000061035156,212.0500030517578,EQUITY,RCL"
"2025-04-03 13:30:00,187.57000732421875,195.99000549316406,195.99000549316406,188.64999389648438,EQUITY,RCL"
"2025-04-04 13:30:00,172.0,184.58999633789062,179.5,177.92999267578125,EQUITY,RCL"
"2025-04-07 13:30:00,164.00999450683594,189.6300048828125,166.6999969482422,179.5500030517578,EQUITY,RCL"
"2025-04-08 13:30:00,176.0,192.83999633789062,190.32000732421875,180.19000244140625,EQUITY,RCL"
"2025-04-09 13:30:00,177.3300018310547,211.25,180.1999969482422,209.50999450683594,EQUITY,RCL"
"2025-04-10 13:30:00,187.9499969482422,205.0,200.82000732421875,192.50999450683594,EQUITY,RCL"
"2025-04-11 13:30:00,185.13999938964844,194.02000427246094,190.0,192.00999450683594,EQUITY,RCL"
"2025-04-14 13:30:00,188.88999938964844,197.74000549316406,196.83999633789062,191.82000732421875,EQUITY,RCL"
"2025-04-15 13:30:00,192.02000427246094,195.82000732421875,194.00999450683594,193.3699951171875,EQUITY,RCL"
"2025-04-16 13:30:00,187.5800018310547,194.3300018310547,192.0,191.6999969482422,EQUITY,RCL"
"2025-04-17 13:30:00,189.80999755859375,195.00999450683594,191.7899932861328,192.69000244140625,EQUITY,RCL"
"2025-04-21 13:30:00,185.5,193.0,189.52000427246094,189.50999450683594,EQUITY,RCL"
"2025-04-22 13:30:00,192.33999633789062,200.27999877929688,192.7899932861328,199.6699981689453,EQUITY,RCL"
"2025-04-23 13:30:00,206.72999572753906,218.05999755859375,209.36000061035156,207.5,EQUITY,RCL"
"2025-04-24 13:30:00,205.22999572753906,212.39999389648438,205.6699981689453,211.30999755859375,EQUITY,RCL"
"2025-04-25 13:30:00,209.19000244140625,213.6199951171875,212.17999267578125,211.97000122070312,EQUITY,RCL"
"2025-04-28 13:30:00,212.92999267578125,218.39999389648438,215.0,216.30999755859375,EQUITY,RCL"
"2025-04-29 13:30:00,208.77999877929688,225.19000244140625,221.7100067138672,216.5800018310547,EQUITY,RCL"
"2025-04-30 13:30:00,203.85000610351562,215.6699981689453,209.77999877929688,214.91000366210938,EQUITY,RCL"
"2025-05-01 13:30:00,217.4199981689453,224.25999450683594,219.0399932861328,220.77000427246094,EQUITY,RCL"
"2025-05-02 13:30:00,223.8000030517578,230.22000122070312,225.2899932861328,229.9499969482422,EQUITY,RCL"
"2025-05-05 13:30:00,226.11000061035156,231.5,226.6300048828125,228.75,EQUITY,RCL"
"2025-05-06 13:30:00,223.0,227.24000549316406,224.5500030517578,225.58999633789062,EQUITY,RCL"
"2025-05-07 13:30:00,225.9499969482422,230.32000732421875,227.39999389648438,228.00999450683594,EQUITY,RCL"
"2025-05-08 13:30:00,229.1999969482422,235.36000061035156,230.67999267578125,232.83999633789062,EQUITY,RCL"
"2025-05-09 13:30:00,230.4499969482422,234.5,233.3000030517578,233.25999450683594,EQUITY,RCL"
"2025-05-12 13:30:00,239.50999450683594,247.85000610351562,245.77999877929688,242.17999267578125,EQUITY,RCL"
"2025-05-13 13:30:00,241.57000732421875,248.80999755859375,243.4499969482422,247.77999877929688,EQUITY,RCL"
"2025-05-14 13:30:00,247.77999877929688,252.77000427246094,247.8000030517578,251.3699951171875,EQUITY,RCL"
"2025-05-15 13:30:00,247.8800048828125,251.61000061035156,250.0,250.11000061035156,EQUITY,RCL"
"2025-05-16 13:30:00,249.47000122070312,255.8000030517578,251.6699981689453,255.4199981689453,EQUITY,RCL"
"2025-05-19 13:30:00,249.02000427246094,255.2100067138672,250.92999267578125,254.02999877929688,EQUITY,RCL"
"2025-05-20 13:30:00,246.3000030517578,251.25999450683594,248.35000610351562,249.1999969482422,EQUITY,RCL"
"2025-05-21 13:30:00,236.47000122070312,247.14999389648438,246.64999389648438,237.75,EQUITY,RCL"
"2025-05-22 13:30:00,235.85000610351562,239.83999633789062,237.52999877929688,238.39999389648438,EQUITY,RCL"
"2025-05-23 13:30:00,232.60000610351562,241.36000061035156,233.0,240.1199951171875,EQUITY,RCL"
"2025-05-27 13:30:00,245.8300018310547,256.7200012207031,245.8300018310547,255.5399932861328,EQUITY,RCL"
"2025-05-28 13:30:00,250.75,254.8699951171875,254.77999877929688,250.8000030517578,EQUITY,RCL"
"2025-05-29 13:30:00,251.05999755859375,254.64999389648438,251.3000030517578,254.44000244140625,EQUITY,RCL"
"2025-05-30 13:30:00,252.85000610351562,258.82000732421875,254.0,256.9700012207031,EQUITY,RCL"
"2025-06-02 13:30:00,253.60000610351562,262.30999755859375,254.75999450683594,261.92999267578125,EQUITY,RCL"
"2025-06-03 13:30:00,261.8900146484375,267.6199951171875,262.04998779296875,266.760009765625,EQUITY,RCL"
"2025-06-04 13:30:00,263.2200012207031,268.7900085449219,267.6700134277344,265.6400146484375,EQUITY,RCL"
"2025-06-05 13:30:00,265.510009765625,272.94000244140625,266.54998779296875,271.3999938964844,EQUITY,RCL"
"2025-06-06 13:30:00,272.7099914550781,276.67999267578125,275.0,276.3399963378906,EQUITY,RCL"
"2025-06-09 13:30:00,273.2699890136719,279.8900146484375,277.80999755859375,273.989990234375,EQUITY,RCL"
"2025-06-10 13:30:00,266.55999755859375,273.5899963378906,273.0,269.70001220703125,EQUITY,RCL"
"2025-06-11 13:30:00,265.489990234375,271.25,269.989990234375,267.9599914550781,EQUITY,RCL"
"2025-06-12 13:30:00,264.1000061035156,268.9800109863281,265.30999755859375,265.7300109863281,EQUITY,RCL"
"2025-06-13 13:30:00,255.60000610351562,261.8500061035156,255.89999389648438,258.0799865722656,EQUITY,RCL"
"2025-06-16 13:30:00,261.19000244140625,266.6099853515625,262.9200134277344,264.7099914550781,EQUITY,RCL"
"2025-06-17 13:30:00,261.010009765625,266.79998779296875,262.5199890136719,262.3699951171875,EQUITY,RCL"
"2025-06-18 13:30:00,262.0,269.7699890136719,262.9700012207031,267.7799987792969,EQUITY,RCL"
"2025-06-20 13:30:00,268.7699890136719,273.6600036621094,269.5199890136719,272.3900146484375,EQUITY,RCL"
"2025-06-23 13:30:00,260.3299865722656,274.1099853515625,268.0799865722656,273.67999267578125,EQUITY,RCL"
"2025-06-24 13:30:00,278.7200012207031,285.75,280.260009765625,280.4700012207031,EQUITY,RCL"
"2025-06-25 13:30:00,279.57000732421875,284.42999267578125,281.45001220703125,284.3399963378906,EQUITY,RCL"
"2025-06-26 13:30:00,285.45001220703125,296.1400146484375,285.510009765625,295.8900146484375,EQUITY,RCL"
"2025-06-27 13:30:00,295.54998779296875,310.8800048828125,296.1000061035156,309.510009765625,EQUITY,RCL"
"2025-06-30 13:30:00,306.75,314.1700134277344,309.0,313.1400146484375,EQUITY,RCL"
"2025-07-01 13:30:00,309.1300048828125,318.0,310.0,315.1000061035156,EQUITY,RCL"
"2025-07-02 13:30:00,315.010009765625,326.8399963378906,316.6099853515625,326.1000061035156,EQUITY,RCL"
"2025-07-03 13:30:00,327.1600036621094,334.4800109863281,328.0,334.4800109863281,EQUITY,RCL"
"2025-07-07 13:30:00,327.5199890136719,336.6300048828125,335.0,328.8500061035156,EQUITY,RCL"
"2025-07-08 13:30:00,325.6000061035156,335.739990234375,333.54998779296875,330.20001220703125,EQUITY,RCL"
"2025-07-09 13:30:00,328.94000244140625,335.0799865722656,333.8699951171875,333.57000732421875,EQUITY,RCL"
"2025-07-10 13:30:00,334.1499938964844,342.55999755859375,336.510009765625,341.3599853515625,EQUITY,RCL"
"2025-07-11 13:30:00,335.3599853515625,340.1600036621094,338.5299987792969,338.510009765625,EQUITY,RCL"
"2025-07-14 13:30:00,337.2900085449219,344.6199951171875,338.1700134277344,342.0299987792969,EQUITY,RCL"
"2025-07-15 13:30:00,333.739990234375,341.9599914550781,340.5799865722656,341.2900085449219,EQUITY,RCL"
"2025-07-16 13:30:00,339.0,347.0799865722656,341.1400146484375,339.2300109863281,EQUITY,RCL"
"2025-07-17 13:30:00,339.5,348.7699890136719,340.7099914550781,348.510009765625,EQUITY,RCL"
"2025-07-18 13:30:00,349.4599914550781,352.67999267578125,350.010009765625,350.1000061035156,EQUITY,RCL"
"2025-07-21 13:30:00,346.2200012207031,351.7799987792969,347.8500061035156,346.4700012207031,EQUITY,RCL"
"2025-07-22 13:30:00,338.6700134277344,350.3299865722656,350.3299865722656,348.5400085449219,EQUITY,RCL"
"2025-07-23 13:30:00,350.4700012207031,355.9100036621094,350.4800109863281,352.8399963378906,EQUITY,RCL"
"2025-07-24 13:30:00,348.8699951171875,355.1700134277344,350.9599914550781,349.3599853515625,EQUITY,RCL"
"2025-07-25 13:30:00,348.42999267578125,352.9200134277344,350.29998779296875,352.79998779296875,EQUITY,RCL"
"2025-07-28 13:30:00,348.67999267578125,354.3399963378906,351.6300048828125,352.0,EQUITY,RCL"
"2025-07-29 13:30:00,321.1099853515625,342.1600036621094,325.3500061035156,334.3699951171875,EQUITY,RCL"
"2025-07-30 13:30:00,327.9700012207031,337.7699890136719,334.79998779296875,331.1499938964844,EQUITY,RCL"
"2025-07-31 13:30:00,315.8599853515625,337.1000061035156,333.9200134277344,317.8699951171875,EQUITY,RCL"
"2025-08-01 13:30:00,303.989990234375,315.75,309.4599914550781,314.25,EQUITY,RCL"
"2025-08-04 13:30:00,312.7699890136719,319.30999755859375,317.989990234375,315.70001220703125,EQUITY,RCL"
"2025-08-05 13:30:00,309.4200134277344,317.0199890136719,316.54998779296875,311.3599853515625,EQUITY,RCL"
"2025-08-06 13:30:00,309.1099853515625,314.0400085449219,313.7699890136719,314.0199890136719,EQUITY,RCL"
"2025-08-07 13:30:00,306.260009765625,316.5,315.6300048828125,309.7799987792969,EQUITY,RCL"
"2025-08-08 13:30:00,300.8999938964844,311.25,311.25,301.44000244140625,EQUITY,RCL"
"2025-08-11 13:30:00,297.8399963378906,305.8800048828125,300.0,302.8599853515625,EQUITY,RCL"
"2025-08-12 13:30:00,305.3999938964844,313.6099853515625,305.6700134277344,313.0799865722656,EQUITY,RCL"
"2025-08-13 13:30:00,308.5199890136719,318.2300109863281,314.04998779296875,313.4200134277344,EQUITY,RCL"
"2025-08-14 13:30:00,310.70001220703125,314.0,312.9100036621094,312.29998779296875,EQUITY,RCL"
"2025-08-15 13:30:00,309.0,314.3699951171875,312.2900085449219,313.95001220703125,EQUITY,RCL"
"2025-08-18 13:30:00,313.04998779296875,329.80999755859375,314.0,326.79998779296875,EQUITY,RCL"
"2025-08-19 13:30:00,319.25,331.94000244140625,324.5,330.07000732421875,EQUITY,RCL"
"2025-08-20 13:30:00,317.5,329.3299865722656,327.0299987792969,329.1199951171875,EQUITY,RCL"
"2025-08-21 13:30:00,322.4599914550781,328.0,326.2099914550781,325.0299987792969,EQUITY,RCL"
"2025-08-22 13:30:00,325.70001220703125,345.1400146484375,326.7900085449219,344.6700134277344,EQUITY,RCL"
"2025-08-25 13:30:00,341.6099853515625,347.9700012207031,344.6700134277344,344.9700012207031,EQUITY,RCL"
"2025-08-26 13:30:00,345.6000061035156,354.05999755859375,345.79998779296875,353.739990234375,EQUITY,RCL"
"2025-08-27 13:30:00,352.0,360.7200012207031,352.0,359.07000732421875,EQUITY,RCL"
"2025-08-28 13:30:00,358.95001220703125,366.17999267578125,359.6300048828125,365.8399963378906,EQUITY,RCL"
"2025-08-29 13:30:00,357.1499938964844,366.5,364.8999938964844,363.2200012207031,EQUITY,RCL"
"2025-09-02 13:30:00,348.2699890136719,358.30999755859375,355.5,354.0799865722656,EQUITY,RCL"
"2025-09-03 13:30:00,352.3699951171875,358.760009765625,354.7200012207031,355.0,EQUITY,RCL"
"2025-09-04 13:30:00,353.54998779296875,362.6600036621094,354.45001220703125,360.05999755859375,EQUITY,RCL"
"2025-09-05 13:30:00,349.3399963378906,362.7900085449219,361.20001220703125,352.2699890136719,EQUITY,RCL"
"2025-09-08 13:30:00,349.4100036621094,360.0899963378906,354.0,351.05999755859375,EQUITY,RCL"
"2025-09-09 13:30:00,345.2099914550781,353.7200012207031,349.95001220703125,345.30999755859375,EQUITY,RCL"
"2025-09-10 13:30:00,331.2200012207031,347.1000061035156,346.80999755859375,341.5,EQUITY,RCL"
"2025-09-11 13:30:00,342.5799865722656,355.54998779296875,343.55999755859375,350.2300109863281,EQUITY,RCL"
"2025-09-12 13:30:00,336.3699951171875,348.79998779296875,347.739990234375,336.4200134277344,EQUITY,RCL"
"2025-09-15 13:30:00,327.6600036621094,339.1499938964844,338.0299987792969,329.7900085449219,EQUITY,RCL"
"2025-09-16 13:30:00,317.5199890136719,329.5,328.8699951171875,321.70001220703125,EQUITY,RCL"
"2025-09-17 13:30:00,316.3399963378906,324.5,323.3599853515625,323.07000732421875,EQUITY,RCL"
"2025-09-18 13:30:00,320.8699951171875,326.8399963378906,325.2799987792969,325.80999755859375,EQUITY,RCL"
"2025-09-19 13:30:00,316.1099853515625,329.5400085449219,327.82000732421875,328.6000061035156,EQUITY,RCL"
"2025-09-22 13:30:00,324.6300048828125,333.0400085449219,326.0,329.239990234375,EQUITY,RCL"
"2025-09-23 13:30:00,329.1499938964844,340.1700134277344,331.45001220703125,330.5899963378906,EQUITY,RCL"
"2025-09-24 13:30:00,325.7300109863281,332.2300109863281,330.7200012207031,327.0299987792969,EQUITY,RCL"
"2025-09-25 13:30:00,319.70001220703125,327.4800109863281,322.92999267578125,324.5299987792969,EQUITY,RCL"
"2025-09-26 13:30:00,323.5,327.79998779296875,325.4800109863281,326.8900146484375,EQUITY,RCL"
"2025-09-29 13:30:00,320.0,339.2200012207031,337.5400085449219,326.7200012207031,EQUITY,RCL"
"2025-09-30 13:30:00,319.2099914550781,330.5,327.6700134277344,323.5799865722656,EQUITY,RCL"
"2025-10-01 13:30:00,312.2799987792969,321.010009765625,320.6300048828125,316.0199890136719,EQUITY,RCL"
"2025-10-02 13:30:00,311.2699890136719,321.25,315.75,320.1099853515625,EQUITY,RCL"
"2025-10-03 13:30:00,313.92999267578125,322.7699890136719,322.54998779296875,314.04998779296875,EQUITY,RCL"
"2025-10-06 13:30:00,310.69000244140625,318.0,314.30999755859375,317.29998779296875,EQUITY,RCL"
"2025-10-07 13:30:00,308.20001220703125,317.29998779296875,317.29998779296875,314.75,EQUITY,RCL"
"2025-10-08 13:30:00,307.7699890136719,315.79998779296875,315.0,308.30999755859375,EQUITY,RCL"
"2025-10-09 13:30:00,306.75,311.8599853515625,310.510009765625,306.989990234375,EQUITY,RCL"
"2025-10-10 13:30:00,303.32000732421875,313.20001220703125,306.9800109863281,304.6199951171875,EQUITY,RCL"
"2024-09-09 13:30:00,26.790000915527344,27.100000381469727,26.920000076293945,27.059999465942383,ETF,SIVR"
"2024-09-10 13:30:00,26.790000915527344,27.18000030517578,27.18000030517578,27.15999984741211,ETF,SIVR"
"2024-09-11 13:30:00,26.829999923706055,27.440000534057617,27.290000915527344,27.350000381469727,ETF,SIVR"
"2024-09-12 13:30:00,27.829999923706055,28.56999969482422,27.889999389648438,28.540000915527344,ETF,SIVR"
"2024-09-13 13:30:00,29.09000015258789,29.530000686645508,29.190000534057617,29.34000015258789,ETF,SIVR"
"2024-09-16 13:30:00,29.239999771118164,29.6200008392334,29.600000381469727,29.450000762939453,ETF,SIVR"
"2024-09-17 13:30:00,29.15999984741211,29.610000610351562,29.329999923706055,29.280000686645508,ETF,SIVR"
"2024-09-18 13:30:00,28.389999389648438,29.850000381469727,29.290000915527344,28.559999465942383,ETF,SIVR"
"2024-09-19 13:30:00,29.260000228881836,29.739999771118164,29.579999923706055,29.43000030517578,ETF,SIVR"
"2024-09-20 13:30:00,29.530000686645508,29.950000762939453,29.75,29.790000915527344,ETF,SIVR"
"2024-09-23 13:30:00,29.260000228881836,29.639999389648438,29.579999923706055,29.299999237060547,ETF,SIVR"
"2024-09-24 13:30:00,29.5,30.829999923706055,29.600000381469727,30.780000686645508,ETF,SIVR"
"2024-09-25 13:30:00,30.15999984741211,30.809999465942383,30.489999771118164,30.43000030517578,ETF,SIVR"
"2024-09-26 13:30:00,30.31999969482422,30.84000015258789,30.700000762939453,30.65999984741211,ETF,SIVR"
"2024-09-27 13:30:00,29.940000534057617,30.84000015258789,30.739999771118164,30.219999313354492,ETF,SIVR"
"2024-09-30 13:30:00,29.510000228881836,29.889999389648438,29.889999389648438,29.75,ETF,SIVR"
"2024-10-01 13:30:00,29.899999618530273,30.420000076293945,30.139999389648438,29.950000762939453,ETF,SIVR"
"2024-10-02 13:30:00,30.049999237060547,30.860000610351562,30.520000457763672,30.3799991607666,ETF,SIVR"
"2024-10-03 13:30:00,30.18000030517578,30.770000457763672,30.280000686645508,30.6200008392334,ETF,SIVR"
"2024-10-04 13:30:00,30.350000381469727,31.479999542236328,30.59000015258789,30.770000457763672,ETF,SIVR"
"2024-10-07 13:30:00,30.06999969482422,30.459999084472656,30.389999389648438,30.309999465942383,ETF,SIVR"
"2024-10-08 13:30:00,28.770000457763672,29.8799991607666,29.760000228881836,29.34000015258789,ETF,SIVR"
"2024-10-09 13:30:00,28.8700008392334,29.309999465942383,28.920000076293945,29.18000030517578,ETF,SIVR"
"2024-10-10 13:30:00,29.239999771118164,29.780000686645508,29.309999465942383,29.709999084472656,ETF,SIVR"
"2024-10-11 13:30:00,29.959999084472656,30.229999542236328,29.979999542236328,30.139999389648438,ETF,SIVR"
"2024-10-14 13:30:00,29.639999389648438,30.09000015258789,29.81999969482422,29.889999389648438,ETF,SIVR"
"2024-10-15 13:30:00,29.770000457763672,30.260000228881836,29.889999389648438,30.09000015258789,ETF,SIVR"
"2024-10-16 13:30:00,30.15999984741211,30.729999542236328,30.530000686645508,30.280000686645508,ETF,SIVR"
"2024-10-17 13:30:00,29.920000076293945,30.579999923706055,30.309999465942383,30.25,ETF,SIVR"
"2024-10-18 13:30:00,30.829999923706055,32.16999816894531,30.860000610351562,32.119998931884766,ETF,SIVR"
"2024-10-21 13:30:00,31.979999542236328,32.720001220703125,32.630001068115234,32.31999969482422,ETF,SIVR"
"2024-10-22 13:30:00,32.72999954223633,33.310001373291016,32.90999984741211,33.22999954223633,ETF,SIVR"
"2024-10-23 13:30:00,31.93000030517578,32.59000015258789,32.58000183105469,32.150001525878906,ETF,SIVR"
"2024-10-24 13:30:00,31.739999771118164,32.70000076293945,32.650001525878906,32.150001525878906,ETF,SIVR"
"2024-10-25 13:30:00,31.920000076293945,32.4900016784668,32.02000045776367,32.18000030517578,ETF,SIVR"
"2024-10-28 13:30:00,32.06999969482422,32.45000076293945,32.16999816894531,32.18000030517578,ETF,SIVR"
"2024-10-29 13:30:00,32.540000915527344,32.9900016784668,32.65999984741211,32.900001525878906,ETF,SIVR"
"2024-10-30 13:30:00,31.90999984741211,32.45000076293945,32.209999084472656,32.27000045776367,ETF,SIVR"
"2024-10-31 13:30:00,31.040000915527344,31.799999237060547,31.790000915527344,31.219999313354492,ETF,SIVR"
"2024-11-01 13:30:00,30.8799991607666,31.6299991607666,31.5,30.93000030517578,ETF,SIVR"
"2024-11-04 14:30:00,30.84000015258789,31.299999237060547,31.209999084472656,31.030000686645508,ETF,SIVR"
"2024-11-05 14:30:00,31.1200008392334,31.440000534057617,31.440000534057617,31.170000076293945,ETF,SIVR"
"2024-11-06 14:30:00,29.43000030517578,30.010000228881836,29.520000457763672,29.81999969482422,ETF,SIVR"
"2024-11-07 14:30:00,30.170000076293945,30.690000534057617,30.299999237060547,30.520000457763672,ETF,SIVR"
"2024-11-08 14:30:00,29.790000915527344,30.40999984741211,30.350000381469727,29.850000381469727,ETF,SIVR"
"2024-11-11 14:30:00,29.049999237060547,29.360000610351562,29.299999237060547,29.309999465942383,ETF,SIVR"
"2024-11-12 14:30:00,29.1200008392334,29.43000030517578,29.329999923706055,29.389999389648438,ETF,SIVR"
"2024-11-13 14:30:00,28.90999984741211,29.6200008392334,29.579999923706055,28.920000076293945,ETF,SIVR"
"2024-11-14 14:30:00,28.829999923706055,29.270000457763672,28.889999389648438,29.1299991607666,ETF,SIVR"
"2024-11-15 14:30:00,28.81999969482422,29.399999618530273,29.3799991607666,28.8700008392334,ETF,SIVR"
"2024-11-18 14:30:00,29.510000228881836,29.850000381469727,29.510000228881836,29.729999542236328,ETF,SIVR"
"2024-11-19 14:30:00,29.649999618530273,29.899999618530273,29.799999237060547,29.860000610351562,ETF,SIVR"
"2024-11-20 14:30:00,29.389999389648438,29.809999465942383,29.729999542236328,29.520000457763672,ETF,SIVR"
"2024-11-21 14:30:00,29.260000228881836,29.639999389648438,29.6299991607666,29.399999618530273,ETF,SIVR"
"2024-11-22 14:30:00,29.549999237060547,29.90999984741211,29.6299991607666,29.829999923706055,ETF,SIVR"
"2024-11-25 14:30:00,28.700000762939453,29.06999969482422,29.059999465942383,28.969999313354492,ETF,SIVR"
"2024-11-26 14:30:00,28.920000076293945,29.15999984741211,29.149999618530273,29.1200008392334,ETF,SIVR"
"2024-11-27 14:30:00,28.6200008392334,29.15999984741211,29.079999923706055,28.739999771118164,ETF,SIVR"
"2024-11-29 14:30:00,29.149999618530273,29.34000015258789,29.31999969482422,29.260000228881836,ETF,SIVR"
"2024-12-02 14:30:00,28.940000534057617,29.200000762939453,29.200000762939453,29.110000610351562,ETF,SIVR"
"2024-12-03 14:30:00,29.329999923706055,29.68000030517578,29.579999923706055,29.6299991607666,ETF,SIVR"
"2024-12-04 14:30:00,29.649999618530273,30.049999237060547,29.700000762939453,29.8700008392334,ETF,SIVR"
"2024-12-05 14:30:00,29.610000610351562,29.950000762939453,29.850000381469727,29.920000076293945,ETF,SIVR"
"2024-12-06 14:30:00,29.43000030517578,29.850000381469727,29.670000076293945,29.600000381469727,ETF,SIVR"
"2024-12-09 14:30:00,30.34000015258789,30.81999969482422,30.65999984741211,30.3799991607666,ETF,SIVR"
"2024-12-10 14:30:00,30.3700008392334,30.639999389648438,30.579999923706055,30.3799991607666,ETF,SIVR"
"2024-12-11 14:30:00,30.299999237060547,30.729999542236328,30.350000381469727,30.440000534057617,ETF,SIVR"
"2024-12-12 14:30:00,29.469999313354492,30.010000228881836,29.989999771118164,29.56999969482422,ETF,SIVR"
"2024-12-13 14:30:00,28.90999984741211,29.200000762939453,29.18000030517578,29.09000015258789,ETF,SIVR"
"2024-12-16 14:30:00,29.09000015258789,29.25,29.229999542236328,29.1299991607666,ETF,SIVR"
"2024-12-17 14:30:00,28.790000915527344,29.15999984741211,29.030000686645508,29.139999389648438,ETF,SIVR"
"2024-12-18 14:30:00,28.06999969482422,28.959999084472656,28.899999618530273,28.15999984741211,ETF,SIVR"
"2024-12-19 14:30:00,27.450000762939453,27.920000076293945,27.860000610351562,27.790000915527344,ETF,SIVR"
"2024-12-20 14:30:00,27.860000610351562,28.350000381469727,27.889999389648438,28.18000030517578,ETF,SIVR"
"2024-12-23 14:30:00,28.079999923706055,28.360000610351562,28.219999313354492,28.299999237060547,ETF,SIVR"
"2024-12-24 14:30:00,28.15999984741211,28.34000015258789,28.290000915527344,28.329999923706055,ETF,SIVR"
"2024-12-26 14:30:00,28.229999542236328,28.5,28.479999542236328,28.450000762939453,ETF,SIVR"
"2024-12-27 14:30:00,28.0,28.25,28.190000534057617,28.049999237060547,ETF,SIVR"
"2024-12-30 14:30:00,27.489999771118164,27.899999618530273,27.899999618530273,27.68000030517578,ETF,SIVR"
"2024-12-31 14:30:00,27.469999313354492,27.690000534057617,27.469999313354492,27.56999969482422,ETF,SIVR"
"2025-01-02 14:30:00,27.989999771118164,28.25,28.0,28.219999313354492,ETF,SIVR"
"2025-01-03 14:30:00,28.209999084472656,28.540000915527344,28.5,28.260000228881836,ETF,SIVR"
"2025-01-06 14:30:00,28.3799991607666,28.799999237060547,28.420000076293945,28.549999237060547,ETF,SIVR"
"2025-01-07 14:30:00,28.639999389648438,28.989999771118164,28.969999313354492,28.65999984741211,ETF,SIVR"
"2025-01-08 14:30:00,28.450000762939453,28.979999542236328,28.93000030517578,28.739999771118164,ETF,SIVR"
"2025-01-10 14:30:00,28.8799991607666,29.260000228881836,29.260000228881836,28.90999984741211,ETF,SIVR"
"2025-01-13 14:30:00,28.18000030517578,28.489999771118164,28.299999237060547,28.260000228881836,ETF,SIVR"
"2025-01-14 14:30:00,28.309999465942383,28.610000610351562,28.309999465942383,28.520000457763672,ETF,SIVR"
"2025-01-15 14:30:00,28.799999237060547,29.329999923706055,29.020000457763672,29.299999237060547,ETF,SIVR"
"2025-01-16 14:30:00,29.239999771118164,29.549999237060547,29.329999923706055,29.350000381469727,ETF,SIVR"
"2025-01-17 14:30:00,28.760000228881836,29.09000015258789,28.829999923706055,28.940000534057617,ETF,SIVR"
"2025-01-21 14:30:00,29.200000762939453,29.43000030517578,29.270000457763672,29.360000610351562,ETF,SIVR"
"2025-01-22 14:30:00,29.15999984741211,29.5,29.299999237060547,29.399999618530273,ETF,SIVR"
"2025-01-23 14:30:00,28.5,29.110000610351562,28.829999923706055,28.979999542236328,ETF,SIVR"
"2025-01-24 14:30:00,29.149999618530273,29.43000030517578,29.290000915527344,29.219999313354492,ETF,SIVR"
"2025-01-27 14:30:00,28.3700008392334,29.059999465942383,28.84000015258789,28.809999465942383,ETF,SIVR"
"2025-01-28 14:30:00,28.709999084472656,29.100000381469727,28.860000610351562,28.899999618530273,ETF,SIVR"
"2025-01-29 14:30:00,29.18000030517578,29.56999969482422,29.420000076293945,29.329999923706055,ETF,SIVR"
"2025-01-30 14:30:00,29.899999618530273,30.290000915527344,30.030000686645508,30.110000610351562,ETF,SIVR"
"2025-01-31 14:30:00,29.75,30.219999313354492,30.15999984741211,29.860000610351562,ETF,SIVR"
"2025-02-03 14:30:00,29.559999465942383,30.229999542236328,30.0,30.030000686645508,ETF,SIVR"
"2025-02-04 14:30:00,30.440000534057617,30.899999618530273,30.520000457763672,30.639999389648438,ETF,SIVR"
"2025-02-05 14:30:00,30.729999542236328,31.059999465942383,30.780000686645508,30.780000686645508,ETF,SIVR"
"2025-02-06 14:30:00,30.299999237060547,30.809999465942383,30.6200008392334,30.790000915527344,ETF,SIVR"
"2025-02-07 14:30:00,30.34000015258789,31.170000076293945,31.0,30.469999313354492,ETF,SIVR"
"2025-02-10 14:30:00,30.469999313354492,30.770000457763672,30.530000686645508,30.6299991607666,ETF,SIVR"
"2025-02-11 14:30:00,30.229999542236328,30.5,30.239999771118164,30.399999618530273,ETF,SIVR"
"2025-02-12 14:30:00,30.489999771118164,30.8799991607666,30.6299991607666,30.760000228881836,ETF,SIVR"
"2025-02-13 14:30:00,30.540000915527344,30.90999984741211,30.600000381469727,30.889999389648438,ETF,SIVR"
"2025-02-14 14:30:00,30.610000610351562,31.75,31.709999084472656,30.709999084472656,ETF,SIVR"
"2025-02-18 14:30:00,31.0,31.399999618530273,31.049999237060547,31.31999969482422,ETF,SIVR"
"2025-02-19 14:30:00,30.969999313354492,31.280000686645508,31.190000534057617,31.270000457763672,ETF,SIVR"
"2025-02-20 14:30:00,31.329999923706055,31.59000015258789,31.43000030517578,31.459999084472656,ETF,SIVR"
"2025-02-21 14:30:00,31.010000228881836,31.520000457763672,31.520000457763672,31.030000686645508,ETF,SIVR"
"2025-02-24 14:30:00,30.6200008392334,31.049999237060547,31.020000457763672,30.829999923706055,ETF,SIVR"
"2025-02-25 14:30:00,29.860000610351562,30.719999313354492,30.579999923706055,30.219999313354492,ETF,SIVR"
"2025-02-26 14:30:00,30.049999237060547,30.489999771118164,30.170000076293945,30.350000381469727,ETF,SIVR"
"2025-02-27 14:30:00,29.75,30.360000610351562,30.299999237060547,29.790000915527344,ETF,SIVR"
"2025-02-28 14:30:00,29.399999618530273,29.770000457763672,29.549999237060547,29.68000030517578,ETF,SIVR"
"2025-03-03 14:30:00,30.049999237060547,30.3799991607666,30.200000762939453,30.110000610351562,ETF,SIVR"
"2025-03-04 14:30:00,30.020000457763672,30.549999237060547,30.440000534057617,30.399999618530273,ETF,SIVR"
"2025-03-05 14:30:00,30.59000015258789,31.229999542236328,30.639999389648438,31.219999313354492,ETF,SIVR"
"2025-03-06 14:30:00,30.899999618530273,31.260000228881836,30.93000030517578,31.100000381469727,ETF,SIVR"
"2025-03-07 14:30:00,30.639999389648438,31.100000381469727,30.770000457763672,31.010000228881836,ETF,SIVR"
"2025-03-10 13:30:00,30.459999084472656,30.989999771118164,30.959999084472656,30.459999084472656,ETF,SIVR"
"2025-03-11 13:30:00,31.0,31.469999313354492,31.020000457763672,31.399999618530273,ETF,SIVR"
"2025-03-12 13:30:00,31.399999618530273,31.790000915527344,31.469999313354492,31.68000030517578,ETF,SIVR"
"2025-03-13 13:30:00,31.579999923706055,32.380001068115234,31.639999389648438,32.119998931884766,ETF,SIVR"
"2025-03-14 13:30:00,31.989999771118164,32.43000030517578,32.400001525878906,32.18000030517578,ETF,SIVR"
"2025-03-17 13:30:00,31.850000381469727,32.33000183105469,31.899999618530273,32.279998779296875,ETF,SIVR"
"2025-03-18 13:30:00,32.310001373291016,32.650001525878906,32.599998474121094,32.349998474121094,ETF,SIVR"
"2025-03-19 13:30:00,31.940000534057617,32.369998931884766,32.18000030517578,32.2400016784668,ETF,SIVR"
"2025-03-20 13:30:00,31.700000762939453,32.0099983215332,31.75,31.989999771118164,ETF,SIVR"
"2025-03-21 13:30:00,31.15999984741211,31.799999237060547,31.670000076293945,31.469999313354492,ETF,SIVR"
"2025-03-24 13:30:00,31.3799991607666,31.700000762939453,31.68000030517578,31.420000076293945,ETF,SIVR"
"2025-03-25 13:30:00,31.989999771118164,32.22999954223633,31.989999771118164,32.08000183105469,ETF,SIVR"
"2025-03-26 13:30:00,31.950000762939453,32.25,32.2400016784668,32.029998779296875,ETF,SIVR"
"2025-03-27 13:30:00,32.16999816894531,32.880001068115234,32.25,32.81999969482422,ETF,SIVR"
"2025-03-28 13:30:00,32.36000061035156,33.0,32.95000076293945,32.47999954223633,ETF,SIVR"
"2025-03-31 13:30:00,31.959999084472656,32.529998779296875,32.349998474121094,32.5099983215332,ETF,SIVR"
"2025-04-01 13:30:00,31.920000076293945,32.43000030517578,32.43000030517578,32.09000015258789,ETF,SIVR"
"2025-04-02 13:30:00,32.130001068115234,32.470001220703125,32.279998779296875,32.220001220703125,ETF,SIVR"
"2025-04-03 13:30:00,30.25,30.920000076293945,30.350000381469727,30.270000457763672,ETF,SIVR"
"2025-04-04 13:30:00,27.860000610351562,29.3799991607666,29.3799991607666,28.360000610351562,ETF,SIVR"
"2025-04-07 13:30:00,28.229999542236328,29.170000076293945,28.690000534057617,28.540000915527344,ETF,SIVR"
"2025-04-08 13:30:00,28.260000228881836,29.1200008392334,28.979999542236328,28.489999771118164,ETF,SIVR"
"2025-04-09 13:30:00,28.790000915527344,29.600000381469727,28.950000762939453,29.40999984741211,ETF,SIVR"
"2025-04-10 13:30:00,29.15999984741211,29.790000915527344,29.5,29.75,ETF,SIVR"
"2025-04-11 13:30:00,30.100000381469727,30.790000915527344,30.18000030517578,30.6200008392334,ETF,SIVR"
"2025-04-14 13:30:00,30.290000915527344,30.8799991607666,30.510000228881836,30.780000686645508,ETF,SIVR"
"2025-04-15 13:30:00,30.6200008392334,30.8799991607666,30.860000610351562,30.860000610351562,ETF,SIVR"
"2025-04-16 13:30:00,31.15999984741211,31.469999313354492,31.290000915527344,31.200000762939453,ETF,SIVR"
"2025-04-17 13:30:00,30.600000381469727,31.1299991607666,30.989999771118164,30.979999542236328,ETF,SIVR"
"2025-04-21 13:30:00,30.989999771118164,31.450000762939453,31.399999618530273,31.200000762939453,ETF,SIVR"
"2025-04-22 13:30:00,30.950000762939453,31.610000610351562,31.280000686645508,30.950000762939453,ETF,SIVR"
"2025-04-23 13:30:00,31.149999618530273,32.11000061035156,31.270000457763672,32.04999923706055,ETF,SIVR"
"2025-04-24 13:30:00,31.6299991607666,32.060001373291016,31.799999237060547,32.040000915527344,ETF,SIVR"
"2025-04-25 13:30:00,31.06999969482422,31.559999465942383,31.450000762939453,31.5,ETF,SIVR"
"2025-04-28 13:30:00,31.290000915527344,31.68000030517578,31.559999465942383,31.649999618530273,ETF,SIVR"
"2025-04-29 13:30:00,31.290000915527344,31.969999313354492,31.93000030517578,31.299999237060547,ETF,SIVR"
"2025-04-30 13:30:00,30.889999389648438,31.25,31.1299991607666,31.049999237060547,ETF,SIVR"
"2025-05-01 13:30:00,30.600000381469727,30.979999542236328,30.8700008392334,30.809999465942383,ETF,SIVR"
"2025-05-02 13:30:00,30.440000534057617,31.1200008392334,31.030000686645508,30.530000686645508,ETF,SIVR"
"2025-05-05 13:30:00,30.670000076293945,31.049999237060547,31.020000457763672,30.889999389648438,ETF,SIVR"
"2025-05-06 13:30:00,31.469999313354492,31.709999084472656,31.670000076293945,31.690000534057617,ETF,SIVR"
"2025-05-07 13:30:00,30.760000228881836,31.31999969482422,31.239999771118164,30.920000076293945,ETF,SIVR"
"2025-05-08 13:30:00,30.799999237060547,31.219999313354492,31.040000915527344,30.8700008392334,ETF,SIVR"
"2025-05-09 13:30:00,31.09000015258789,31.34000015258789,31.1200008392334,31.229999542236328,ETF,SIVR"
"2025-05-12 13:30:00,30.8700008392334,31.190000534057617,31.100000381469727,31.049999237060547,ETF,SIVR"
"2025-05-13 13:30:00,31.059999465942383,31.469999313354492,31.139999389648438,31.40999984741211,ETF,SIVR"
"2025-05-14 13:30:00,30.600000381469727,30.969999313354492,30.8700008392334,30.670000076293945,ETF,SIVR"
"2025-05-15 13:30:00,30.610000610351562,31.059999465942383,30.709999084472656,31.040000915527344,ETF,SIVR"
"2025-05-16 13:30:00,30.34000015258789,30.81999969482422,30.6299991607666,30.739999771118164,ETF,SIVR"
"2025-05-19 13:30:00,30.739999771118164,30.969999313354492,30.899999618530273,30.850000381469727,ETF,SIVR"
"2025-05-20 13:30:00,30.940000534057617,31.600000381469727,30.940000534057617,31.579999923706055,ETF,SIVR"
"2025-05-21 13:30:00,31.56999969482422,32.0099983215332,31.670000076293945,31.979999542236328,ETF,SIVR"
"2025-05-22 13:30:00,31.139999389648438,31.579999923706055,31.5,31.489999771118164,ETF,SIVR"
"2025-05-23 13:30:00,31.489999771118164,31.979999542236328,31.6299991607666,31.920000076293945,ETF,SIVR"
"2025-05-27 13:30:00,31.450000762939453,31.729999542236328,31.520000457763672,31.690000534057617,ETF,SIVR"
"2025-05-28 13:30:00,31.420000076293945,31.709999084472656,31.709999084472656,31.440000534057617,ETF,SIVR"
"2025-05-29 13:30:00,31.530000686645508,31.860000610351562,31.790000915527344,31.799999237060547,ETF,SIVR"
"2025-05-30 13:30:00,31.239999771118164,31.65999984741211,31.649999618530273,31.450000762939453,ETF,SIVR"
"2025-06-02 13:30:00,32.220001220703125,33.13999938964844,32.369998931884766,33.119998931884766,ETF,SIVR"
"2025-06-03 13:30:00,32.56999969482422,33.0,32.779998779296875,32.97999954223633,ETF,SIVR"
"2025-06-04 13:30:00,32.779998779296875,32.959999084472656,32.84000015258789,32.849998474121094,ETF,SIVR"
"2025-06-05 13:30:00,33.65999984741211,34.369998931884766,34.02000045776367,34.029998779296875,ETF,SIVR"
"2025-06-06 13:30:00,34.150001525878906,34.58000183105469,34.529998779296875,34.290000915527344,ETF,SIVR"
"2025-06-09 13:30:00,34.61000061035156,35.16999816894531,34.72999954223633,35.02000045776367,ETF,SIVR"
"2025-06-10 13:30:00,34.630001068115234,35.06999969482422,34.939998626708984,34.83000183105469,ETF,SIVR"
"2025-06-11 13:30:00,34.36000061035156,34.650001525878906,34.54999923706055,34.529998779296875,ETF,SIVR"
"2025-06-12 13:30:00,34.400001525878906,34.70000076293945,34.459999084472656,34.70000076293945,ETF,SIVR"
"2025-06-13 13:30:00,34.400001525878906,34.66999816894531,34.63999938964844,34.58000183105469,ETF,SIVR"
"2025-06-16 13:30:00,34.52000045776367,34.7599983215332,34.72999954223633,34.7400016784668,ETF,SIVR"
"2025-06-17 13:30:00,35.09000015258789,35.52000045776367,35.29999923706055,35.369998931884766,ETF,SIVR"
"2025-06-18 13:30:00,34.83000183105469,35.400001525878906,35.38999938964844,34.90999984741211,ETF,SIVR"
"2025-06-20 13:30:00,34.16999816894531,34.400001525878906,34.380001068115234,34.34000015258789,ETF,SIVR"
"2025-06-23 13:30:00,34.38999938964844,34.65999984741211,34.41999816894531,34.56999969482422,ETF,SIVR"
"2025-06-24 13:30:00,33.630001068115234,34.2400016784668,34.119998931884766,34.209999084472656,ETF,SIVR"
"2025-06-25 13:30:00,34.08000183105469,34.630001068115234,34.099998474121094,34.630001068115234,ETF,SIVR"
"2025-06-26 13:30:00,34.619998931884766,34.9900016784668,34.75,34.97999954223633,ETF,SIVR"
"2025-06-27 13:30:00,34.130001068115234,34.5,34.15999984741211,34.220001220703125,ETF,SIVR"
"2025-06-30 13:30:00,34.220001220703125,34.41999816894531,34.349998474121094,34.40999984741211,ETF,SIVR"
"2025-07-01 13:30:00,34.31999969482422,34.72999954223633,34.54999923706055,34.34000015258789,ETF,SIVR"
"2025-07-02 13:30:00,34.54999923706055,34.86000061035156,34.619998931884766,34.86000061035156,ETF,SIVR"
"2025-07-03 13:30:00,34.91999816894531,35.189998626708984,35.06999969482422,35.119998931884766,ETF,SIVR"
"2025-07-07 13:30:00,34.63999938964844,35.08000183105469,34.68000030517578,35.06999969482422,ETF,SIVR"
"2025-07-08 13:30:00,34.599998474121094,35.0,34.970001220703125,34.93000030517578,ETF,SIVR"
"2025-07-09 13:30:00,34.58000183105469,34.77000045776367,34.720001220703125,34.63999938964844,ETF,SIVR"
"2025-07-10 13:30:00,34.72999954223633,35.380001068115234,34.97999954223633,35.36000061035156,ETF,SIVR"
"2025-07-11 13:30:00,35.810001373291016,36.7400016784668,35.869998931884766,36.70000076293945,ETF,SIVR"
"2025-07-14 13:30:00,36.31999969482422,37.029998779296875,36.95000076293945,36.349998474121094,ETF,SIVR"
"2025-07-15 13:30:00,35.81999969482422,36.5099983215332,36.400001525878906,35.959999084472656,ETF,SIVR"
"2025-07-16 13:30:00,35.7400016784668,36.25,36.11000061035156,36.08000183105469,ETF,SIVR"
"2025-07-17 13:30:00,35.86000061035156,36.369998931884766,35.9900016784668,36.349998474121094,ETF,SIVR"
"2025-07-18 13:30:00,36.31999969482422,36.56999969482422,36.5,36.33000183105469,ETF,SIVR"
"2025-07-21 13:30:00,36.79999923706055,37.22999954223633,36.849998474121094,37.06999969482422,ETF,SIVR"
"2025-07-22 13:30:00,36.90999984741211,37.459999084472656,37.310001373291016,37.439998626708984,ETF,SIVR"
"2025-07-23 13:30:00,37.220001220703125,37.66999816894531,37.52000045776367,37.45000076293945,ETF,SIVR"
"2025-07-24 13:30:00,36.90999984741211,37.29999923706055,37.11000061035156,37.2400016784668,ETF,SIVR"
"2025-07-25 13:30:00,36.18000030517578,37.130001068115234,37.029998779296875,36.36000061035156,ETF,SIVR"
"2025-07-28 13:30:00,36.130001068115234,36.38999938964844,36.349998474121094,36.34000015258789,ETF,SIVR"
"2025-07-29 13:30:00,36.189998626708984,36.4900016784668,36.349998474121094,36.349998474121094,ETF,SIVR"
"2025-07-30 13:30:00,35.060001373291016,35.970001220703125,35.83000183105469,35.18000030517578,ETF,SIVR"
"2025-07-31 13:30:00,34.7400016784668,35.0099983215332,34.939998626708984,34.959999084472656,ETF,SIVR"
"2025-08-01 13:30:00,35.040000915527344,35.439998626708984,35.439998626708984,35.22999954223633,ETF,SIVR"
"2025-08-04 13:30:00,35.52000045776367,35.709999084472656,35.59000015258789,35.650001525878906,ETF,SIVR"
"2025-08-05 13:30:00,35.66999816894531,36.099998474121094,35.709999084472656,36.0099983215332,ETF,SIVR"
"2025-08-06 13:30:00,35.97999954223633,36.15999984741211,36.06999969482422,36.060001373291016,ETF,SIVR"
"2025-08-07 13:30:00,36.209999084472656,36.689998626708984,36.58000183105469,36.459999084472656,ETF,SIVR"
"2025-08-08 13:30:00,36.220001220703125,36.61000061035156,36.4900016784668,36.58000183105469,ETF,SIVR"
"2025-08-11 13:30:00,35.869998931884766,36.130001068115234,36.04999923706055,35.880001068115234,ETF,SIVR"
"2025-08-12 13:30:00,35.79999923706055,36.220001220703125,35.93000030517578,36.11000061035156,ETF,SIVR"
"2025-08-13 13:30:00,36.54999923706055,36.75,36.619998931884766,36.72999954223633,ETF,SIVR"
"2025-08-14 13:30:00,36.04999923706055,36.59000015258789,36.369998931884766,36.20000076293945,ETF,SIVR"
"2025-08-15 13:30:00,35.91999816894531,36.220001220703125,36.040000915527344,36.189998626708984,ETF,SIVR"
"2025-08-18 13:30:00,36.16999816894531,36.380001068115234,36.369998931884766,36.2599983215332,ETF,SIVR"
"2025-08-19 13:30:00,35.5099983215332,36.2400016784668,36.189998626708984,35.54999923706055,ETF,SIVR"
"2025-08-20 13:30:00,35.83000183105469,36.150001525878906,35.900001525878906,36.130001068115234,ETF,SIVR"
"2025-08-21 13:30:00,36.150001525878906,36.38999938964844,36.18000030517578,36.310001373291016,ETF,SIVR"
"2025-08-22 13:30:00,36.099998474121094,37.220001220703125,36.18000030517578,37.06999969482422,ETF,SIVR"
"2025-08-25 13:30:00,36.65999984741211,37.09000015258789,36.79999923706055,36.75,ETF,SIVR"
"2025-08-26 13:30:00,36.59000015258789,36.83000183105469,36.63999938964844,36.75,ETF,SIVR"
"2025-08-27 13:30:00,36.33000183105469,36.810001373291016,36.459999084472656,36.70000076293945,ETF,SIVR"
"2025-08-28 13:30:00,36.970001220703125,37.27000045776367,37.16999816894531,37.25,ETF,SIVR"
"2025-08-29 13:30:00,37.08000183105469,38.09000015258789,37.08000183105469,37.95000076293945,ETF,SIVR"
"2025-09-02 13:30:00,38.2400016784668,39.0,38.45000076293945,38.9900016784668,ETF,SIVR"
"2025-09-03 13:30:00,39.029998779296875,39.4900016784668,39.16999816894531,39.189998626708984,ETF,SIVR"
"2025-09-04 13:30:00,38.47999954223633,39.189998626708984,39.02000045776367,38.7599983215332,ETF,SIVR"
"2025-09-05 13:30:00,38.810001373291016,39.459999084472656,39.279998779296875,39.04999923706055,ETF,SIVR"
"2025-09-08 13:30:00,39.209999084472656,39.689998626708984,39.43000030517578,39.380001068115234,ETF,SIVR"
"2025-09-09 13:30:00,38.849998474121094,39.439998626708984,39.2599983215332,39.0099983215332,ETF,SIVR"
"2025-09-10 13:30:00,39.08000183105469,39.34000015258789,39.20000076293945,39.2400016784668,ETF,SIVR"
"2025-09-11 13:30:00,39.099998474121094,39.77000045776367,39.22999954223633,39.65999984741211,ETF,SIVR"
"2025-09-12 13:30:00,40.029998779296875,40.34000015258789,40.119998931884766,40.220001220703125,ETF,SIVR"
"2025-09-15 13:30:00,40.150001525878906,40.709999084472656,40.209999084472656,40.689998626708984,ETF,SIVR"
"2025-09-16 13:30:00,40.2599983215332,40.970001220703125,40.939998626708984,40.529998779296875,ETF,SIVR"
"2025-09-17 13:30:00,39.209999084472656,40.22999954223633,39.93000030517578,39.68000030517578,ETF,SIVR"
"2025-09-18 13:30:00,39.47999954223633,39.869998931884766,39.7400016784668,39.86000061035156,ETF,SIVR"
"2025-09-19 13:30:00,40.08000183105469,41.04999923706055,40.130001068115234,40.970001220703125,ETF,SIVR"
"2025-09-22 13:30:00,41.29999923706055,42.040000915527344,41.45000076293945,42.029998779296875,ETF,SIVR"
"2025-09-23 13:30:00,41.77000045776367,42.349998474121094,42.29999923706055,41.93000030517578,ETF,SIVR"
"2025-09-24 13:30:00,41.61000061035156,42.150001525878906,42.119998931884766,41.79999923706055,ETF,SIVR"
"2025-09-25 13:30:00,42.11000061035156,43.09000015258789,42.45000076293945,43.04999923706055,ETF,SIVR"
"2025-09-26 13:30:00,43.13999938964844,44.41999816894531,43.27000045776367,43.939998626708984,ETF,SIVR"
"2025-09-29 13:30:00,44.27000045776367,44.86000061035156,44.560001373291016,44.619998931884766,ETF,SIVR"
"2025-09-30 13:30:00,43.58000183105469,44.56999969482422,43.86000061035156,44.47999954223633,ETF,SIVR"
"2025-10-01 13:30:00,45.0,45.54999923706055,45.18000030517578,45.040000915527344,ETF,SIVR"
"2025-10-02 13:30:00,43.720001220703125,45.79999923706055,45.70000076293945,44.63999938964844,ETF,SIVR"
"2025-10-03 13:30:00,45.18000030517578,46.08000183105469,45.47999954223633,45.709999084472656,ETF,SIVR"
"2025-10-06 13:30:00,46.09000015258789,46.47999954223633,46.18000030517578,46.279998779296875,ETF,SIVR"
"2025-10-07 13:30:00,45.08000183105469,46.220001220703125,46.130001068115234,45.5099983215332,ETF,SIVR"
"2025-10-08 13:30:00,46.459999084472656,47.209999084472656,46.619998931884766,46.7400016784668,ETF,SIVR"
"2025-10-09 13:30:00,45.43000030517578,48.290000915527344,48.2599983215332,46.849998474121094,ETF,SIVR"
"2025-10-10 13:30:00,47.2599983215332,48.310001373291016,47.66999816894531,47.5099983215332,ETF,SIVR"
"2024-09-09 13:30:00,197.3800048828125,202.92999267578125,200.00999450683594,201.80999755859375,EQUITY,GEV"
"2024-09-10 13:30:00,199.13999938964844,203.0,202.74000549316406,202.00999450683594,EQUITY,GEV"
"2024-09-11 13:30:00,201.5,210.1199951171875,204.10000610351562,209.14999389648438,EQUITY,GEV"
"2024-09-12 13:30:00,199.64999389648438,217.08999633789062,200.0,215.27000427246094,EQUITY,GEV"
"2024-09-13 13:30:00,219.00999450683594,228.677001953125,220.64999389648438,225.58999633789062,EQUITY,GEV"
"2024-09-16 13:30:00,225.24000549316406,231.50999450683594,227.8800048828125,229.92999267578125,EQUITY,GEV"
"2024-09-17 13:30:00,233.50999450683594,240.0,237.6699981689453,237.14999389648438,EQUITY,GEV"
"2024-09-18 13:30:00,234.0,241.5189971923828,238.6199951171875,235.6699981689453,EQUITY,GEV"
"2024-09-19 13:30:00,238.11000061035156,245.0,243.30499267578125,244.4499969482422,EQUITY,GEV"
"2024-09-20 13:30:00,242.25,250.8489990234375,243.22999572753906,245.4600067138672,EQUITY,GEV"
"2024-09-23 13:30:00,246.7899932861328,254.8699951171875,247.8249969482422,251.52999877929688,EQUITY,GEV"
"2024-09-24 13:30:00,252.1199951171875,257.5,254.0,255.47999572753906,EQUITY,GEV"
"2024-09-25 13:30:00,252.1699981689453,257.75,257.1000061035156,255.0500030517578,EQUITY,GEV"
"2024-09-26 13:30:00,247.07000732421875,258.6400146484375,257.760009765625,251.22000122070312,EQUITY,GEV"
"2024-09-27 13:30:00,249.5800018310547,254.42999267578125,250.75999450683594,249.86000061035156,EQUITY,GEV"
"2024-09-30 13:30:00,248.9600067138672,255.35000610351562,251.0,254.97999572753906,EQUITY,GEV"
"2024-10-01 13:30:00,251.10000610351562,257.6000061035156,256.0,256.5299987792969,EQUITY,GEV"
"2024-10-02 13:30:00,248.5,257.5299987792969,251.0,252.2899932861328,EQUITY,GEV"
"2024-10-03 13:30:00,250.88999938964844,257.239990234375,253.14999389648438,254.67999267578125,EQUITY,GEV"
"2024-10-04 13:30:00,253.22999572753906,266.4200134277344,257.0,265.5899963378906,EQUITY,GEV"
"2024-10-07 13:30:00,260.5199890136719,265.9800109863281,265.4100036621094,262.5400085449219,EQUITY,GEV"
"2024-10-08 13:30:00,262.25,266.5559997558594,264.0299987792969,264.2699890136719,EQUITY,GEV"
"2024-10-09 13:30:00,262.8800048828125,269.2980041503906,264.5,266.6000061035156,EQUITY,GEV"
"2024-10-10 13:30:00,261.7900085449219,266.54998779296875,264.0,264.6199951171875,EQUITY,GEV"
"2024-10-11 13:30:00,261.04998779296875,270.1099853515625,263.75,266.8900146484375,EQUITY,GEV"
"2024-10-14 13:30:00,265.69000244140625,270.8299865722656,267.260009765625,269.5,EQUITY,GEV"
"2024-10-15 13:30:00,260.04998779296875,270.8699951171875,270.0,266.3599853515625,EQUITY,GEV"
"2024-10-16 13:30:00,267.69000244140625,276.19000244140625,268.8999938964844,274.7699890136719,EQUITY,GEV"
"2024-10-17 13:30:00,271.8900146484375,281.37298583984375,279.239990234375,272.0,EQUITY,GEV"
"2024-10-18 13:30:00,271.3500061035156,275.29998779296875,273.69000244140625,272.7200012207031,EQUITY,GEV"
"2024-10-21 13:30:00,272.2799987792969,277.6000061035156,277.0,276.42999267578125,EQUITY,GEV"
"2024-10-22 13:30:00,270.5450134277344,278.2900085449219,271.0,276.4200134277344,EQUITY,GEV"
"2024-10-23 13:30:00,268.5,282.9700012207031,273.7099914550781,279.8800048828125,EQUITY,GEV"
"2024-10-24 13:30:00,283.0,297.5400085449219,285.80999755859375,297.0,EQUITY,GEV"
"2024-10-25 13:30:00,292.3949890136719,298.80999755859375,295.3900146484375,293.5400085449219,EQUITY,GEV"
"2024-10-28 13:30:00,288.0799865722656,295.94000244140625,295.739990234375,289.2300109863281,EQUITY,GEV"
"2024-10-29 13:30:00,284.1000061035156,298.9599914550781,288.0,298.7699890136719,EQUITY,GEV"
"2024-10-30 13:30:00,294.6700134277344,301.5299987792969,300.0,297.6000061035156,EQUITY,GEV"
"2024-10-31 13:30:00,296.0199890136719,303.7090148925781,300.0,301.6600036621094,EQUITY,GEV"
"2024-11-01 13:30:00,300.5199890136719,311.5799865722656,305.0,301.0899963378906,EQUITY,GEV"
"2024-11-04 14:30:00,292.5400085449219,301.5,298.0,295.4599914550781,EQUITY,GEV"
"2024-11-05 14:30:00,294.8699951171875,316.45001220703125,295.8500061035156,315.7699890136719,EQUITY,GEV"
"2024-11-06 14:30:00,319.0,338.5799865722656,321.1600036621094,336.29998779296875,EQUITY,GEV"
"2024-11-07 14:30:00,332.5,340.4100036621094,339.0,336.7799987792969,EQUITY,GEV"
"2024-11-08 14:30:00,335.75,342.7900085449219,336.5,341.17999267578125,EQUITY,GEV"
"2024-11-11 14:30:00,338.5,349.7900085449219,347.79998779296875,349.44000244140625,EQUITY,GEV"
"2024-11-12 14:30:00,319.1000061035156,349.3999938964844,346.5,323.7099914550781,EQUITY,GEV"
"2024-11-13 14:30:00,330.54998779296875,343.64300537109375,334.4200134277344,333.260009765625,EQUITY,GEV"
"2024-11-14 14:30:00,325.2799987792969,335.1109924316406,333.260009765625,326.0400085449219,EQUITY,GEV"
"2024-11-15 14:30:00,325.1000061035156,339.2359924316406,325.1000061035156,329.760009765625,EQUITY,GEV"
"2024-11-18 14:30:00,322.1600036621094,333.239990234375,326.57000732421875,325.3699951171875,EQUITY,GEV"
"2024-11-19 14:30:00,317.54998779296875,340.3900146484375,320.010009765625,340.0,EQUITY,GEV"
"2024-11-20 14:30:00,337.739990234375,348.0,343.75,342.7699890136719,EQUITY,GEV"
"2024-11-21 14:30:00,339.3800048828125,357.0899963378906,349.8999938964844,339.8500061035156,EQUITY,GEV"
"2024-11-22 14:30:00,334.0,349.70001220703125,339.8500061035156,349.1600036621094,EQUITY,GEV"
"2024-11-25 14:30:00,328.1940002441406,354.989990234375,353.5199890136719,328.9800109863281,EQUITY,GEV"
"2024-11-26 14:30:00,330.614990234375,340.7099914550781,332.2699890136719,338.8900146484375,EQUITY,GEV"
"2024-11-27 14:30:00,329.6300048828125,339.739990234375,339.2300109863281,335.3299865722656,EQUITY,GEV"
"2024-11-29 14:30:00,332.6700134277344,336.6199951171875,334.4599914550781,334.1199951171875,EQUITY,GEV"
"2024-12-02 14:30:00,335.510009765625,346.6700134277344,335.7300109863281,337.5400085449219,EQUITY,GEV"
"2024-12-03 14:30:00,326.6300048828125,339.9599914550781,338.75,331.9200134277344,EQUITY,GEV"
"2024-12-04 14:30:00,333.6300048828125,344.7300109863281,336.4849853515625,343.75,EQUITY,GEV"
"2024-12-05 14:30:00,344.94000244140625,354.69000244140625,346.0199890136719,348.1300048828125,EQUITY,GEV"
"2024-12-06 14:30:00,341.0,349.32000732421875,347.5,346.510009765625,EQUITY,GEV"
"2024-12-09 14:30:00,324.5,345.0,340.3500061035156,335.25,EQUITY,GEV"
"2024-12-10 14:30:00,322.33099365234375,336.5899963378906,334.2099914550781,327.3900146484375,EQUITY,GEV"
"2024-12-11 14:30:00,333.3299865722656,350.5799865722656,333.55999755859375,343.79998779296875,EQUITY,GEV"
"2024-12-12 14:30:00,328.19000244140625,343.0,343.0,329.9100036621094,EQUITY,GEV"
"2024-12-13 14:30:00,329.45001220703125,338.0,334.7799987792969,332.010009765625,EQUITY,GEV"
"2024-12-16 14:30:00,330.8399963378906,340.5,336.05999755859375,337.7099914550781,EQUITY,GEV"
"2024-12-17 14:30:00,323.5,334.0,333.0,328.3399963378906,EQUITY,GEV"
"2024-12-18 14:30:00,314.19000244140625,332.05999755859375,327.5899963378906,317.1199951171875,EQUITY,GEV"
"2024-12-19 14:30:00,322.510009765625,337.4599914550781,324.95001220703125,332.79998779296875,EQUITY,GEV"
"2024-12-20 14:30:00,327.1499938964844,345.6400146484375,328.1300048828125,342.6600036621094,EQUITY,GEV"
"2024-12-23 14:30:00,337.0,346.2799987792969,344.25,344.9200134277344,EQUITY,GEV"
"2024-12-24 14:30:00,343.32000732421875,348.989990234375,347.2200012207031,347.2900085449219,EQUITY,GEV"
"2024-12-26 14:30:00,338.8999938964844,345.79998779296875,345.79998779296875,343.07000732421875,EQUITY,GEV"
"2024-12-27 14:30:00,332.5,340.75,339.95001220703125,333.79998779296875,EQUITY,GEV"
"2024-12-30 14:30:00,323.0,335.6400146484375,324.3399963378906,330.260009765625,EQUITY,GEV"
"2024-12-31 14:30:00,327.5,333.09600830078125,330.92999267578125,328.92999267578125,EQUITY,GEV"
"2025-01-02 14:30:00,328.5199890136719,342.6700134277344,332.7900085449219,338.94000244140625,EQUITY,GEV"
"2025-01-03 14:30:00,331.5,354.9800109863281,331.69000244140625,354.0299987792969,EQUITY,GEV"
"2025-01-06 14:30:00,366.510009765625,376.2950134277344,369.75,371.32000732421875,EQUITY,GEV"
"2025-01-07 14:30:00,357.22601318359375,374.6199951171875,373.260009765625,368.5199890136719,EQUITY,GEV"
"2025-01-08 14:30:00,348.20001220703125,368.7900085449219,362.30999755859375,366.4800109863281,EQUITY,GEV"
"2025-01-10 14:30:00,351.0,367.8299865722656,363.20001220703125,367.1000061035156,EQUITY,GEV"
"2025-01-13 14:30:00,353.010009765625,366.8500061035156,355.3299865722656,366.80999755859375,EQUITY,GEV"
"2025-01-14 14:30:00,373.70001220703125,388.8800048828125,376.32000732421875,382.260009765625,EQUITY,GEV"
"2025-01-15 14:30:00,380.0,392.7699890136719,391.0,387.0299987792969,EQUITY,GEV"
"2025-01-16 14:30:00,387.0299987792969,397.760009765625,394.07000732421875,391.0,EQUITY,GEV"
"2025-01-17 14:30:00,389.5899963378906,404.1300048828125,393.2900085449219,401.4100036621094,EQUITY,GEV"
"2025-01-21 14:30:00,395.2900085449219,417.2099914550781,405.0,416.0,EQUITY,GEV"
"2025-01-22 14:30:00,418.1000061035156,434.1000061035156,430.0,427.1000061035156,EQUITY,GEV"
"2025-01-23 14:30:00,422.6600036621094,447.5,423.6300048828125,437.7099914550781,EQUITY,GEV"
"2025-01-24 14:30:00,416.0,436.92999267578125,436.92999267578125,420.489990234375,EQUITY,GEV"
"2025-01-27 14:30:00,322.29998779296875,353.0,339.6000061035156,330.0,EQUITY,GEV"
"2025-01-28 14:30:00,317.70001220703125,355.510009765625,351.4150085449219,355.1199951171875,EQUITY,GEV"
"2025-01-29 14:30:00,346.260009765625,368.8399963378906,358.29998779296875,353.25,EQUITY,GEV"
"2025-01-30 14:30:00,364.92999267578125,387.6400146484375,365.0,382.94000244140625,EQUITY,GEV"
"2025-01-31 14:30:00,370.55999755859375,387.0799865722656,385.55999755859375,372.8800048828125,EQUITY,GEV"
"2025-02-03 14:30:00,348.95001220703125,367.19500732421875,350.3399963378906,361.7099914550781,EQUITY,GEV"
"2025-02-04 14:30:00,349.56500244140625,366.0799865722656,360.6000061035156,356.5299987792969,EQUITY,GEV"
"2025-02-05 14:30:00,359.6300048828125,369.4750061035156,363.9700012207031,367.92999267578125,EQUITY,GEV"
"2025-02-06 14:30:00,364.5979919433594,380.04998779296875,365.989990234375,374.8299865722656,EQUITY,GEV"
"2025-02-07 14:30:00,375.3900146484375,389.8900146484375,380.67999267578125,377.9700012207031,EQUITY,GEV"
"2025-02-10 14:30:00,372.0,385.70001220703125,379.1499938964844,385.0,EQUITY,GEV"
"2025-02-11 14:30:00,369.3699951171875,383.0799865722656,381.29998779296875,372.8999938964844,EQUITY,GEV"
"2025-02-12 14:30:00,359.7300109863281,378.260009765625,364.760009765625,369.6499938964844,EQUITY,GEV"
"2025-02-13 14:30:00,360.6000061035156,377.20001220703125,376.0,370.30999755859375,EQUITY,GEV"
"2025-02-14 14:30:00,357.0,369.2799987792969,369.2799987792969,367.5899963378906,EQUITY,GEV"
"2025-02-18 14:30:00,363.3500061035156,377.7699890136719,367.9200134277344,373.25,EQUITY,GEV"
"2025-02-19 14:30:00,366.25,376.4800109863281,369.94000244140625,375.20001220703125,EQUITY,GEV"
"2025-02-20 14:30:00,353.1099853515625,383.2900085449219,375.05999755859375,359.67999267578125,EQUITY,GEV"
"2025-02-21 14:30:00,325.4200134277344,359.92999267578125,357.6000061035156,327.8800048828125,EQUITY,GEV"
"2025-02-24 14:30:00,303.44000244140625,329.3869934082031,327.3800048828125,315.9100036621094,EQUITY,GEV"
"2025-02-25 14:30:00,298.0,322.10400390625,307.260009765625,317.69000244140625,EQUITY,GEV"
"2025-02-26 14:30:00,327.8500061035156,342.07000732421875,334.8299865722656,335.239990234375,EQUITY,GEV"
"2025-02-27 14:30:00,322.0,348.510009765625,345.17999267578125,326.2799987792969,EQUITY,GEV"
"2025-02-28 14:30:00,318.67999267578125,336.0,322.3500061035156,335.17999267578125,EQUITY,GEV"
"2025-03-03 14:30:00,308.77301025390625,337.42999267578125,334.70001220703125,315.9800109863281,EQUITY,GEV"
"2025-03-04 14:30:00,294.45001220703125,321.6499938964844,305.79998779296875,313.07000732421875,EQUITY,GEV"
"2025-03-05 14:30:00,311.19000244140625,323.8900146484375,314.54998779296875,316.79998779296875,EQUITY,GEV"
"2025-03-06 14:30:00,288.2799987792969,309.0799865722656,306.67999267578125,293.2099914550781,EQUITY,GEV"
"2025-03-07 14:30:00,279.55999755859375,301.0,293.0,289.29998779296875,EQUITY,GEV"
"2025-03-10 13:30:00,266.4700012207031,281.3699951171875,275.9700012207031,270.1300048828125,EQUITY,GEV"
"2025-03-11 13:30:00,268.510009765625,291.5299987792969,269.989990234375,284.2099914550781,EQUITY,GEV"
"2025-03-12 13:30:00,292.3900146484375,308.0,301.5799865722656,298.67999267578125,EQUITY,GEV"
"2025-03-13 13:30:00,285.3500061035156,303.489990234375,297.0,300.239990234375,EQUITY,GEV"
"2025-03-14 13:30:00,303.0,315.79998779296875,306.45001220703125,313.6300048828125,EQUITY,GEV"
"2025-03-17 13:30:00,311.0,335.2900085449219,312.5,331.9599914550781,EQUITY,GEV"
"2025-03-18 13:30:00,314.56201171875,330.97698974609375,329.0,318.92999267578125,EQUITY,GEV"
"2025-03-19 13:30:00,320.5,343.4200134277344,323.2650146484375,335.79998779296875,EQUITY,GEV"
"2025-03-20 13:30:00,329.2699890136719,342.3399963378906,329.2699890136719,336.8299865722656,EQUITY,GEV"
"2025-03-21 13:30:00,325.1099853515625,335.1520080566406,330.6400146484375,333.8699951171875,EQUITY,GEV"
"2025-03-24 13:30:00,339.1499938964844,349.6199951171875,344.239990234375,343.57000732421875,EQUITY,GEV"
"2025-03-25 13:30:00,333.2099914550781,344.94000244140625,343.8699951171875,336.20001220703125,EQUITY,GEV"
"2025-03-26 13:30:00,314.6600036621094,335.45001220703125,335.45001220703125,317.70001220703125,EQUITY,GEV"
"2025-03-27 13:30:00,302.3299865722656,314.989990234375,310.17999267578125,303.0,EQUITY,GEV"
"2025-03-28 13:30:00,299.1300048828125,308.8800048828125,302.0,302.92999267578125,EQUITY,GEV"
"2025-03-31 13:30:00,288.0,306.0299987792969,291.3500061035156,305.2799987792969,EQUITY,GEV"
"2025-04-01 13:30:00,302.3999938964844,316.42999267578125,307.6000061035156,315.6400146484375,EQUITY,GEV"
"2025-04-02 13:30:00,306.0,335.7850036621094,307.0799865722656,330.79998779296875,EQUITY,GEV"
"2025-04-03 13:30:00,293.4750061035156,315.8699951171875,306.9549865722656,297.6600036621094,EQUITY,GEV"
"2025-04-04 13:30:00,252.25,283.4700012207031,277.1600036621094,271.4800109863281,EQUITY,GEV"
"2025-04-07 13:30:00,253.0760040283203,298.489990234375,257.0199890136719,286.07000732421875,EQUITY,GEV"
"2025-04-08 13:30:00,279.5719909667969,307.05999755859375,303.7699890136719,286.8900146484375,EQUITY,GEV"
"2025-04-09 13:30:00,281.5610046386719,333.29998779296875,283.2099914550781,326.80999755859375,EQUITY,GEV"
"2025-04-10 13:30:00,303.1000061035156,322.239990234375,312.0400085449219,309.95001220703125,EQUITY,GEV"
"2025-04-11 13:30:00,306.0,323.2099914550781,310.0,321.42999267578125,EQUITY,GEV"
"2025-04-14 13:30:00,317.5,334.25,333.3299865722656,322.29998779296875,EQUITY,GEV"
"2025-04-15 13:30:00,323.07000732421875,331.1300048828125,323.3699951171875,328.55999755859375,EQUITY,GEV"
"2025-04-16 13:30:00,316.0,332.30999755859375,318.57000732421875,328.1600036621094,EQUITY,GEV"
"2025-04-17 13:30:00,321.7799987792969,339.989990234375,335.260009765625,323.54998779296875,EQUITY,GEV"
"2025-04-21 13:30:00,306.2099914550781,324.92999267578125,320.0,313.0799865722656,EQUITY,GEV"
"2025-04-22 13:30:00,317.6000061035156,331.2200012207031,319.04998779296875,326.07000732421875,EQUITY,GEV"
"2025-04-23 13:30:00,333.19000244140625,358.8800048828125,354.0400085449219,336.0899963378906,EQUITY,GEV"
"2025-04-24 13:30:00,337.30999755859375,366.6600036621094,342.489990234375,360.489990234375,EQUITY,GEV"
"2025-04-25 13:30:00,356.94000244140625,376.1499938964844,359.80999755859375,372.4200134277344,EQUITY,GEV"
"2025-04-28 13:30:00,361.6300048828125,379.9620056152344,371.0,370.05999755859375,EQUITY,GEV"
"2025-04-29 13:30:00,363.2200012207031,372.0899963378906,369.6199951171875,371.19000244140625,EQUITY,GEV"
"2025-04-30 13:30:00,357.6400146484375,371.510009765625,359.9800109863281,370.82000732421875,EQUITY,GEV"
"2025-05-01 13:30:00,378.4700012207031,387.5199890136719,383.3399963378906,382.2900085449219,EQUITY,GEV"
"2025-05-02 13:30:00,385.54998779296875,403.4200134277344,391.0,396.32000732421875,EQUITY,GEV"
"2025-05-05 13:30:00,390.21099853515625,403.79998779296875,392.0,401.1000061035156,EQUITY,GEV"
"2025-05-06 13:30:00,392.1199951171875,402.6400146484375,394.57000732421875,401.2300109863281,EQUITY,GEV"
"2025-05-07 13:30:00,397.010009765625,407.2900085449219,400.0,406.80999755859375,EQUITY,GEV"
"2025-05-08 13:30:00,393.8599853515625,413.75,410.0,394.0,EQUITY,GEV"
"2025-05-09 13:30:00,387.0299987792969,399.7799987792969,396.25,399.260009765625,EQUITY,GEV"
"2025-05-12 13:30:00,408.82000732421875,418.79998779296875,415.0,416.6300048828125,EQUITY,GEV"
"2025-05-13 13:30:00,420.0,444.0,420.9100036621094,433.3299865722656,EQUITY,GEV"
"2025-05-14 13:30:00,431.82000732421875,440.3399963378906,438.9200134277344,432.8399963378906,EQUITY,GEV"
"2025-05-15 13:30:00,425.3900146484375,432.7900085449219,430.1700134277344,426.9700012207031,EQUITY,GEV"
"2025-05-16 13:30:00,423.1000061035156,431.4630126953125,431.0,428.05999755859375,EQUITY,GEV"
"2025-05-19 13:30:00,421.63800048828125,447.44500732421875,424.5,446.6000061035156,EQUITY,GEV"
"2025-05-20 13:30:00,442.5570068359375,451.364990234375,443.7799987792969,450.0400085449219,EQUITY,GEV"
"2025-05-21 13:30:00,446.5,463.0,447.0,453.0299987792969,EQUITY,GEV"
"2025-05-22 13:30:00,448.45001220703125,464.70001220703125,453.0,458.82000732421875,EQUITY,GEV"
"2025-05-23 13:30:00,458.7900085449219,469.8110046386719,460.010009765625,464.3900146484375,EQUITY,GEV"
"2025-05-27 13:30:00,466.0,476.010009765625,471.6400146484375,471.510009765625,EQUITY,GEV"
"2025-05-28 13:30:00,467.5,487.3999938964844,468.5400085449219,485.010009765625,EQUITY,GEV"
"2025-05-29 13:30:00,462.0,489.1300048828125,487.25,471.1700134277344,EQUITY,GEV"
"2025-05-30 13:30:00,463.3399963378906,473.7900085449219,470.0,472.9800109863281,EQUITY,GEV"
"2025-06-02 13:30:00,472.489990234375,486.2799987792969,475.0,485.1600036621094,EQUITY,GEV"
"2025-06-03 13:30:00,485.0,500.7200012207031,494.0,492.9700012207031,EQUITY,GEV"
"2025-06-04 13:30:00,486.510009765625,499.42999267578125,493.7300109863281,488.1300048828125,EQUITY,GEV"
"2025-06-05 13:30:00,479.5379943847656,493.8699951171875,491.07000732421875,484.30999755859375,EQUITY,GEV"
"2025-06-06 13:30:00,478.0,488.95001220703125,486.7799987792969,485.0,EQUITY,GEV"
"2025-06-09 13:30:00,479.79998779296875,492.30999755859375,492.0,480.0,EQUITY,GEV"
"2025-06-10 13:30:00,458.64599609375,482.69000244140625,482.3599853515625,465.30999755859375,EQUITY,GEV"
"2025-06-11 13:30:00,464.0,484.3299865722656,469.5199890136719,483.4700012207031,EQUITY,GEV"
"2025-06-12 13:30:00,478.1000061035156,489.7099914550781,478.80999755859375,487.6700134277344,EQUITY,GEV"
"2025-06-13 13:30:00,474.2099914550781,484.62799072265625,477.67999267578125,478.45001220703125,EQUITY,GEV"
"2025-06-16 13:30:00,480.0,492.5299987792969,480.0,487.8800048828125,EQUITY,GEV"
"2025-06-17 13:30:00,481.6000061035156,494.0199890136719,486.7699890136719,488.6600036621094,EQUITY,GEV"
"2025-06-18 13:30:00,482.010009765625,491.1300048828125,486.7900085449219,490.19000244140625,EQUITY,GEV"
"2025-06-20 13:30:00,480.54998779296875,496.010009765625,493.5299987792969,486.9599914550781,EQUITY,GEV"
"2025-06-23 13:30:00,479.0400085449219,500.0400085449219,486.6600036621094,499.8800048828125,EQUITY,GEV"
"2025-06-24 13:30:00,496.7300109863281,512.8200073242188,505.9599914550781,510.8399963378906,EQUITY,GEV"
"2025-06-25 13:30:00,502.25,522.969970703125,516.0,502.6700134277344,EQUITY,GEV"
"2025-06-26 13:30:00,498.80999755859375,508.9100036621094,505.0,506.80999755859375,EQUITY,GEV"
"2025-06-27 13:30:00,503.0,532.5900268554688,507.0,519.6599731445312,EQUITY,GEV"
"2025-06-30 13:30:00,516.593994140625,531.3699951171875,524.27001953125,529.1500244140625,EQUITY,GEV"
"2025-07-01 13:30:00,482.20001220703125,528.0,525.1599731445312,506.0,EQUITY,GEV"
"2025-07-02 13:30:00,497.29998779296875,511.5199890136719,502.5799865722656,505.07000732421875,EQUITY,GEV"
"2025-07-03 13:30:00,506.0199890136719,519.7100219726562,511.739990234375,517.0399780273438,EQUITY,GEV"
"2025-07-07 13:30:00,514.0800170898438,531.1900024414062,520.0,530.280029296875,EQUITY,GEV"
"2025-07-08 13:30:00,511.5,537.219970703125,535.0,530.0,EQUITY,GEV"
"2025-07-09 13:30:00,530.0,545.6300048828125,535.5599975585938,535.77001953125,EQUITY,GEV"
"2025-07-10 13:30:00,520.0,542.3699951171875,539.0399780273438,539.3599853515625,EQUITY,GEV"
"2025-07-11 13:30:00,534.6699829101562,546.6500244140625,538.0,539.1599731445312,EQUITY,GEV"
"2025-07-14 13:30:00,540.0,555.85498046875,541.4500122070312,555.0399780273438,EQUITY,GEV"
"2025-07-15 13:30:00,545.489990234375,560.6300048828125,556.8099975585938,559.6099853515625,EQUITY,GEV"
"2025-07-16 13:30:00,552.0,566.52001953125,559.6199951171875,561.1699829101562,EQUITY,GEV"
"2025-07-17 13:30:00,566.219970703125,581.2650146484375,568.6500244140625,570.1699829101562,EQUITY,GEV"
"2025-07-18 13:30:00,567.0,579.0250244140625,570.6099853515625,574.5999755859375,EQUITY,GEV"
"2025-07-21 13:30:00,564.6599731445312,577.625,576.1400146484375,565.9099731445312,EQUITY,GEV"
"2025-07-22 13:30:00,537.155029296875,558.510009765625,558.510009765625,548.989990234375,EQUITY,GEV"
"2025-07-23 13:30:00,585.0,633.719970703125,595.75,629.030029296875,EQUITY,GEV"
"2025-07-24 13:30:00,615.2999877929688,633.0700073242188,632.27001953125,623.969970703125,EQUITY,GEV"
"2025-07-25 13:30:00,626.0,651.219970703125,630.0,644.5900268554688,EQUITY,GEV"
"2025-07-28 13:30:00,631.1599731445312,648.5180053710938,638.260009765625,647.6599731445312,EQUITY,GEV"
"2025-07-29 13:30:00,629.989990234375,655.6500244140625,646.989990234375,632.6699829101562,EQUITY,GEV"
"2025-07-30 13:30:00,635.1699829101562,656.1699829101562,639.9500122070312,655.0,EQUITY,GEV"
"2025-07-31 13:30:00,656.0700073242188,677.2899780273438,660.0,660.2899780273438,EQUITY,GEV"
"2025-08-01 13:30:00,632.4600219726562,664.260009765625,638.1799926757812,656.5,EQUITY,GEV"
"2025-08-04 13:30:00,653.9500122070312,674.969970703125,659.3599853515625,662.77001953125,EQUITY,GEV"
"2025-08-05 13:30:00,643.9600219726562,665.1099853515625,661.239990234375,649.719970703125,EQUITY,GEV"
"2025-08-06 13:30:00,644.0,666.2899780273438,646.6300048828125,664.5499877929688,EQUITY,GEV"
"2025-08-07 13:30:00,638.52001953125,669.3829956054688,665.77001953125,645.8599853515625,EQUITY,GEV"
"2025-08-08 13:30:00,639.1699829101562,656.25,655.22998046875,649.0900268554688,EQUITY,GEV"
"2025-08-11 13:30:00,637.3699951171875,653.4199829101562,641.0,650.760009765625,EQUITY,GEV"
"2025-08-12 13:30:00,651.0,662.8350219726562,652.739990234375,657.4400024414062,EQUITY,GEV"
"2025-08-13 13:30:00,614.22998046875,666.1500244140625,662.3200073242188,634.3099975585938,EQUITY,GEV"
"2025-08-14 13:30:00,620.280029296875,640.280029296875,627.0,625.27001953125,EQUITY,GEV"
"2025-08-15 13:30:00,607.8599853515625,624.030029296875,624.030029296875,621.9099731445312,EQUITY,GEV"
"2025-08-18 13:30:00,614.22998046875,628.5449829101562,621.3800048828125,625.02001953125,EQUITY,GEV"
"2025-08-19 13:30:00,595.1900024414062,620.97998046875,620.5499877929688,603.1300048828125,EQUITY,GEV"
"2025-08-20 13:30:00,581.22998046875,607.77001953125,592.6099853515625,604.5900268554688,EQUITY,GEV"
"2025-08-21 13:30:00,605.3099975585938,620.0,607.02001953125,606.0,EQUITY,GEV"
"2025-08-22 13:30:00,602.5,623.97998046875,607.969970703125,607.0700073242188,EQUITY,GEV"
"2025-08-25 13:30:00,597.0339965820312,614.4710083007812,608.8300170898438,602.3099975585938,EQUITY,GEV"
"2025-08-26 13:30:00,603.0419921875,628.5800170898438,603.8499755859375,625.9099731445312,EQUITY,GEV"
"2025-08-27 13:30:00,618.0,629.9349975585938,625.219970703125,622.3900146484375,EQUITY,GEV"
"2025-08-28 13:30:00,626.780029296875,646.9500122070312,626.780029296875,633.6900024414062,EQUITY,GEV"
"2025-08-29 13:30:00,609.3400268554688,635.0,631.8599853515625,612.969970703125,EQUITY,GEV"
"2025-09-02 13:30:00,567.8599853515625,594.0,590.5499877929688,579.6799926757812,EQUITY,GEV"
"2025-09-03 13:30:00,565.4299926757812,586.2849731445312,586.2849731445312,577.0399780273438,EQUITY,GEV"
"2025-09-04 13:30:00,580.0599975585938,600.3699951171875,580.8099975585938,598.8099975585938,EQUITY,GEV"
"2025-09-05 13:30:00,565.5,604.5,599.9600219726562,582.0800170898438,EQUITY,GEV"
"2025-09-08 13:30:00,584.9400024414062,606.0,594.4099731445312,600.22998046875,EQUITY,GEV"
"2025-09-09 13:30:00,594.77001953125,607.6900024414062,606.3499755859375,605.7000122070312,EQUITY,GEV"
"2025-09-10 13:30:00,623.0,645.1900024414062,625.0,643.5599975585938,EQUITY,GEV"
"2025-09-11 13:30:00,620.0999755859375,653.5,648.75,634.1500244140625,EQUITY,GEV"
"2025-09-12 13:30:00,624.1500244140625,646.8800048828125,632.1199951171875,625.5499877929688,EQUITY,GEV"
"2025-09-15 13:30:00,624.0999755859375,639.8900146484375,630.1500244140625,628.6799926757812,EQUITY,GEV"
"2025-09-16 13:30:00,608.72998046875,633.52001953125,629.5,617.9099731445312,EQUITY,GEV"
"2025-09-17 13:30:00,601.1199951171875,619.114013671875,616.4000244140625,614.7899780273438,EQUITY,GEV"
"2025-09-18 13:30:00,611.0,627.0999755859375,622.9600219726562,611.0,EQUITY,GEV"
"2025-09-19 13:30:00,596.5059814453125,625.6599731445312,611.6900024414062,624.1699829101562,EQUITY,GEV"
"2025-09-22 13:30:00,620.1099853515625,648.5,620.1099853515625,644.3699951171875,EQUITY,GEV"
"2025-09-23 13:30:00,622.2000122070312,644.7210083007812,644.6799926757812,633.4099731445312,EQUITY,GEV"
"2025-09-24 13:30:00,624.1900024414062,642.0,640.0,628.969970703125,EQUITY,GEV"
"2025-09-25 13:30:00,593.3800048828125,619.7470092773438,614.905029296875,607.52001953125,EQUITY,GEV"
"2025-09-26 13:30:00,598.1099853515625,615.1400146484375,610.0,605.1699829101562,EQUITY,GEV"
"2025-09-29 13:30:00,596.3800048828125,616.4400024414062,612.4500122070312,602.4299926757812,EQUITY,GEV"
"2025-09-30 13:30:00,603.2990112304688,614.9400024414062,604.8800048828125,614.9000244140625,EQUITY,GEV"
"2025-10-01 13:30:00,595.0,610.6599731445312,599.6400146484375,606.1500244140625,EQUITY,GEV"
"2025-10-02 13:30:00,603.614990234375,622.5,611.1099853515625,606.22998046875,EQUITY,GEV"
"2025-10-03 13:30:00,588.0,611.75,610.2899780273438,594.989990234375,EQUITY,GEV"
"2025-10-06 13:30:00,593.7000122070312,608.5900268554688,606.0,603.219970703125,EQUITY,GEV"
"2025-10-07 13:30:00,592.0,609.3900146484375,603.155029296875,606.1199951171875,EQUITY,GEV"
"2025-10-08 13:30:00,599.0,626.4409790039062,613.0,625.4500122070312,EQUITY,GEV"
"2025-10-09 13:30:00,621.1110229492188,637.1500244140625,629.0,634.27001953125,EQUITY,GEV"
"2025-10-10 13:30:00,602.594970703125,634.27001953125,630.0,604.5599975585938,EQUITY,GEV"
"2024-09-09 13:30:00,230.9499969482422,234.66000366210938,232.89999389648438,231.8300018310547,EQUITY,VMC"
"2024-09-10 13:30:00,231.02999877929688,233.82000732421875,233.72999572753906,232.9499969482422,EQUITY,VMC"
"2024-09-11 13:30:00,225.36000061035156,233.3699951171875,231.5,232.9499969482422,EQUITY,VMC"
"2024-09-12 13:30:00,233.52000427246094,237.3300018310547,233.52000427246094,236.27000427246094,EQUITY,VMC"
"2024-09-13 13:30:00,235.4600067138672,239.63999938964844,236.0,237.47000122070312,EQUITY,VMC"
"2024-09-16 13:30:00,237.0,243.3300018310547,238.0500030517578,242.8699951171875,EQUITY,VMC"
"2024-09-17 13:30:00,242.0399932861328,247.0,243.36000061035156,245.1199951171875,EQUITY,VMC"
"2024-09-18 13:30:00,244.27000427246094,249.5800018310547,245.7100067138672,244.39999389648438,EQUITY,VMC"
"2024-09-19 13:30:00,246.44000244140625,254.00999450683594,250.0,253.6699981689453,EQUITY,VMC"
"2024-09-20 13:30:00,250.74000549316406,258.17999267578125,258.17999267578125,252.0500030517578,EQUITY,VMC"
"2024-09-23 13:30:00,250.3300018310547,253.8000030517578,252.60000610351562,252.3300018310547,EQUITY,VMC"
"2024-09-24 13:30:00,247.38999938964844,253.8300018310547,253.08999633789062,249.8699951171875,EQUITY,VMC"
"2024-09-25 13:30:00,249.33999633789062,251.94000244140625,251.94000244140625,249.6300048828125,EQUITY,VMC"
"2024-09-26 13:30:00,249.6300048828125,257.010009765625,254.0800018310547,250.5800018310547,EQUITY,VMC"
"2024-09-27 13:30:00,248.1999969482422,252.3699951171875,251.1699981689453,250.24000549316406,EQUITY,VMC"
"2024-09-30 13:30:00,246.02000427246094,250.91000366210938,249.25,250.42999267578125,EQUITY,VMC"
"2024-10-01 13:30:00,244.4199981689453,251.72999572753906,249.77999877929688,247.49000549316406,EQUITY,VMC"
"2024-10-02 13:30:00,239.97000122070312,245.99000549316406,244.44000244140625,240.4600067138672,EQUITY,VMC"
"2024-10-03 13:30:00,238.60000610351562,242.94000244140625,240.22999572753906,241.10000610351562,EQUITY,VMC"
"2024-10-04 13:30:00,239.41000366210938,243.1999969482422,243.17999267578125,241.42999267578125,EQUITY,VMC"
"2024-10-07 13:30:00,237.3300018310547,240.3000030517578,238.61000061035156,238.02999877929688,EQUITY,VMC"
"2024-10-08 13:30:00,236.6300048828125,239.58999633789062,238.1999969482422,238.19000244140625,EQUITY,VMC"
"2024-10-09 13:30:00,236.5500030517578,243.35000610351562,238.19000244140625,241.63999938964844,EQUITY,VMC"
"2024-10-10 13:30:00,238.6999969482422,245.5399932861328,239.36000061035156,243.89999389648438,EQUITY,VMC"
"2024-10-11 13:30:00,243.94000244140625,248.52999877929688,243.94000244140625,247.50999450683594,EQUITY,VMC"
"2024-10-14 13:30:00,244.6300048828125,249.44000244140625,247.91000366210938,248.6999969482422,EQUITY,VMC"
"2024-10-15 13:30:00,249.69000244140625,257.79998779296875,250.0,252.7899932861328,EQUITY,VMC"
"2024-10-16 13:30:00,251.82000732421875,256.7900085449219,253.00999450683594,256.4800109863281,EQUITY,VMC"
"2024-10-17 13:30:00,256.3900146484375,259.7699890136719,257.94000244140625,258.6400146484375,EQUITY,VMC"
"2024-10-18 13:30:00,255.5,262.79998779296875,258.6300048828125,261.7200012207031,EQUITY,VMC"
"2024-10-21 13:30:00,257.2200012207031,261.5799865722656,261.5799865722656,259.94000244140625,EQUITY,VMC"
"2024-10-22 13:30:00,253.6699981689453,259.1000061035156,258.95001220703125,253.72000122070312,EQUITY,VMC"
"2024-10-23 13:30:00,250.75999450683594,254.99000549316406,253.49000549316406,253.57000732421875,EQUITY,VMC"
"2024-10-24 13:30:00,252.3800048828125,256.5400085449219,253.72999572753906,256.1400146484375,EQUITY,VMC"
"2024-10-25 13:30:00,255.6300048828125,259.30999755859375,258.3399963378906,256.5400085449219,EQUITY,VMC"
"2024-10-28 13:30:00,257.19000244140625,260.1600036621094,258.44000244140625,258.5,EQUITY,VMC"
"2024-10-29 13:30:00,254.47000122070312,260.8699951171875,256.8999938964844,259.54998779296875,EQUITY,VMC"
"2024-10-30 13:30:00,267.8800048828125,279.4700012207031,270.0,276.2300109863281,EQUITY,VMC"
"2024-10-31 13:30:00,273.1099853515625,278.4599914550781,273.8500061035156,273.92999267578125,EQUITY,VMC"
"2024-11-01 13:30:00,270.260009765625,275.3999938964844,275.29998779296875,270.3900146484375,EQUITY,VMC"
"2024-11-04 14:30:00,268.20001220703125,272.7099914550781,270.1300048828125,268.8599853515625,EQUITY,VMC"
"2024-11-05 14:30:00,267.69000244140625,272.8900146484375,267.9100036621094,272.6700134277344,EQUITY,VMC"
"2024-11-06 14:30:00,287.6000061035156,298.30999755859375,288.0299987792969,290.45001220703125,EQUITY,VMC"
"2024-11-07 14:30:00,288.55999755859375,293.2799987792969,292.1099853515625,290.5899963378906,EQUITY,VMC"
"2024-11-08 14:30:00,290.0199890136719,293.7300109863281,290.5799865722656,292.30999755859375,EQUITY,VMC"
"2024-11-11 14:30:00,290.67999267578125,295.1000061035156,293.7900085449219,292.0400085449219,EQUITY,VMC"
"2024-11-12 14:30:00,286.44000244140625,292.3800048828125,290.92999267578125,288.3800048828125,EQUITY,VMC"
"2024-11-13 14:30:00,286.7099914550781,290.9200134277344,288.8399963378906,287.7099914550781,EQUITY,VMC"
"2024-11-14 14:30:00,281.6099853515625,288.6099853515625,287.32000732421875,282.67999267578125,EQUITY,VMC"
"2024-11-15 14:30:00,277.6000061035156,283.2200012207031,281.67999267578125,279.2799987792969,EQUITY,VMC"
"2024-11-18 14:30:00,277.6000061035156,280.70001220703125,280.70001220703125,278.739990234375,EQUITY,VMC"
"2024-11-19 14:30:00,273.6600036621094,278.2099914550781,275.0899963378906,278.010009765625,EQUITY,VMC"
"2024-11-20 14:30:00,276.2900085449219,278.5299987792969,278.5299987792969,277.80999755859375,EQUITY,VMC"
"2024-11-21 14:30:00,277.1600036621094,282.4100036621094,279.489990234375,281.17999267578125,EQUITY,VMC"
"2024-11-22 14:30:00,280.0899963378906,284.9200134277344,281.3500061035156,284.6099853515625,EQUITY,VMC"
"2024-11-25 14:30:00,285.6600036621094,291.8999938964844,285.95001220703125,290.3699951171875,EQUITY,VMC"
"2024-11-26 14:30:00,285.9200134277344,290.5400085449219,289.8999938964844,288.3999938964844,EQUITY,VMC"
"2024-11-27 14:30:00,285.6300048828125,291.69000244140625,290.07000732421875,286.3900146484375,EQUITY,VMC"
"2024-11-29 14:30:00,287.0899963378906,289.1300048828125,287.9200134277344,288.1300048828125,EQUITY,VMC"
"2024-12-02 14:30:00,285.0799865722656,288.32000732421875,288.32000732421875,287.04998779296875,EQUITY,VMC"
"2024-12-03 14:30:00,284.5899963378906,289.1199951171875,287.260009765625,286.5,EQUITY,VMC"
"2024-12-04 14:30:00,283.67999267578125,286.8900146484375,285.1300048828125,285.6499938964844,EQUITY,VMC"
"2024-12-05 14:30:00,282.1600036621094,289.2200012207031,285.0,287.6300048828125,EQUITY,VMC"
"2024-12-06 14:30:00,285.70001220703125,289.2900085449219,288.2300109863281,286.8599853515625,EQUITY,VMC"
"2024-12-09 14:30:00,278.8299865722656,288.8500061035156,286.5899963378906,281.2300109863281,EQUITY,VMC"
"2024-12-10 14:30:00,273.4200134277344,281.010009765625,279.45001220703125,276.30999755859375,EQUITY,VMC"
"2024-12-11 14:30:00,276.8299865722656,279.8999938964844,279.3900146484375,279.55999755859375,EQUITY,VMC"
"2024-12-12 14:30:00,277.3800048828125,279.8999938964844,279.8999938964844,278.1099853515625,EQUITY,VMC"
"2024-12-13 14:30:00,274.0799865722656,278.67999267578125,277.9599914550781,275.7699890136719,EQUITY,VMC"
"2024-12-16 14:30:00,274.3299865722656,278.42999267578125,276.19000244140625,277.0,EQUITY,VMC"
"2024-12-17 14:30:00,272.1499938964844,276.2099914550781,275.3900146484375,272.6499938964844,EQUITY,VMC"
"2024-12-18 14:30:00,264.7300109863281,277.6700134277344,272.55999755859375,264.8900146484375,EQUITY,VMC"
"2024-12-19 14:30:00,259.989990234375,267.6199951171875,265.8500061035156,260.9200134277344,EQUITY,VMC"
"2024-12-20 14:30:00,258.3800048828125,265.82000732421875,259.19000244140625,263.1300048828125,EQUITY,VMC"
"2024-12-23 14:30:00,260.8900146484375,264.45001220703125,261.9800109863281,262.8699951171875,EQUITY,VMC"
"2024-12-24 14:30:00,262.1400146484375,264.6700134277344,263.0,264.30999755859375,EQUITY,VMC"
"2024-12-26 14:30:00,263.0400085449219,265.0,263.0400085449219,264.54998779296875,EQUITY,VMC"
"2024-12-27 14:30:00,261.20001220703125,265.2300109863281,262.0,262.3599853515625,EQUITY,VMC"
"2024-12-30 14:30:00,257.5199890136719,260.5299987792969,259.1199951171875,258.1600036621094,EQUITY,VMC"
"2024-12-31 14:30:00,256.7099914550781,260.2799987792969,259.3299865722656,257.2300109863281,EQUITY,VMC"
"2025-01-02 14:30:00,254.1199951171875,260.67999267578125,260.67999267578125,255.57000732421875,EQUITY,VMC"
"2025-01-03 14:30:00,254.92999267578125,258.5799865722656,257.4700012207031,257.1300048828125,EQUITY,VMC"
"2025-01-06 14:30:00,256.80999755859375,261.3500061035156,257.989990234375,257.3800048828125,EQUITY,VMC"
"2025-01-07 14:30:00,250.39999389648438,257.8999938964844,255.75,251.97999572753906,EQUITY,VMC"
"2025-01-08 14:30:00,250.52000427246094,256.0199890136719,251.89999389648438,255.27999877929688,EQUITY,VMC"
"2025-01-10 14:30:00,249.72000122070312,253.0,253.0,251.69000244140625,EQUITY,VMC"
"2025-01-13 14:30:00,249.36000061035156,256.25,249.6999969482422,256.0299987792969,EQUITY,VMC"
"2025-01-14 14:30:00,257.0799865722656,260.6400146484375,258.17999267578125,260.07000732421875,EQUITY,VMC"
"2025-01-15 14:30:00,266.3699951171875,268.9200134277344,266.5299987792969,268.19000244140625,EQUITY,VMC"
"2025-01-16 14:30:00,267.0899963378906,269.739990234375,268.0,269.1700134277344,EQUITY,VMC"
"2025-01-17 14:30:00,269.32000732421875,272.5299987792969,270.79998779296875,270.1000061035156,EQUITY,VMC"
"2025-01-21 14:30:00,273.82000732421875,279.2200012207031,275.3900146484375,275.5299987792969,EQUITY,VMC"
"2025-01-22 14:30:00,270.05999755859375,275.8500061035156,273.25,274.3800048828125,EQUITY,VMC"
"2025-01-23 14:30:00,273.25,275.79998779296875,275.29998779296875,274.8299865722656,EQUITY,VMC"
"2025-01-24 14:30:00,274.6700134277344,277.8699951171875,275.6000061035156,277.5400085449219,EQUITY,VMC"
"2025-01-27 14:30:00,273.2799987792969,275.5899963378906,274.30999755859375,274.989990234375,EQUITY,VMC"
"2025-01-28 14:30:00,273.45001220703125,279.05999755859375,276.20001220703125,275.1000061035156,EQUITY,VMC"
"2025-01-29 14:30:00,272.04998779296875,276.0,275.5799865722656,272.20001220703125,EQUITY,VMC"
"2025-01-30 14:30:00,272.8800048828125,277.1400146484375,273.57000732421875,276.3599853515625,EQUITY,VMC"
"2025-01-31 14:30:00,273.8299865722656,277.3999938964844,276.69000244140625,274.1499938964844,EQUITY,VMC"
"2025-02-03 14:30:00,267.2699890136719,272.5,270.32000732421875,271.1600036621094,EQUITY,VMC"
"2025-02-04 14:30:00,271.1400146484375,273.9599914550781,273.3599853515625,272.07000732421875,EQUITY,VMC"
"2025-02-05 14:30:00,271.42999267578125,274.67999267578125,274.2900085449219,274.3299865722656,EQUITY,VMC"
"2025-02-06 14:30:00,274.2099914550781,277.989990234375,276.54998779296875,277.2099914550781,EQUITY,VMC"
"2025-02-07 14:30:00,272.4200134277344,277.7300109863281,276.760009765625,272.9200134277344,EQUITY,VMC"
"2025-02-10 14:30:00,268.20001220703125,274.4599914550781,274.3500061035156,268.55999755859375,EQUITY,VMC"
"2025-02-11 14:30:00,265.5199890136719,269.19000244140625,266.8299865722656,267.7699890136719,EQUITY,VMC"
"2025-02-12 14:30:00,253.5399932861328,266.6400146484375,255.3300018310547,263.80999755859375,EQUITY,VMC"
"2025-02-13 14:30:00,264.260009765625,269.8599853515625,265.8399963378906,269.3299865722656,EQUITY,VMC"
"2025-02-14 14:30:00,267.7699890136719,272.2699890136719,270.239990234375,270.4599914550781,EQUITY,VMC"
"2025-02-18 14:30:00,271.1400146484375,280.3299865722656,280.1499938964844,272.760009765625,EQUITY,VMC"
"2025-02-19 14:30:00,263.30999755859375,270.1199951171875,266.54998779296875,264.9700012207031,EQUITY,VMC"
"2025-02-20 14:30:00,256.510009765625,263.7200012207031,263.5,258.5899963378906,EQUITY,VMC"
"2025-02-21 14:30:00,251.30999755859375,260.67999267578125,260.67999267578125,252.86000061035156,EQUITY,VMC"
"2025-02-24 14:30:00,250.97999572753906,254.58999633789062,253.3699951171875,251.55999755859375,EQUITY,VMC"
"2025-02-25 14:30:00,246.1699981689453,252.9600067138672,251.61000061035156,249.7899932861328,EQUITY,VMC"
"2025-02-26 14:30:00,249.52999877929688,253.6300048828125,250.05999755859375,250.52999877929688,EQUITY,VMC"
"2025-02-27 14:30:00,245.08999633789062,252.24000549316406,249.24000549316406,245.1199951171875,EQUITY,VMC"
"2025-02-28 14:30:00,243.25,248.4600067138672,247.6999969482422,247.30999755859375,EQUITY,VMC"
"2025-03-03 14:30:00,238.85000610351562,250.44000244140625,249.72000122070312,239.77000427246094,EQUITY,VMC"
"2025-03-04 14:30:00,228.1699981689453,239.58999633789062,237.33999633789062,234.86000061035156,EQUITY,VMC"
"2025-03-05 14:30:00,234.41000366210938,241.82000732421875,237.07000732421875,240.35000610351562,EQUITY,VMC"
"2025-03-06 14:30:00,233.02999877929688,238.60000610351562,238.0,235.1699981689453,EQUITY,VMC"
"2025-03-07 14:30:00,218.7100067138672,233.69000244140625,233.19000244140625,220.89999389648438,EQUITY,VMC"
"2025-03-10 13:30:00,215.0800018310547,222.60000610351562,217.3800048828125,221.33999633789062,EQUITY,VMC"
"2025-03-11 13:30:00,218.8300018310547,225.88999938964844,219.94000244140625,224.7100067138672,EQUITY,VMC"
"2025-03-12 13:30:00,224.75999450683594,228.83999633789062,227.30999755859375,227.1699981689453,EQUITY,VMC"
"2025-03-13 13:30:00,224.0,227.97000122070312,226.0500030517578,225.0399932861328,EQUITY,VMC"
"2025-03-14 13:30:00,225.4499969482422,232.25999450683594,227.9499969482422,231.32000732421875,EQUITY,VMC"
"2025-03-17 13:30:00,231.61000061035156,236.44000244140625,231.61000061035156,235.0800018310547,EQUITY,VMC"
"2025-03-18 13:30:00,233.86000061035156,237.47000122070312,235.0399932861328,236.5,EQUITY,VMC"
"2025-03-19 13:30:00,237.1699981689453,242.91000366210938,238.8699951171875,241.11000061035156,EQUITY,VMC"
"2025-03-20 13:30:00,238.60000610351562,245.49000549316406,238.7899932861328,238.72000122070312,EQUITY,VMC"
"2025-03-21 13:30:00,232.32000732421875,237.6999969482422,236.82000732421875,234.0800018310547,EQUITY,VMC"
"2025-03-24 13:30:00,236.1999969482422,241.57000732421875,237.55999755859375,240.80999755859375,EQUITY,VMC"
"2025-03-25 13:30:00,237.92999267578125,241.19000244140625,240.07000732421875,240.97999572753906,EQUITY,VMC"
"2025-03-26 13:30:00,236.69000244140625,243.3000030517578,241.4600067138672,237.05999755859375,EQUITY,VMC"
"2025-03-27 13:30:00,233.25999450683594,239.77000427246094,236.0,237.5399932861328,EQUITY,VMC"
"2025-03-28 13:30:00,230.19000244140625,236.82000732421875,236.82000732421875,232.94000244140625,EQUITY,VMC"
"2025-03-31 13:30:00,225.0,234.3699951171875,231.27999877929688,233.3000030517578,EQUITY,VMC"
"2025-04-01 13:30:00,229.39999389648438,237.55999755859375,231.52999877929688,237.27000427246094,EQUITY,VMC"
"2025-04-02 13:30:00,234.05999755859375,242.3800048828125,234.05999755859375,240.10000610351562,EQUITY,VMC"
"2025-04-03 13:30:00,228.5,238.19000244140625,228.5,237.17999267578125,EQUITY,VMC"
"2025-04-04 13:30:00,225.1300048828125,235.82000732421875,231.3000030517578,230.74000549316406,EQUITY,VMC"
"2025-04-07 13:30:00,219.16000366210938,238.44000244140625,225.67999267578125,228.52999877929688,EQUITY,VMC"
"2025-04-08 13:30:00,222.44000244140625,236.66000366210938,233.6999969482422,226.49000549316406,EQUITY,VMC"
"2025-04-09 13:30:00,218.8699951171875,244.0800018310547,224.24000549316406,239.52999877929688,EQUITY,VMC"
"2025-04-10 13:30:00,229.3000030517578,240.14999389648438,236.14999389648438,235.5800018310547,EQUITY,VMC"
"2025-04-11 13:30:00,232.86000061035156,243.42999267578125,235.22000122070312,242.3000030517578,EQUITY,VMC"
"2025-04-14 13:30:00,240.64999389648438,245.7100067138672,244.4199981689453,243.47999572753906,EQUITY,VMC"
"2025-04-15 13:30:00,243.39999389648438,247.8800048828125,244.5,244.52999877929688,EQUITY,VMC"
"2025-04-16 13:30:00,237.88999938964844,244.3000030517578,242.05999755859375,240.5500030517578,EQUITY,VMC"
"2025-04-17 13:30:00,239.0800018310547,243.75999450683594,240.16000366210938,241.92999267578125,EQUITY,VMC"
"2025-04-21 13:30:00,231.75999450683594,240.38999938964844,240.19000244140625,234.1699981689453,EQUITY,VMC"
"2025-04-22 13:30:00,236.8800048828125,241.44000244140625,238.52999877929688,240.57000732421875,EQUITY,VMC"
"2025-04-23 13:30:00,243.52999877929688,249.9499969482422,246.2100067138672,244.5399932861328,EQUITY,VMC"
"2025-04-24 13:30:00,242.72000122070312,250.24000549316406,243.72999572753906,249.50999450683594,EQUITY,VMC"
"2025-04-25 13:30:00,245.44000244140625,249.24000549316406,249.24000549316406,247.0399932861328,EQUITY,VMC"
"2025-04-28 13:30:00,243.02999877929688,247.36000061035156,246.97999572753906,245.38999938964844,EQUITY,VMC"
"2025-04-29 13:30:00,241.91000366210938,246.89999389648438,245.19000244140625,245.35000610351562,EQUITY,VMC"
"2025-04-30 13:30:00,247.60000610351562,263.9700012207031,253.0,262.3299865722656,EQUITY,VMC"
"2025-05-01 13:30:00,262.7099914550781,266.3699951171875,264.010009765625,263.6300048828125,EQUITY,VMC"
"2025-05-02 13:30:00,264.8299865722656,268.9200134277344,265.0,267.04998779296875,EQUITY,VMC"
"2025-05-05 13:30:00,263.6700134277344,272.0899963378906,266.1499938964844,270.0400085449219,EQUITY,VMC"
"2025-05-06 13:30:00,265.0,269.9200134277344,265.0899963378906,267.239990234375,EQUITY,VMC"
"2025-05-07 13:30:00,264.8699951171875,268.739990234375,268.4200134277344,265.8399963378906,EQUITY,VMC"
"2025-05-08 13:30:00,266.7699890136719,271.0799865722656,267.7300109863281,268.4200134277344,EQUITY,VMC"
"2025-05-09 13:30:00,266.8299865722656,270.0,268.7200012207031,269.6300048828125,EQUITY,VMC"
"2025-05-12 13:30:00,270.6700134277344,278.1400146484375,278.1199951171875,272.3599853515625,EQUITY,VMC"
"2025-05-13 13:30:00,268.0199890136719,273.7200012207031,272.7699890136719,268.5899963378906,EQUITY,VMC"
"2025-05-14 13:30:00,265.3999938964844,268.6300048828125,268.05999755859375,266.32000732421875,EQUITY,VMC"
"2025-05-15 13:30:00,265.07000732421875,271.7699890136719,266.54998779296875,271.07000732421875,EQUITY,VMC"
"2025-05-16 13:30:00,272.1600036621094,276.29998779296875,273.45001220703125,275.510009765625,EQUITY,VMC"
"2025-05-19 13:30:00,271.82000732421875,276.739990234375,272.3500061035156,276.010009765625,EQUITY,VMC"
"2025-05-20 13:30:00,271.5,274.3999938964844,271.92999267578125,273.3299865722656,EQUITY,VMC"
"2025-05-21 13:30:00,270.1099853515625,274.54998779296875,270.3599853515625,270.5400085449219,EQUITY,VMC"
"2025-05-22 13:30:00,268.1099853515625,272.8999938964844,270.3399963378906,271.67999267578125,EQUITY,VMC"
"2025-05-23 13:30:00,266.6300048828125,270.1300048828125,268.3599853515625,268.19000244140625,EQUITY,VMC"
"2025-05-27 13:30:00,267.8299865722656,272.0199890136719,271.2300109863281,270.1600036621094,EQUITY,VMC"
"2025-05-28 13:30:00,261.2699890136719,270.1400146484375,270.1400146484375,262.5299987792969,EQUITY,VMC"
"2025-05-29 13:30:00,262.1099853515625,265.739990234375,263.0,265.30999755859375,EQUITY,VMC"
"2025-05-30 13:30:00,261.489990234375,265.8999938964844,263.6600036621094,265.07000732421875,EQUITY,VMC"
"2025-06-02 13:30:00,259.94000244140625,263.6000061035156,262.3299865722656,263.3800048828125,EQUITY,VMC"
"2025-06-03 13:30:00,261.5299987792969,265.3299865722656,263.3900146484375,264.94000244140625,EQUITY,VMC"
"2025-06-04 13:30:00,264.3299865722656,266.5899963378906,264.75,266.0799865722656,EQUITY,VMC"
"2025-06-05 13:30:00,262.7300109863281,266.7300109863281,266.7300109863281,265.6700134277344,EQUITY,VMC"
"2025-06-06 13:30:00,264.1099853515625,267.80999755859375,267.5799865722656,264.80999755859375,EQUITY,VMC"
"2025-06-09 13:30:00,262.94000244140625,267.3999938964844,266.3500061035156,266.0,EQUITY,VMC"
"2025-06-10 13:30:00,264.0199890136719,266.989990234375,265.79998779296875,265.1000061035156,EQUITY,VMC"
"2025-06-11 13:30:00,260.2799987792969,267.4200134277344,266.5299987792969,261.1199951171875,EQUITY,VMC"
"2025-06-12 13:30:00,259.69000244140625,266.2799987792969,260.3999938964844,265.5299987792969,EQUITY,VMC"
"2025-06-13 13:30:00,259.239990234375,263.989990234375,261.7799987792969,260.7699890136719,EQUITY,VMC"
"2025-06-16 13:30:00,260.1400146484375,263.25,261.82000732421875,261.17999267578125,EQUITY,VMC"
"2025-06-17 13:30:00,258.3599853515625,261.19000244140625,260.17999267578125,259.0400085449219,EQUITY,VMC"
"2025-06-18 13:30:00,257.54998779296875,261.760009765625,258.0899963378906,258.1400146484375,EQUITY,VMC"
"2025-06-20 13:30:00,253.91000366210938,259.80999755859375,259.80999755859375,255.94000244140625,EQUITY,VMC"
"2025-06-23 13:30:00,254.94000244140625,261.2900085449219,256.1099853515625,261.0400085449219,EQUITY,VMC"
"2025-06-24 13:30:00,261.2300109863281,265.70001220703125,262.4100036621094,264.4800109863281,EQUITY,VMC"
"2025-06-25 13:30:00,254.2100067138672,265.57000732421875,264.6199951171875,254.63999938964844,EQUITY,VMC"
"2025-06-26 13:30:00,253.39999389648438,258.55999755859375,255.5,256.9599914550781,EQUITY,VMC"
"2025-06-27 13:30:00,257.760009765625,263.1099853515625,258.260009765625,262.17999267578125,EQUITY,VMC"
"2025-06-30 13:30:00,260.3699951171875,265.0,260.95001220703125,260.82000732421875,EQUITY,VMC"
"2025-07-01 13:30:00,257.6600036621094,267.760009765625,259.79998779296875,264.6700134277344,EQUITY,VMC"
"2025-07-02 13:30:00,263.8999938964844,266.8299865722656,264.2799987792969,265.7099914550781,EQUITY,VMC"
"2025-07-03 13:30:00,264.260009765625,267.6199951171875,266.0,266.239990234375,EQUITY,VMC"
"2025-07-07 13:30:00,265.7699890136719,268.45001220703125,266.0899963378906,267.0,EQUITY,VMC"
"2025-07-08 13:30:00,265.07000732421875,267.8699951171875,266.5799865722656,266.45001220703125,EQUITY,VMC"
"2025-07-09 13:30:00,265.1099853515625,270.0,266.45001220703125,269.95001220703125,EQUITY,VMC"
"2025-07-10 13:30:00,268.82000732421875,272.0899963378906,269.3299865722656,270.7300109863281,EQUITY,VMC"
"2025-07-11 13:30:00,264.7900085449219,269.1700134277344,267.7699890136719,269.0,EQUITY,VMC"
"2025-07-14 13:30:00,267.6600036621094,270.5400085449219,269.1600036621094,269.92999267578125,EQUITY,VMC"
"2025-07-15 13:30:00,260.7900085449219,271.0199890136719,269.760009765625,261.55999755859375,EQUITY,VMC"
"2025-07-16 13:30:00,255.3300018310547,262.1700134277344,261.989990234375,260.6199951171875,EQUITY,VMC"
"2025-07-17 13:30:00,258.989990234375,263.54998779296875,260.6700134277344,263.010009765625,EQUITY,VMC"
"2025-07-18 13:30:00,262.2099914550781,266.8800048828125,263.6700134277344,266.6000061035156,EQUITY,VMC"
"2025-07-21 13:30:00,264.739990234375,269.3500061035156,267.7200012207031,265.010009765625,EQUITY,VMC"
"2025-07-22 13:30:00,264.739990234375,268.4599914550781,265.8999938964844,267.7799987792969,EQUITY,VMC"
"2025-07-23 13:30:00,267.5799865722656,270.0,269.3999938964844,269.1099853515625,EQUITY,VMC"
"2025-07-24 13:30:00,268.4200134277344,272.1400146484375,268.8900146484375,271.4200134277344,EQUITY,VMC"
"2025-07-25 13:30:00,271.010009765625,275.1700134277344,271.6600036621094,274.8299865722656,EQUITY,VMC"
"2025-07-28 13:30:00,268.6700134277344,276.3999938964844,274.0,270.1099853515625,EQUITY,VMC"
"2025-07-29 13:30:00,270.4599914550781,274.3299865722656,272.2699890136719,273.9200134277344,EQUITY,VMC"
"2025-07-30 13:30:00,271.3299865722656,275.94000244140625,274.7900085449219,272.7699890136719,EQUITY,VMC"
"2025-07-31 13:30:00,263.1700134277344,276.0899963378906,266.0,274.6700134277344,EQUITY,VMC"
"2025-08-01 13:30:00,270.6400146484375,275.2799987792969,273.8399963378906,274.94000244140625,EQUITY,VMC"
"2025-08-04 13:30:00,277.2699890136719,284.94000244140625,278.07000732421875,281.8500061035156,EQUITY,VMC"
"2025-08-05 13:30:00,279.3599853515625,283.5899963378906,281.29998779296875,283.1700134277344,EQUITY,VMC"
"2025-08-06 13:30:00,280.4800109863281,283.42999267578125,283.1499938964844,281.5899963378906,EQUITY,VMC"
"2025-08-07 13:30:00,278.3900146484375,286.55999755859375,284.5,282.1000061035156,EQUITY,VMC"
"2025-08-08 13:30:00,281.7699890136719,287.739990234375,283.0,286.5199890136719,EQUITY,VMC"
"2025-08-11 13:30:00,283.5899963378906,286.6099853515625,286.57000732421875,285.239990234375,EQUITY,VMC"
"2025-08-12 13:30:00,284.44000244140625,292.8699951171875,285.9700012207031,291.8900146484375,EQUITY,VMC"
"2025-08-13 13:30:00,289.9200134277344,296.1199951171875,293.3299865722656,295.6400146484375,EQUITY,VMC"
"2025-08-14 13:30:00,292.0799865722656,294.5799865722656,293.04998779296875,293.1000061035156,EQUITY,VMC"
"2025-08-15 13:30:00,290.95001220703125,294.9800109863281,294.7699890136719,291.6199951171875,EQUITY,VMC"
"2025-08-18 13:30:00,289.80999755859375,292.6099853515625,291.6400146484375,289.8800048828125,EQUITY,VMC"
"2025-08-19 13:30:00,289.32000732421875,293.3900146484375,290.5199890136719,292.8399963378906,EQUITY,VMC"
"2025-08-20 13:30:00,283.6099853515625,291.75,291.3399963378906,286.2799987792969,EQUITY,VMC"
"2025-08-21 13:30:00,284.6099853515625,289.04998779296875,284.6099853515625,288.2799987792969,EQUITY,VMC"
"2025-08-22 13:30:00,289.3599853515625,294.9599914550781,289.7099914550781,292.3999938964844,EQUITY,VMC"
"2025-08-25 13:30:00,289.3599853515625,292.2799987792969,291.9800109863281,290.29998779296875,EQUITY,VMC"
"2025-08-26 13:30:00,289.8599853515625,292.739990234375,290.9800109863281,291.20001220703125,EQUITY,VMC"
"2025-08-27 13:30:00,289.95001220703125,291.3900146484375,290.0199890136719,291.1499938964844,EQUITY,VMC"
"2025-08-28 13:30:00,288.82000732421875,291.6499938964844,291.1400146484375,291.1600036621094,EQUITY,VMC"
"2025-08-29 13:30:00,289.4800109863281,292.3999938964844,291.19000244140625,291.1600036621094,EQUITY,VMC"
"2025-09-02 13:30:00,287.30999755859375,292.79998779296875,288.4800109863281,292.489990234375,EQUITY,VMC"
"2025-09-03 13:30:00,286.79998779296875,292.5299987792969,292.5299987792969,288.04998779296875,EQUITY,VMC"
"2025-09-04 13:30:00,287.4700012207031,292.8999938964844,289.239990234375,292.3299865722656,EQUITY,VMC"
"2025-09-05 13:30:00,291.6099853515625,295.260009765625,293.6600036621094,294.80999755859375,EQUITY,VMC"
"2025-09-08 13:30:00,293.5199890136719,299.2900085449219,295.19000244140625,298.9100036621094,EQUITY,VMC"
"2025-09-09 13:30:00,290.8999938964844,298.7300109863281,297.260009765625,292.44000244140625,EQUITY,VMC"
"2025-09-10 13:30:00,291.8999938964844,295.6499938964844,292.80999755859375,294.42999267578125,EQUITY,VMC"
"2025-09-11 13:30:00,295.8900146484375,302.2099914550781,296.20001220703125,301.6499938964844,EQUITY,VMC"
"2025-09-12 13:30:00,294.4800109863281,300.79998779296875,299.8999938964844,294.94000244140625,EQUITY,VMC"
"2025-09-15 13:30:00,293.3599853515625,296.260009765625,294.6600036621094,294.0299987792969,EQUITY,VMC"
"2025-09-16 13:30:00,291.2300109863281,295.7799987792969,294.4800109863281,291.9599914550781,EQUITY,VMC"
"2025-09-17 13:30:00,290.0,297.1000061035156,292.20001220703125,292.25,EQUITY,VMC"
"2025-09-18 13:30:00,291.6000061035156,300.3399963378906,291.79998779296875,298.5799865722656,EQUITY,VMC"
"2025-09-19 13:30:00,295.6499938964844,300.6499938964844,300.1199951171875,297.7900085449219,EQUITY,VMC"
"2025-09-22 13:30:00,295.760009765625,301.3500061035156,297.1499938964844,298.8900146484375,EQUITY,VMC"
"2025-09-23 13:30:00,296.42999267578125,301.3599853515625,299.6099853515625,297.5899963378906,EQUITY,VMC"
"2025-09-24 13:30:00,291.4599914550781,297.7699890136719,296.760009765625,293.80999755859375,EQUITY,VMC"
"2025-09-25 13:30:00,290.0299987792969,295.44000244140625,291.7699890136719,294.760009765625,EQUITY,VMC"
"2025-09-26 13:30:00,295.5299987792969,301.79998779296875,296.9700012207031,299.2900085449219,EQUITY,VMC"
"2025-09-29 13:30:00,299.4800109863281,303.7900085449219,300.9800109863281,303.0199890136719,EQUITY,VMC"
"2025-09-30 13:30:00,303.1099853515625,308.17999267578125,304.0,307.6199951171875,EQUITY,VMC"
"2025-10-01 13:30:00,298.8299865722656,309.1700134277344,307.3999938964844,301.6400146484375,EQUITY,VMC"
"2025-10-02 13:30:00,301.0,305.2099914550781,301.4800109863281,303.3699951171875,EQUITY,VMC"
"2025-10-03 13:30:00,296.989990234375,305.7900085449219,303.45001220703125,304.70001220703125,EQUITY,VMC"
"2025-10-06 13:30:00,301.010009765625,306.9100036621094,304.0899963378906,304.6700134277344,EQUITY,VMC"
"2025-10-07 13:30:00,299.7699890136719,307.3900146484375,305.7799987792969,300.8999938964844,EQUITY,VMC"
"2025-10-08 13:30:00,300.7300109863281,305.4800109863281,301.8999938964844,304.42999267578125,EQUITY,VMC"
"2025-10-09 13:30:00,301.260009765625,305.260009765625,304.8599853515625,302.8999938964844,EQUITY,VMC"
"2025-10-10 13:30:00,301.0299987792969,304.3500061035156,304.20001220703125,301.42999267578125,EQUITY,VMC"
"2024-09-09 13:30:00,248.05999755859375,252.52000427246094,251.49000549316406,250.05999755859375,EQUITY,PWR"
"2024-09-10 13:30:00,246.91000366210938,251.41000366210938,250.41000366210938,250.02999877929688,EQUITY,PWR"
"2024-09-11 13:30:00,250.5,264.2099914550781,251.9600067138672,263.0899963378906,EQUITY,PWR"
"2024-09-12 13:30:00,263.3699951171875,270.3699951171875,264.92999267578125,268.5,EQUITY,PWR"
"2024-09-13 13:30:00,268.1600036621094,272.70001220703125,270.45001220703125,269.5400085449219,EQUITY,PWR"
"2024-09-16 13:30:00,267.3999938964844,272.75,270.6499938964844,271.5400085449219,EQUITY,PWR"
"2024-09-17 13:30:00,270.3900146484375,275.7699890136719,274.0799865722656,273.9200134277344,EQUITY,PWR"
"2024-09-18 13:30:00,271.9599914550781,279.4700012207031,274.04998779296875,272.05999755859375,EQUITY,PWR"
"2024-09-19 13:30:00,277.5299987792969,291.7099914550781,281.4800109863281,289.7300109863281,EQUITY,PWR"
"2024-09-20 13:30:00,281.6000061035156,293.79998779296875,286.9700012207031,290.8900146484375,EQUITY,PWR"
"2024-09-23 13:30:00,291.1600036621094,298.19000244140625,293.4100036621094,296.1300048828125,EQUITY,PWR"
"2024-09-24 13:30:00,294.4599914550781,298.489990234375,296.04998779296875,298.239990234375,EQUITY,PWR"
"2024-09-25 13:30:00,296.8299865722656,302.239990234375,299.0199890136719,297.94000244140625,EQUITY,PWR"
"2024-09-26 13:30:00,294.8500061035156,306.5,301.3999938964844,296.3599853515625,EQUITY,PWR"
"2024-09-27 13:30:00,295.20001220703125,301.29998779296875,298.0,296.739990234375,EQUITY,PWR"
"2024-09-30 13:30:00,295.0,299.29998779296875,296.739990234375,298.1499938964844,EQUITY,PWR"
"2024-10-01 13:30:00,292.6099853515625,298.70001220703125,298.0,296.04998779296875,EQUITY,PWR"
"2024-10-02 13:30:00,293.4100036621094,299.6000061035156,295.0400085449219,299.0899963378906,EQUITY,PWR"
"2024-10-03 13:30:00,295.17999267578125,300.57000732421875,298.9599914550781,298.3999938964844,EQUITY,PWR"
"2024-10-04 13:30:00,301.0,306.4599914550781,305.0,305.7200012207031,EQUITY,PWR"
"2024-10-07 13:30:00,301.3500061035156,308.30999755859375,301.3500061035156,307.510009765625,EQUITY,PWR"
"2024-10-08 13:30:00,308.25,312.5199890136719,309.6099853515625,308.6700134277344,EQUITY,PWR"
"2024-10-09 13:30:00,305.3299865722656,311.3399963378906,309.1000061035156,307.6099853515625,EQUITY,PWR"
"2024-10-10 13:30:00,301.8699951171875,308.0,305.17999267578125,306.989990234375,EQUITY,PWR"
"2024-10-11 13:30:00,303.45001220703125,310.05999755859375,306.3500061035156,309.4200134277344,EQUITY,PWR"
"2024-10-14 13:30:00,309.4200134277344,313.55999755859375,310.42999267578125,310.9800109863281,EQUITY,PWR"
"2024-10-15 13:30:00,304.07000732421875,312.3399963378906,311.05999755859375,305.5400085449219,EQUITY,PWR"
"2024-10-16 13:30:00,306.3699951171875,313.760009765625,307.3599853515625,312.2200012207031,EQUITY,PWR"
"2024-10-17 13:30:00,311.6499938964844,316.2799987792969,316.20001220703125,313.1400146484375,EQUITY,PWR"
"2024-10-18 13:30:00,310.6300048828125,314.7099914550781,314.1000061035156,314.2699890136719,EQUITY,PWR"
"2024-10-21 13:30:00,313.760009765625,317.9100036621094,314.57000732421875,317.6400146484375,EQUITY,PWR"
"2024-10-22 13:30:00,310.6700134277344,315.8999938964844,314.8599853515625,312.9700012207031,EQUITY,PWR"
"2024-10-23 13:30:00,305.2900085449219,314.989990234375,313.1600036621094,306.6300048828125,EQUITY,PWR"
"2024-10-24 13:30:00,306.92999267578125,310.9700012207031,308.8299865722656,309.8699951171875,EQUITY,PWR"
"2024-10-25 13:30:00,306.3800048828125,311.1300048828125,310.94000244140625,308.1700134277344,EQUITY,PWR"
"2024-10-28 13:30:00,309.8999938964844,315.29998779296875,310.7200012207031,313.3599853515625,EQUITY,PWR"
"2024-10-29 13:30:00,309.7699890136719,314.0299987792969,312.0,313.42999267578125,EQUITY,PWR"
"2024-10-30 13:30:00,310.9599914550781,315.8800048828125,311.3399963378906,311.6300048828125,EQUITY,PWR"
"2024-10-31 13:30:00,293.260009765625,307.32000732421875,299.1400146484375,301.6300048828125,EQUITY,PWR"
"2024-11-01 13:30:00,301.69000244140625,309.57000732421875,305.5199890136719,303.5,EQUITY,PWR"
"2024-11-04 14:30:00,301.55999755859375,308.67999267578125,304.760009765625,304.32000732421875,EQUITY,PWR"
"2024-11-05 14:30:00,306.5899963378906,315.9700012207031,307.6400146484375,314.6199951171875,EQUITY,PWR"
"2024-11-06 14:30:00,298.0799865722656,312.19000244140625,310.0,310.82000732421875,EQUITY,PWR"
"2024-11-07 14:30:00,311.3599853515625,320.989990234375,312.1499938964844,320.8599853515625,EQUITY,PWR"
"2024-11-08 14:30:00,319.19000244140625,333.239990234375,319.9800109863281,330.9800109863281,EQUITY,PWR"
"2024-11-11 14:30:00,327.1099853515625,335.0,335.0,329.69000244140625,EQUITY,PWR"
"2024-11-12 14:30:00,322.6499938964844,331.32000732421875,329.1499938964844,327.2699890136719,EQUITY,PWR"
"2024-11-13 14:30:00,325.1099853515625,333.80999755859375,329.0299987792969,326.8800048828125,EQUITY,PWR"
"2024-11-14 14:30:00,322.8599853515625,328.3800048828125,327.0799865722656,323.8699951171875,EQUITY,PWR"
"2024-11-15 14:30:00,320.0,325.2900085449219,320.3699951171875,323.3299865722656,EQUITY,PWR"
"2024-11-18 14:30:00,321.7099914550781,332.04998779296875,323.30999755859375,328.4100036621094,EQUITY,PWR"
"2024-11-19 14:30:00,323.0400085449219,332.80999755859375,324.82000732421875,330.7799987792969,EQUITY,PWR"
"2024-11-20 14:30:00,327.6099853515625,333.0199890136719,332.2799987792969,332.3399963378906,EQUITY,PWR"
"2024-11-21 14:30:00,334.70001220703125,342.2799987792969,335.9200134277344,340.010009765625,EQUITY,PWR"
"2024-11-22 14:30:00,337.94000244140625,343.70001220703125,340.760009765625,341.9200134277344,EQUITY,PWR"
"2024-11-25 14:30:00,337.04998779296875,344.45001220703125,343.30999755859375,342.9200134277344,EQUITY,PWR"
"2024-11-26 14:30:00,341.6600036621094,350.19000244140625,346.1600036621094,346.6000061035156,EQUITY,PWR"
"2024-11-27 14:30:00,340.75,349.0299987792969,347.94000244140625,343.94000244140625,EQUITY,PWR"
"2024-11-29 14:30:00,343.989990234375,348.5,347.2699890136719,344.5199890136719,EQUITY,PWR"
"2024-12-02 14:30:00,341.7699890136719,347.20001220703125,345.0,342.3299865722656,EQUITY,PWR"
"2024-12-03 14:30:00,338.5299987792969,343.4800109863281,342.1499938964844,339.739990234375,EQUITY,PWR"
"2024-12-04 14:30:00,330.010009765625,339.25,339.25,333.6600036621094,EQUITY,PWR"
"2024-12-05 14:30:00,330.1300048828125,339.0899963378906,333.4800109863281,334.9700012207031,EQUITY,PWR"
"2024-12-06 14:30:00,330.510009765625,337.1199951171875,336.80999755859375,332.4700012207031,EQUITY,PWR"
"2024-12-09 14:30:00,320.989990234375,335.5899963378906,333.92999267578125,321.9800109863281,EQUITY,PWR"
"2024-12-10 14:30:00,317.0299987792969,324.7799987792969,322.6400146484375,319.8999938964844,EQUITY,PWR"
"2024-12-11 14:30:00,323.1300048828125,334.2900085449219,326.7099914550781,334.25,EQUITY,PWR"
"2024-12-12 14:30:00,332.0899963378906,336.82000732421875,332.0899963378906,336.1000061035156,EQUITY,PWR"
"2024-12-13 14:30:00,334.7900085449219,341.0,336.8299865722656,337.6000061035156,EQUITY,PWR"
"2024-12-16 14:30:00,336.5799865722656,343.44000244140625,337.6000061035156,342.5,EQUITY,PWR"
"2024-12-17 14:30:00,332.9700012207031,341.6700134277344,340.0,336.42999267578125,EQUITY,PWR"
"2024-12-18 14:30:00,319.6300048828125,339.1499938964844,339.1499938964844,320.6199951171875,EQUITY,PWR"
"2024-12-19 14:30:00,319.2099914550781,328.67999267578125,324.8999938964844,322.5899963378906,EQUITY,PWR"
"2024-12-20 14:30:00,319.32000732421875,330.9200134277344,319.5799865722656,328.4100036621094,EQUITY,PWR"
"2024-12-23 14:30:00,323.5400085449219,328.42999267578125,327.3399963378906,327.3800048828125,EQUITY,PWR"
"2024-12-24 14:30:00,327.2799987792969,330.80999755859375,329.80999755859375,330.80999755859375,EQUITY,PWR"
"2024-12-26 14:30:00,326.7099914550781,331.3699951171875,330.1700134277344,330.6199951171875,EQUITY,PWR"
"2024-12-27 14:30:00,320.3900146484375,329.3900146484375,328.1499938964844,323.1400146484375,EQUITY,PWR"
"2024-12-30 14:30:00,313.82000732421875,322.3999938964844,319.1199951171875,318.9800109863281,EQUITY,PWR"
"2024-12-31 14:30:00,315.7200012207031,320.04998779296875,318.9200134277344,316.04998779296875,EQUITY,PWR"
"2025-01-02 14:30:00,312.07000732421875,320.55999755859375,318.5400085449219,315.5,EQUITY,PWR"
"2025-01-03 14:30:00,317.1000061035156,327.2099914550781,318.20001220703125,326.5199890136719,EQUITY,PWR"
"2025-01-06 14:30:00,327.7799987792969,332.8299865722656,330.6199951171875,328.05999755859375,EQUITY,PWR"
"2025-01-07 14:30:00,316.3800048828125,331.2200012207031,328.57000732421875,319.80999755859375,EQUITY,PWR"
"2025-01-08 14:30:00,307.55999755859375,319.55999755859375,317.57000732421875,312.20001220703125,EQUITY,PWR"
"2025-01-10 14:30:00,307.3999938964844,314.6400146484375,309.30999755859375,313.4800109863281,EQUITY,PWR"
"2025-01-13 14:30:00,307.29998779296875,315.4599914550781,308.70001220703125,314.2300109863281,EQUITY,PWR"
"2025-01-14 14:30:00,315.92999267578125,323.9599914550781,318.1300048828125,319.8900146484375,EQUITY,PWR"
"2025-01-15 14:30:00,326.2699890136719,331.7900085449219,327.7300109863281,329.4200134277344,EQUITY,PWR"
"2025-01-16 14:30:00,329.54998779296875,337.8800048828125,331.739990234375,336.19000244140625,EQUITY,PWR"
"2025-01-17 14:30:00,336.5299987792969,342.6700134277344,339.8299865722656,337.4599914550781,EQUITY,PWR"
"2025-01-21 14:30:00,342.1499938964844,358.7200012207031,345.0,358.0,EQUITY,PWR"
"2025-01-22 14:30:00,355.239990234375,365.8800048828125,363.1000061035156,357.3299865722656,EQUITY,PWR"
"2025-01-23 14:30:00,352.6300048828125,359.6700134277344,355.5,354.75,EQUITY,PWR"
"2025-01-24 14:30:00,352.69000244140625,362.0,358.07000732421875,358.0299987792969,EQUITY,PWR"
"2025-01-27 14:30:00,291.9100036621094,325.0,314.94000244140625,292.42999267578125,EQUITY,PWR"
"2025-01-28 14:30:00,290.42999267578125,311.4200134277344,311.4200134277344,293.9800109863281,EQUITY,PWR"
"2025-01-29 14:30:00,293.5899963378906,305.32000732421875,295.0,297.79998779296875,EQUITY,PWR"
"2025-01-30 14:30:00,299.0,311.80999755859375,302.95001220703125,309.2900085449219,EQUITY,PWR"
"2025-01-31 14:30:00,302.9700012207031,316.9700012207031,315.3699951171875,307.6099853515625,EQUITY,PWR"
"2025-02-03 14:30:00,296.9700012207031,306.8299865722656,298.30999755859375,301.82000732421875,EQUITY,PWR"
"2025-02-04 14:30:00,299.3500061035156,307.6400146484375,304.5,299.9800109863281,EQUITY,PWR"
"2025-02-05 14:30:00,297.80999755859375,307.8299865722656,303.3299865722656,298.75,EQUITY,PWR"
"2025-02-06 14:30:00,298.0,311.6000061035156,299.739990234375,311.0799865722656,EQUITY,PWR"
"2025-02-07 14:30:00,311.1199951171875,320.4100036621094,314.7099914550781,312.239990234375,EQUITY,PWR"
"2025-02-10 14:30:00,309.239990234375,314.67999267578125,313.82000732421875,310.6700134277344,EQUITY,PWR"
"2025-02-11 14:30:00,300.0899963378906,308.3699951171875,307.70001220703125,302.7900085449219,EQUITY,PWR"
"2025-02-12 14:30:00,293.5799865722656,299.6099853515625,294.3399963378906,298.3299865722656,EQUITY,PWR"
"2025-02-13 14:30:00,286.57000732421875,301.80999755859375,300.3900146484375,290.8599853515625,EQUITY,PWR"
"2025-02-14 14:30:00,282.7200012207031,294.4100036621094,292.20001220703125,285.45001220703125,EQUITY,PWR"
"2025-02-18 14:30:00,281.5400085449219,287.9599914550781,285.80999755859375,287.5899963378906,EQUITY,PWR"
"2025-02-19 14:30:00,285.1099853515625,293.75,286.2099914550781,292.07000732421875,EQUITY,PWR"
"2025-02-20 14:30:00,275.8299865722656,309.4100036621094,307.5799865722656,281.1600036621094,EQUITY,PWR"
"2025-02-21 14:30:00,267.8599853515625,290.989990234375,290.8999938964844,269.3599853515625,EQUITY,PWR"
"2025-02-24 14:30:00,258.6400146484375,271.1000061035156,269.69000244140625,259.3599853515625,EQUITY,PWR"
"2025-02-25 14:30:00,253.44000244140625,269.4100036621094,259.4700012207031,264.3900146484375,EQUITY,PWR"
"2025-02-26 14:30:00,268.0,276.0,270.3999938964844,268.80999755859375,EQUITY,PWR"
"2025-02-27 14:30:00,257.6099853515625,271.0199890136719,268.6099853515625,259.260009765625,EQUITY,PWR"
"2025-02-28 14:30:00,255.00999450683594,262.510009765625,259.1600036621094,259.6300048828125,EQUITY,PWR"
"2025-03-03 14:30:00,248.6699981689453,264.5,261.6600036621094,250.91000366210938,EQUITY,PWR"
"2025-03-04 14:30:00,241.44000244140625,256.30999755859375,244.6699981689453,249.6300048828125,EQUITY,PWR"
"2025-03-05 14:30:00,246.82000732421875,255.00999450683594,250.2899932861328,253.16000366210938,EQUITY,PWR"
"2025-03-06 14:30:00,238.52000427246094,246.4600067138672,243.50999450683594,240.8800048828125,EQUITY,PWR"
"2025-03-07 14:30:00,237.80999755859375,248.0,241.57000732421875,246.02000427246094,EQUITY,PWR"
"2025-03-10 13:30:00,231.30999755859375,241.25,236.9499969482422,236.7100067138672,EQUITY,PWR"
"2025-03-11 13:30:00,236.30999755859375,249.9499969482422,236.47000122070312,246.02999877929688,EQUITY,PWR"
"2025-03-12 13:30:00,245.0,259.4100036621094,252.99000549316406,249.10000610351562,EQUITY,PWR"
"2025-03-13 13:30:00,242.24000549316406,252.7899932861328,248.60000610351562,250.2899932861328,EQUITY,PWR"
"2025-03-14 13:30:00,251.9199981689453,261.92999267578125,255.6699981689453,260.80999755859375,EQUITY,PWR"
"2025-03-17 13:30:00,258.1199951171875,270.57000732421875,258.30999755859375,267.3999938964844,EQUITY,PWR"
"2025-03-18 13:30:00,261.5,266.8599853515625,263.6700134277344,263.3599853515625,EQUITY,PWR"
"2025-03-19 13:30:00,262.4100036621094,273.1400146484375,265.20001220703125,270.3999938964844,EQUITY,PWR"
"2025-03-20 13:30:00,264.95001220703125,274.1099853515625,266.5,271.1000061035156,EQUITY,PWR"
"2025-03-21 13:30:00,265.0,270.1400146484375,268.6000061035156,268.2200012207031,EQUITY,PWR"
"2025-03-24 13:30:00,273.8299865722656,279.75,274.739990234375,278.3999938964844,EQUITY,PWR"
"2025-03-25 13:30:00,273.8900146484375,278.8999938964844,278.010009765625,276.25,EQUITY,PWR"
"2025-03-26 13:30:00,259.0799865722656,275.8500061035156,275.30999755859375,260.6400146484375,EQUITY,PWR"
"2025-03-27 13:30:00,250.67999267578125,258.6000061035156,257.4599914550781,254.8800048828125,EQUITY,PWR"
"2025-03-28 13:30:00,250.85000610351562,256.25,255.52000427246094,254.2899932861328,EQUITY,PWR"
"2025-03-31 13:30:00,244.6999969482422,254.8800048828125,248.8000030517578,254.17999267578125,EQUITY,PWR"
"2025-04-01 13:30:00,249.9600067138672,258.1300048828125,252.85000610351562,257.8999938964844,EQUITY,PWR"
"2025-04-02 13:30:00,250.88999938964844,264.7699890136719,252.10000610351562,264.5899963378906,EQUITY,PWR"
"2025-04-03 13:30:00,248.69000244140625,256.7699890136719,248.69000244140625,252.0399932861328,EQUITY,PWR"
"2025-04-04 13:30:00,232.35000610351562,245.9499969482422,243.1199951171875,239.47000122070312,EQUITY,PWR"
"2025-04-07 13:30:00,227.0800018310547,252.64999389648438,232.2100067138672,245.1999969482422,EQUITY,PWR"
"2025-04-08 13:30:00,240.80999755859375,260.0,253.39999389648438,245.0500030517578,EQUITY,PWR"
"2025-04-09 13:30:00,241.6199951171875,271.6600036621094,243.22000122070312,269.6000061035156,EQUITY,PWR"
"2025-04-10 13:30:00,255.0,270.1300048828125,262.3299865722656,262.70001220703125,EQUITY,PWR"
"2025-04-11 13:30:00,259.05999755859375,270.9200134277344,262.6700134277344,269.57000732421875,EQUITY,PWR"
"2025-04-14 13:30:00,269.6700134277344,277.70001220703125,275.2900085449219,274.29998779296875,EQUITY,PWR"
"2025-04-15 13:30:00,271.0,276.92999267578125,275.0899963378906,273.0299987792969,EQUITY,PWR"
"2025-04-16 13:30:00,265.2900085449219,273.7300109863281,268.55999755859375,269.45001220703125,EQUITY,PWR"
"2025-04-17 13:30:00,264.6099853515625,271.5,271.04998779296875,267.2200012207031,EQUITY,PWR"
"2025-04-21 13:30:00,251.0399932861328,263.3599853515625,262.67999267578125,253.77000427246094,EQUITY,PWR"
"2025-04-22 13:30:00,254.97999572753906,263.7699890136719,257.0,261.8500061035156,EQUITY,PWR"
"2025-04-23 13:30:00,273.760009765625,284.54998779296875,277.2799987792969,274.30999755859375,EQUITY,PWR"
"2025-04-24 13:30:00,272.0,284.2200012207031,274.2300109863281,282.1199951171875,EQUITY,PWR"
"2025-04-25 13:30:00,282.760009765625,290.0,284.5,287.3399963378906,EQUITY,PWR"
"2025-04-28 13:30:00,285.17999267578125,292.9100036621094,285.57000732421875,290.6199951171875,EQUITY,PWR"
"2025-04-29 13:30:00,287.05999755859375,293.7200012207031,289.7099914550781,292.3800048828125,EQUITY,PWR"
"2025-04-30 13:30:00,281.1700134277344,294.25,284.510009765625,292.69000244140625,EQUITY,PWR"
"2025-05-01 13:30:00,312.29998779296875,330.6000061035156,320.2099914550781,321.92999267578125,EQUITY,PWR"
"2025-05-02 13:30:00,319.67999267578125,329.75,325.2300109863281,321.1400146484375,EQUITY,PWR"
"2025-05-05 13:30:00,315.0,323.8800048828125,318.2799987792969,322.6199951171875,EQUITY,PWR"
"2025-05-06 13:30:00,316.3800048828125,322.32000732421875,319.1099853515625,317.6499938964844,EQUITY,PWR"
"2025-05-07 13:30:00,315.45001220703125,325.0,319.69000244140625,323.5899963378906,EQUITY,PWR"
"2025-05-08 13:30:00,324.3399963378906,330.75,328.3299865722656,326.25,EQUITY,PWR"
"2025-05-09 13:30:00,321.3399963378906,327.55999755859375,326.0400085449219,325.8900146484375,EQUITY,PWR"
"2025-05-12 13:30:00,332.2900085449219,337.4200134277344,335.8999938964844,332.7900085449219,EQUITY,PWR"
"2025-05-13 13:30:00,334.44000244140625,346.4800109863281,335.17999267578125,343.5799865722656,EQUITY,PWR"
"2025-05-14 13:30:00,341.95001220703125,348.4200134277344,345.9100036621094,343.1499938964844,EQUITY,PWR"
"2025-05-15 13:30:00,336.6300048828125,342.260009765625,340.0799865722656,340.3699951171875,EQUITY,PWR"
"2025-05-16 13:30:00,338.1400146484375,345.3599853515625,342.9100036621094,344.7900085449219,EQUITY,PWR"
"2025-05-19 13:30:00,337.07000732421875,345.30999755859375,338.0,344.7099914550781,EQUITY,PWR"
"2025-05-20 13:30:00,343.3399963378906,346.5,343.5299987792969,344.9599914550781,EQUITY,PWR"
"2025-05-21 13:30:00,340.7300109863281,348.8999938964844,341.6199951171875,341.2300109863281,EQUITY,PWR"
"2025-05-22 13:30:00,320.55999755859375,337.20001220703125,336.5,330.8299865722656,EQUITY,PWR"
"2025-05-23 13:30:00,326.8900146484375,336.7900085449219,329.20001220703125,335.3599853515625,EQUITY,PWR"
"2025-05-27 13:30:00,337.3500061035156,343.44000244140625,339.8299865722656,342.3500061035156,EQUITY,PWR"
"2025-05-28 13:30:00,338.57000732421875,343.5199890136719,342.9200134277344,340.32000732421875,EQUITY,PWR"
"2025-05-29 13:30:00,336.57000732421875,344.0,343.5199890136719,339.739990234375,EQUITY,PWR"
"2025-05-30 13:30:00,336.82000732421875,342.739990234375,339.0799865722656,342.55999755859375,EQUITY,PWR"
"2025-06-02 13:30:00,337.4800109863281,346.04998779296875,342.489990234375,345.5299987792969,EQUITY,PWR"
"2025-06-03 13:30:00,347.0,357.94000244140625,347.57000732421875,356.489990234375,EQUITY,PWR"
"2025-06-04 13:30:00,356.2799987792969,361.55999755859375,358.3999938964844,359.1099853515625,EQUITY,PWR"
"2025-06-05 13:30:00,356.4700012207031,362.0299987792969,360.9100036621094,359.5799865722656,EQUITY,PWR"
"2025-06-06 13:30:00,358.6400146484375,363.739990234375,363.5799865722656,361.3500061035156,EQUITY,PWR"
"2025-06-09 13:30:00,355.3299865722656,363.6000061035156,362.1000061035156,355.6600036621094,EQUITY,PWR"
"2025-06-10 13:30:00,341.92999267578125,357.1099853515625,356.4800109863281,348.760009765625,EQUITY,PWR"
"2025-06-11 13:30:00,345.3699951171875,356.19000244140625,350.489990234375,355.7799987792969,EQUITY,PWR"
"2025-06-12 13:30:00,354.25,360.79998779296875,355.5899963378906,358.6499938964844,EQUITY,PWR"
"2025-06-13 13:30:00,349.05999755859375,358.3399963378906,352.6700134277344,358.260009765625,EQUITY,PWR"
"2025-06-16 13:30:00,360.92999267578125,367.0,361.5400085449219,361.79998779296875,EQUITY,PWR"
"2025-06-17 13:30:00,353.69000244140625,361.6400146484375,356.79998779296875,358.6199951171875,EQUITY,PWR"
"2025-06-18 13:30:00,358.2699890136719,365.9100036621094,360.3699951171875,360.42999267578125,EQUITY,PWR"
"2025-06-20 13:30:00,358.9200134277344,365.8599853515625,363.6700134277344,360.7799987792969,EQUITY,PWR"
"2025-06-23 13:30:00,358.3800048828125,366.739990234375,361.0,365.760009765625,EQUITY,PWR"
"2025-06-24 13:30:00,366.6199951171875,373.29998779296875,369.07000732421875,372.260009765625,EQUITY,PWR"
"2025-06-25 13:30:00,371.4700012207031,375.5299987792969,374.0,374.07000732421875,EQUITY,PWR"
"2025-06-26 13:30:00,376.8800048828125,381.1199951171875,378.0899963378906,379.4700012207031,EQUITY,PWR"
"2025-06-27 13:30:00,373.79998779296875,382.7900085449219,380.0,381.260009765625,EQUITY,PWR"
"2025-06-30 13:30:00,368.70001220703125,381.54998779296875,375.1400146484375,378.0799865722656,EQUITY,PWR"
"2025-07-01 13:30:00,364.44000244140625,377.7799987792969,374.5899963378906,372.2900085449219,EQUITY,PWR"
"2025-07-02 13:30:00,365.57000732421875,373.9599914550781,366.1099853515625,373.4100036621094,EQUITY,PWR"
"2025-07-03 13:30:00,374.9599914550781,387.3699951171875,376.0199890136719,386.510009765625,EQUITY,PWR"
"2025-07-07 13:30:00,380.3999938964844,388.0,386.0299987792969,385.79998779296875,EQUITY,PWR"
"2025-07-08 13:30:00,369.6300048828125,383.0,382.3699951171875,377.55999755859375,EQUITY,PWR"
"2025-07-09 13:30:00,377.9599914550781,383.2799987792969,382.0,382.1199951171875,EQUITY,PWR"
"2025-07-10 13:30:00,371.4800109863281,382.8900146484375,380.44000244140625,380.0899963378906,EQUITY,PWR"
"2025-07-11 13:30:00,378.010009765625,385.4599914550781,379.29998779296875,383.7799987792969,EQUITY,PWR"
"2025-07-14 13:30:00,381.5199890136719,389.2099914550781,382.9700012207031,387.0,EQUITY,PWR"
"2025-07-15 13:30:00,383.8900146484375,390.1000061035156,389.260009765625,386.5400085449219,EQUITY,PWR"
"2025-07-16 13:30:00,381.29998779296875,389.42999267578125,386.6700134277344,389.1199951171875,EQUITY,PWR"
"2025-07-17 13:30:00,386.8500061035156,398.6099853515625,387.7699890136719,397.8999938964844,EQUITY,PWR"
"2025-07-18 13:30:00,398.30999755859375,405.42999267578125,398.92999267578125,403.30999755859375,EQUITY,PWR"
"2025-07-21 13:30:00,397.0,405.0400085449219,403.7300109863281,398.6600036621094,EQUITY,PWR"
"2025-07-22 13:30:00,380.6000061035156,398.57000732421875,398.4800109863281,394.92999267578125,EQUITY,PWR"
"2025-07-23 13:30:00,397.95001220703125,406.0,398.0,405.1099853515625,EQUITY,PWR"
"2025-07-24 13:30:00,406.7300109863281,410.7900085449219,408.1400146484375,407.2200012207031,EQUITY,PWR"
"2025-07-25 13:30:00,412.6000061035156,424.94000244140625,412.6000061035156,421.67999267578125,EQUITY,PWR"
"2025-07-28 13:30:00,409.1300048828125,418.989990234375,418.989990234375,411.989990234375,EQUITY,PWR"
"2025-07-29 13:30:00,408.3299865722656,416.4100036621094,416.4100036621094,410.989990234375,EQUITY,PWR"
"2025-07-30 13:30:00,409.4599914550781,414.5,412.7900085449219,411.1099853515625,EQUITY,PWR"
"2025-07-31 13:30:00,399.07000732421875,423.5,406.0899963378906,406.1300048828125,EQUITY,PWR"
"2025-08-01 13:30:00,384.57000732421875,399.32000732421875,392.6000061035156,395.1700134277344,EQUITY,PWR"
"2025-08-04 13:30:00,391.2200012207031,402.05999755859375,400.3399963378906,393.6199951171875,EQUITY,PWR"
"2025-08-05 13:30:00,385.0,400.0899963378906,398.0,389.1199951171875,EQUITY,PWR"
"2025-08-06 13:30:00,384.5899963378906,391.8999938964844,388.20001220703125,387.5,EQUITY,PWR"
"2025-08-07 13:30:00,383.760009765625,392.3900146484375,389.82000732421875,387.3500061035156,EQUITY,PWR"
"2025-08-08 13:30:00,384.3900146484375,391.0,390.0,386.1499938964844,EQUITY,PWR"
"2025-08-11 13:30:00,380.44000244140625,387.94000244140625,386.07000732421875,384.1199951171875,EQUITY,PWR"
"2025-08-12 13:30:00,382.510009765625,391.7900085449219,384.4100036621094,391.57000732421875,EQUITY,PWR"
"2025-08-13 13:30:00,369.05999755859375,398.8500061035156,393.7300109863281,379.9599914550781,EQUITY,PWR"
"2025-08-14 13:30:00,375.20001220703125,382.5,379.9599914550781,377.510009765625,EQUITY,PWR"
"2025-08-15 13:30:00,371.6400146484375,384.4200134277344,377.8399963378906,380.80999755859375,EQUITY,PWR"
"2025-08-18 13:30:00,377.3599853515625,383.6000061035156,379.75,383.32000732421875,EQUITY,PWR"
"2025-08-19 13:30:00,377.3999938964844,384.0799865722656,383.0400085449219,379.2699890136719,EQUITY,PWR"
"2025-08-20 13:30:00,367.8999938964844,378.9700012207031,375.989990234375,375.8699951171875,EQUITY,PWR"
"2025-08-21 13:30:00,375.69000244140625,380.4200134277344,376.510009765625,378.2099914550781,EQUITY,PWR"
"2025-08-22 13:30:00,377.7099914550781,386.2900085449219,381.44000244140625,379.8399963378906,EQUITY,PWR"
"2025-08-25 13:30:00,377.4200134277344,381.8599853515625,379.8399963378906,378.30999755859375,EQUITY,PWR"
"2025-08-26 13:30:00,378.760009765625,384.4200134277344,379.0799865722656,383.9200134277344,EQUITY,PWR"
"2025-08-27 13:30:00,379.9599914550781,385.6000061035156,382.7900085449219,381.55999755859375,EQUITY,PWR"
"2025-08-28 13:30:00,382.3699951171875,387.80999755859375,383.55999755859375,385.9599914550781,EQUITY,PWR"
"2025-08-29 13:30:00,373.4700012207031,385.760009765625,385.760009765625,377.9599914550781,EQUITY,PWR"
"2025-09-02 13:30:00,366.3500061035156,375.239990234375,370.0,374.67999267578125,EQUITY,PWR"
"2025-09-03 13:30:00,371.3900146484375,378.3999938964844,376.489990234375,374.4100036621094,EQUITY,PWR"
"2025-09-04 13:30:00,370.92999267578125,378.79998779296875,375.29998779296875,376.0899963378906,EQUITY,PWR"
"2025-09-05 13:30:00,363.010009765625,379.0899963378906,378.4700012207031,372.5,EQUITY,PWR"
"2025-09-08 13:30:00,373.4100036621094,380.0,377.010009765625,375.5299987792969,EQUITY,PWR"
"2025-09-09 13:30:00,370.2699890136719,375.989990234375,374.6199951171875,373.4700012207031,EQUITY,PWR"
"2025-09-10 13:30:00,380.9599914550781,393.17999267578125,381.20001220703125,390.1700134277344,EQUITY,PWR"
"2025-09-11 13:30:00,388.9599914550781,400.8699951171875,391.1300048828125,389.6400146484375,EQUITY,PWR"
"2025-09-12 13:30:00,382.2699890136719,391.92999267578125,388.1499938964844,382.5299987792969,EQUITY,PWR"
"2025-09-15 13:30:00,381.54998779296875,387.8599853515625,382.8999938964844,385.67999267578125,EQUITY,PWR"
"2025-09-16 13:30:00,375.5,387.20001220703125,386.0299987792969,378.239990234375,EQUITY,PWR"
"2025-09-17 13:30:00,373.3999938964844,382.55999755859375,378.5,376.010009765625,EQUITY,PWR"
"2025-09-18 13:30:00,376.07000732421875,393.4200134277344,378.0299987792969,390.6499938964844,EQUITY,PWR"
"2025-09-19 13:30:00,386.94000244140625,393.2200012207031,392.05999755859375,388.5799865722656,EQUITY,PWR"
"2025-09-22 13:30:00,382.239990234375,397.6000061035156,384.5,396.0199890136719,EQUITY,PWR"
"2025-09-23 13:30:00,387.4200134277344,397.5199890136719,396.9100036621094,389.5299987792969,EQUITY,PWR"
"2025-09-24 13:30:00,396.3699951171875,407.0799865722656,400.2300109863281,402.8699951171875,EQUITY,PWR"
"2025-09-25 13:30:00,389.70001220703125,402.8699951171875,397.07000732421875,400.4100036621094,EQUITY,PWR"
"2025-09-26 13:30:00,399.17999267578125,408.739990234375,400.4100036621094,405.44000244140625,EQUITY,PWR"
"2025-09-29 13:30:00,405.8800048828125,413.94000244140625,405.8800048828125,409.1099853515625,EQUITY,PWR"
"2025-09-30 13:30:00,409.0,415.3599853515625,409.1099853515625,414.4200134277344,EQUITY,PWR"
"2025-10-01 13:30:00,407.30999755859375,423.7200012207031,410.760009765625,420.6499938964844,EQUITY,PWR"
"2025-10-02 13:30:00,417.9800109863281,431.239990234375,424.1099853515625,420.8599853515625,EQUITY,PWR"
"2025-10-03 13:30:00,415.5400085449219,427.489990234375,422.3599853515625,421.1700134277344,EQUITY,PWR"
"2025-10-06 13:30:00,421.7799987792969,429.70001220703125,425.510009765625,427.79998779296875,EQUITY,PWR"
"2025-10-07 13:30:00,415.2099914550781,434.3900146484375,429.0,421.510009765625,EQUITY,PWR"
"2025-10-08 13:30:00,421.42999267578125,443.9700012207031,423.19000244140625,443.45001220703125,EQUITY,PWR"
"2025-10-09 13:30:00,427.29998779296875,443.45001220703125,443.0,429.9200134277344,EQUITY,PWR"
"2025-10-10 13:30:00,416.510009765625,437.07000732421875,432.75,417.6099853515625,EQUITY,PWR"
"2024-09-09 13:30:00,39.75,40.45000076293945,40.08000183105469,40.060001373291016,EQUITY,FOXA"
"2024-09-10 13:30:00,39.790000915527344,40.189998626708984,40.0,39.88999938964844,EQUITY,FOXA"
"2024-09-11 13:30:00,38.96500015258789,39.869998931884766,39.81999969482422,39.400001525878906,EQUITY,FOXA"
"2024-09-12 13:30:00,38.71500015258789,39.52000045776367,39.5099983215332,38.90999984741211,EQUITY,FOXA"
"2024-09-13 13:30:00,39.08000183105469,39.685001373291016,39.08000183105469,39.65999984741211,EQUITY,FOXA"
"2024-09-16 13:30:00,39.345001220703125,40.06999969482422,39.56999969482422,39.709999084472656,EQUITY,FOXA"
"2024-09-17 13:30:00,39.7400016784668,40.8650016784668,39.7400016784668,40.529998779296875,EQUITY,FOXA"
"2024-09-18 13:30:00,40.439998626708984,41.13999938964844,40.470001220703125,40.599998474121094,EQUITY,FOXA"
"2024-09-19 13:30:00,40.369998931884766,40.970001220703125,40.95000076293945,40.47999954223633,EQUITY,FOXA"
"2024-09-20 13:30:00,40.20000076293945,41.20000076293945,40.79999923706055,40.209999084472656,EQUITY,FOXA"
"2024-09-23 13:30:00,40.290000915527344,41.125,40.439998626708984,41.11000061035156,EQUITY,FOXA"
"2024-09-24 13:30:00,41.060001373291016,42.44499969482422,41.119998931884766,42.31999969482422,EQUITY,FOXA"
"2024-09-25 13:30:00,41.724998474121094,42.380001068115234,42.25,41.97999954223633,EQUITY,FOXA"
"2024-09-26 13:30:00,41.869998931884766,42.349998474121094,42.0099983215332,42.29999923706055,EQUITY,FOXA"
"2024-09-27 13:30:00,42.18000030517578,42.6349983215332,42.43000030517578,42.27000045776367,EQUITY,FOXA"
"2024-09-30 13:30:00,42.099998474121094,42.513999938964844,42.33000183105469,42.33000183105469,EQUITY,FOXA"
"2024-10-01 13:30:00,41.63999938964844,42.540000915527344,42.22999954223633,42.31999969482422,EQUITY,FOXA"
"2024-10-02 13:30:00,41.91999816894531,42.470001220703125,42.06999969482422,41.9900016784668,EQUITY,FOXA"
"2024-10-03 13:30:00,41.54999923706055,42.0,41.88999938964844,41.900001525878906,EQUITY,FOXA"
"2024-10-04 13:30:00,41.77000045776367,42.31999969482422,42.060001373291016,41.810001373291016,EQUITY,FOXA"
"2024-10-07 13:30:00,41.130001068115234,41.810001373291016,41.810001373291016,41.619998931884766,EQUITY,FOXA"
"2024-10-08 13:30:00,41.310001373291016,41.83000183105469,41.459999084472656,41.58000183105469,EQUITY,FOXA"
"2024-10-09 13:30:00,41.470001220703125,41.95000076293945,41.5,41.7400016784668,EQUITY,FOXA"
"2024-10-10 13:30:00,41.2400016784668,41.709999084472656,41.68000030517578,41.349998474121094,EQUITY,FOXA"
"2024-10-11 13:30:00,41.349998474121094,41.79999923706055,41.47999954223633,41.38999938964844,EQUITY,FOXA"
"2024-10-14 13:30:00,41.29999923706055,41.61000061035156,41.560001373291016,41.54999923706055,EQUITY,FOXA"
"2024-10-15 13:30:00,41.560001373291016,42.244998931884766,41.63999938964844,41.83000183105469,EQUITY,FOXA"
"2024-10-16 13:30:00,41.7400016784668,42.19499969482422,41.779998779296875,42.08000183105469,EQUITY,FOXA"
"2024-10-17 13:30:00,41.95500183105469,42.595001220703125,41.959999084472656,42.56999969482422,EQUITY,FOXA"
"2024-10-18 13:30:00,42.375,42.849998474121094,42.849998474121094,42.470001220703125,EQUITY,FOXA"
"2024-10-21 13:30:00,41.94499969482422,42.529998779296875,42.380001068115234,42.04999923706055,EQUITY,FOXA"
"2024-10-22 13:30:00,42.02000045776367,42.33000183105469,42.060001373291016,42.22999954223633,EQUITY,FOXA"
"2024-10-23 13:30:00,41.83000183105469,42.380001068115234,42.130001068115234,41.86000061035156,EQUITY,FOXA"
"2024-10-24 13:30:00,41.59000015258789,42.02000045776367,41.91999816894531,41.709999084472656,EQUITY,FOXA"
"2024-10-25 13:30:00,41.625,42.400001525878906,42.099998474121094,41.709999084472656,EQUITY,FOXA"
"2024-10-28 13:30:00,41.77000045776367,42.13999938964844,42.02000045776367,42.0099983215332,EQUITY,FOXA"
"2024-10-29 13:30:00,41.7599983215332,42.224998474121094,42.0099983215332,42.0,EQUITY,FOXA"
"2024-10-30 13:30:00,41.77000045776367,42.369998931884766,41.9900016784668,42.029998779296875,EQUITY,FOXA"
"2024-10-31 13:30:00,41.849998474121094,42.36000061035156,42.13999938964844,42.0,EQUITY,FOXA"
"2024-11-01 13:30:00,41.779998779296875,42.20000076293945,42.09000015258789,41.880001068115234,EQUITY,FOXA"
"2024-11-04 14:30:00,42.70000076293945,45.81999969482422,45.630001068115234,43.0,EQUITY,FOXA"
"2024-11-05 14:30:00,42.779998779296875,43.90999984741211,43.150001525878906,43.599998474121094,EQUITY,FOXA"
"2024-11-06 14:30:00,44.35499954223633,45.54999923706055,45.09000015258789,45.47999954223633,EQUITY,FOXA"
"2024-11-07 14:30:00,44.529998779296875,45.52000045776367,45.2599983215332,44.66999816894531,EQUITY,FOXA"
"2024-11-08 14:30:00,44.150001525878906,44.97999954223633,44.439998626708984,44.599998474121094,EQUITY,FOXA"
"2024-11-11 14:30:00,44.72999954223633,45.810001373291016,44.72999954223633,45.790000915527344,EQUITY,FOXA"
"2024-11-12 14:30:00,45.720001220703125,46.96799850463867,45.86000061035156,46.900001525878906,EQUITY,FOXA"
"2024-11-13 14:30:00,46.13999938964844,47.11000061035156,47.11000061035156,46.72999954223633,EQUITY,FOXA"
"2024-11-14 14:30:00,46.98500061035156,47.584999084472656,47.08000183105469,47.47999954223633,EQUITY,FOXA"
"2024-11-15 14:30:00,45.56999969482422,47.56999969482422,47.5099983215332,45.63999938964844,EQUITY,FOXA"
"2024-11-18 14:30:00,45.29999923706055,45.85300064086914,45.5099983215332,45.380001068115234,EQUITY,FOXA"
"2024-11-19 14:30:00,44.81999969482422,45.775001525878906,45.02000045776367,45.7599983215332,EQUITY,FOXA"
"2024-11-20 14:30:00,45.2599983215332,45.84000015258789,45.68000030517578,45.70000076293945,EQUITY,FOXA"
"2024-11-21 14:30:00,45.47999954223633,46.810001373291016,45.70000076293945,46.63999938964844,EQUITY,FOXA"
"2024-11-22 14:30:00,46.52000045776367,47.09000015258789,46.619998931884766,46.849998474121094,EQUITY,FOXA"
"2024-11-25 14:30:00,45.84000015258789,47.20500183105469,47.13999938964844,46.08000183105469,EQUITY,FOXA"
"2024-11-26 14:30:00,45.90999984741211,46.310001373291016,46.290000915527344,46.150001525878906,EQUITY,FOXA"
"2024-11-27 14:30:00,46.060001373291016,46.90999984741211,46.15999984741211,46.709999084472656,EQUITY,FOXA"
"2024-11-29 14:30:00,46.75,47.35499954223633,46.83000183105469,47.119998931884766,EQUITY,FOXA"
"2024-12-02 14:30:00,46.6349983215332,47.130001068115234,47.119998931884766,46.77000045776367,EQUITY,FOXA"
"2024-12-03 14:30:00,46.21099853515625,46.970001220703125,46.81999969482422,46.40999984741211,EQUITY,FOXA"
"2024-12-04 14:30:00,46.09000015258789,46.46500015258789,46.40999984741211,46.29999923706055,EQUITY,FOXA"
"2024-12-05 14:30:00,46.189998626708984,46.68000030517578,46.25,46.650001525878906,EQUITY,FOXA"
"2024-12-06 14:30:00,46.400001525878906,47.040000915527344,46.650001525878906,47.0,EQUITY,FOXA"
"2024-12-09 14:30:00,45.78499984741211,47.22999954223633,47.18000030517578,46.22999954223633,EQUITY,FOXA"
"2024-12-10 14:30:00,46.13999938964844,46.744998931884766,46.18000030517578,46.369998931884766,EQUITY,FOXA"
"2024-12-11 14:30:00,45.90999984741211,46.529998779296875,46.47999954223633,46.06999969482422,EQUITY,FOXA"
"2024-12-12 14:30:00,46.220001220703125,47.57500076293945,46.279998779296875,47.34000015258789,EQUITY,FOXA"
"2024-12-13 14:30:00,47.0,47.67300033569336,47.2599983215332,47.08000183105469,EQUITY,FOXA"
"2024-12-16 14:30:00,46.060001373291016,47.29499816894531,47.130001068115234,47.060001373291016,EQUITY,FOXA"
"2024-12-17 14:30:00,47.32500076293945,49.29999923706055,47.689998626708984,49.06999969482422,EQUITY,FOXA"
"2024-12-18 14:30:00,49.279998779296875,50.630001068115234,49.459999084472656,49.43000030517578,EQUITY,FOXA"
"2024-12-19 14:30:00,48.404998779296875,49.560001373291016,49.189998626708984,48.84000015258789,EQUITY,FOXA"
"2024-12-20 14:30:00,48.220001220703125,49.630001068115234,48.970001220703125,49.529998779296875,EQUITY,FOXA"
"2024-12-23 14:30:00,48.71500015258789,49.83000183105469,49.2400016784668,49.45000076293945,EQUITY,FOXA"
"2024-12-24 14:30:00,49.380001068115234,50.0,49.599998474121094,49.9900016784668,EQUITY,FOXA"
"2024-12-26 14:30:00,49.61000061035156,50.1150016784668,49.65999984741211,49.83000183105469,EQUITY,FOXA"
"2024-12-27 14:30:00,49.18000030517578,49.869998931884766,49.83000183105469,49.470001220703125,EQUITY,FOXA"
"2024-12-30 14:30:00,48.529998779296875,49.279998779296875,49.279998779296875,48.84000015258789,EQUITY,FOXA"
"2024-12-31 14:30:00,48.54499816894531,49.02000045776367,48.709999084472656,48.58000183105469,EQUITY,FOXA"
"2025-01-02 14:30:00,48.599998474121094,49.220001220703125,48.849998474121094,48.9900016784668,EQUITY,FOXA"
"2025-01-03 14:30:00,48.29999923706055,49.45000076293945,49.119998931884766,49.31999969482422,EQUITY,FOXA"
"2025-01-06 14:30:00,49.45000076293945,50.28499984741211,49.45000076293945,49.630001068115234,EQUITY,FOXA"
"2025-01-07 14:30:00,49.099998474121094,49.96500015258789,49.630001068115234,49.22999954223633,EQUITY,FOXA"
"2025-01-08 14:30:00,48.44499969482422,49.209999084472656,49.16999816894531,48.970001220703125,EQUITY,FOXA"
"2025-01-10 14:30:00,47.52000045776367,48.7599983215332,48.720001220703125,48.189998626708984,EQUITY,FOXA"
"2025-01-13 14:30:00,47.959999084472656,48.69499969482422,47.959999084472656,48.189998626708984,EQUITY,FOXA"
"2025-01-14 14:30:00,48.400001525878906,49.22999954223633,48.7400016784668,48.81999969482422,EQUITY,FOXA"
"2025-01-15 14:30:00,48.43000030517578,49.224998474121094,49.099998474121094,48.540000915527344,EQUITY,FOXA"
"2025-01-16 14:30:00,48.27000045776367,48.96500015258789,48.599998474121094,48.31999969482422,EQUITY,FOXA"
"2025-01-17 14:30:00,47.97999954223633,48.849998474121094,48.689998626708984,48.0,EQUITY,FOXA"
"2025-01-21 14:30:00,47.349998474121094,48.064998626708984,47.709999084472656,47.900001525878906,EQUITY,FOXA"
"2025-01-22 14:30:00,47.58000183105469,48.310001373291016,47.86000061035156,48.13999938964844,EQUITY,FOXA"
"2025-01-23 14:30:00,48.099998474121094,48.5890007019043,48.220001220703125,48.560001373291016,EQUITY,FOXA"
"2025-01-24 14:30:00,48.30500030517578,49.099998474121094,48.540000915527344,49.06999969482422,EQUITY,FOXA"
"2025-01-27 14:30:00,48.86000061035156,50.65999984741211,48.915000915527344,50.150001525878906,EQUITY,FOXA"
"2025-01-28 14:30:00,49.93000030517578,50.5099983215332,50.02000045776367,50.040000915527344,EQUITY,FOXA"
"2025-01-29 14:30:00,50.04999923706055,50.875,50.380001068115234,50.43000030517578,EQUITY,FOXA"
"2025-01-30 14:30:00,50.22999954223633,51.08000183105469,50.45000076293945,51.02000045776367,EQUITY,FOXA"
"2025-01-31 14:30:00,51.05500030517578,52.040000915527344,51.279998779296875,51.18000030517578,EQUITY,FOXA"
"2025-02-03 14:30:00,50.5,52.1349983215332,50.599998474121094,51.95000076293945,EQUITY,FOXA"
"2025-02-04 14:30:00,53.13999938964844,55.55500030517578,55.43000030517578,54.63999938964844,EQUITY,FOXA"
"2025-02-05 14:30:00,53.380001068115234,54.970001220703125,54.7599983215332,54.529998779296875,EQUITY,FOXA"
"2025-02-06 14:30:00,53.18000030517578,54.75,54.75,53.2400016784668,EQUITY,FOXA"
"2025-02-07 14:30:00,52.73500061035156,53.779998779296875,53.5,52.790000915527344,EQUITY,FOXA"
"2025-02-10 14:30:00,51.97999954223633,53.970001220703125,53.0,53.25,EQUITY,FOXA"
"2025-02-11 14:30:00,53.04999923706055,53.599998474121094,53.15999984741211,53.38999938964844,EQUITY,FOXA"
"2025-02-12 14:30:00,53.08000183105469,54.89500045776367,53.380001068115234,54.70000076293945,EQUITY,FOXA"
"2025-02-13 14:30:00,54.2599983215332,55.5,54.59000015258789,55.45000076293945,EQUITY,FOXA"
"2025-02-14 14:30:00,55.13999938964844,55.86000061035156,55.81999969482422,55.630001068115234,EQUITY,FOXA"
"2025-02-18 14:30:00,55.2400016784668,56.369998931884766,55.630001068115234,56.290000915527344,EQUITY,FOXA"
"2025-02-19 14:30:00,56.029998779296875,57.720001220703125,56.15999984741211,57.459999084472656,EQUITY,FOXA"
"2025-02-20 14:30:00,56.59000015258789,57.529998779296875,57.310001373291016,57.380001068115234,EQUITY,FOXA"
"2025-02-21 14:30:00,56.93000030517578,58.119998931884766,57.38999938964844,56.95000076293945,EQUITY,FOXA"
"2025-02-24 14:30:00,57.040000915527344,58.380001068115234,57.15999984741211,58.0,EQUITY,FOXA"
"2025-02-25 14:30:00,56.529998779296875,58.154998779296875,58.154998779296875,56.90999984741211,EQUITY,FOXA"
"2025-02-26 14:30:00,56.779998779296875,58.290000915527344,57.18000030517578,56.84000015258789,EQUITY,FOXA"
"2025-02-27 14:30:00,56.2599983215332,57.529998779296875,57.04999923706055,56.40999984741211,EQUITY,FOXA"
"2025-02-28 14:30:00,56.650001525878906,57.790000915527344,56.84000015258789,57.599998474121094,EQUITY,FOXA"
"2025-03-03 14:30:00,56.86000061035156,58.7400016784668,57.349998474121094,57.029998779296875,EQUITY,FOXA"
"2025-03-04 14:30:00,55.6619987487793,56.9900016784668,56.900001525878906,56.220001220703125,EQUITY,FOXA"
"2025-03-05 14:30:00,55.560001373291016,56.40999984741211,56.06999969482422,56.34000015258789,EQUITY,FOXA"
"2025-03-06 14:30:00,54.880001068115234,56.400001525878906,56.130001068115234,55.369998931884766,EQUITY,FOXA"
"2025-03-07 14:30:00,54.34000015258789,55.880001068115234,55.119998931884766,55.66999816894531,EQUITY,FOXA"
"2025-03-10 13:30:00,53.779998779296875,55.209999084472656,54.959999084472656,54.119998931884766,EQUITY,FOXA"
"2025-03-11 13:30:00,52.720001220703125,54.310001373291016,54.119998931884766,52.720001220703125,EQUITY,FOXA"
"2025-03-12 13:30:00,51.779998779296875,53.5,53.290000915527344,52.310001373291016,EQUITY,FOXA"
"2025-03-13 13:30:00,50.93000030517578,52.47999954223633,52.11000061035156,51.040000915527344,EQUITY,FOXA"
"2025-03-14 13:30:00,51.220001220703125,52.349998474121094,51.404998779296875,52.279998779296875,EQUITY,FOXA"
"2025-03-17 13:30:00,52.060001373291016,52.689998626708984,52.18000030517578,52.459999084472656,EQUITY,FOXA"
"2025-03-18 13:30:00,51.810001373291016,52.47999954223633,52.36000061035156,52.380001068115234,EQUITY,FOXA"
"2025-03-19 13:30:00,52.150001525878906,52.970001220703125,52.29999923706055,52.939998626708984,EQUITY,FOXA"
"2025-03-20 13:30:00,52.54999923706055,53.275001525878906,52.7400016784668,53.209999084472656,EQUITY,FOXA"
"2025-03-21 13:30:00,52.720001220703125,54.04999923706055,53.0,53.400001525878906,EQUITY,FOXA"
"2025-03-24 13:30:00,52.95500183105469,54.13800048828125,54.029998779296875,53.38999938964844,EQUITY,FOXA"
"2025-03-25 13:30:00,53.34000015258789,55.07500076293945,53.540000915527344,54.959999084472656,EQUITY,FOXA"
"2025-03-26 13:30:00,54.880001068115234,55.68000030517578,54.959999084472656,55.209999084472656,EQUITY,FOXA"
"2025-03-27 13:30:00,54.709999084472656,55.349998474121094,54.97999954223633,54.91999816894531,EQUITY,FOXA"
"2025-03-28 13:30:00,54.380001068115234,55.5099983215332,55.099998474121094,54.72999954223633,EQUITY,FOXA"
"2025-03-31 13:30:00,54.58000183105469,56.869998931884766,54.93000030517578,56.599998474121094,EQUITY,FOXA"
"2025-04-01 13:30:00,55.3849983215332,56.630001068115234,56.310001373291016,55.81999969482422,EQUITY,FOXA"
"2025-04-02 13:30:00,55.560001373291016,57.130001068115234,55.560001373291016,57.040000915527344,EQUITY,FOXA"
"2025-04-03 13:30:00,51.76499938964844,56.189998626708984,55.7599983215332,51.83000183105469,EQUITY,FOXA"
"2025-04-04 13:30:00,49.540000915527344,52.22999954223633,50.54600143432617,49.72999954223633,EQUITY,FOXA"
"2025-04-07 13:30:00,46.83000183105469,50.63999938964844,47.36899948120117,48.54999923706055,EQUITY,FOXA"
"2025-04-08 13:30:00,47.04999923706055,50.369998931884766,50.369998931884766,47.45000076293945,EQUITY,FOXA"
"2025-04-09 13:30:00,47.04999923706055,51.845001220703125,47.2599983215332,51.5099983215332,EQUITY,FOXA"
"2025-04-10 13:30:00,48.2599983215332,51.16999816894531,50.849998474121094,49.52000045776367,EQUITY,FOXA"
"2025-04-11 13:30:00,48.345001220703125,50.04999923706055,49.52000045776367,48.88999938964844,EQUITY,FOXA"
"2025-04-14 13:30:00,49.30500030517578,50.45000076293945,49.30500030517578,49.529998779296875,EQUITY,FOXA"
"2025-04-15 13:30:00,49.2400016784668,50.45500183105469,49.54999923706055,50.060001373291016,EQUITY,FOXA"
"2025-04-16 13:30:00,47.790000915527344,49.91999816894531,49.86000061035156,48.2599983215332,EQUITY,FOXA"
"2025-04-17 13:30:00,47.900001525878906,48.68000030517578,48.529998779296875,47.970001220703125,EQUITY,FOXA"
"2025-04-21 13:30:00,46.41999816894531,48.31999969482422,47.779998779296875,47.209999084472656,EQUITY,FOXA"
"2025-04-22 13:30:00,47.59000015258789,48.279998779296875,48.130001068115234,48.20000076293945,EQUITY,FOXA"
"2025-04-23 13:30:00,48.52000045776367,50.185001373291016,49.099998474121094,48.65999984741211,EQUITY,FOXA"
"2025-04-24 13:30:00,48.029998779296875,49.3849983215332,48.40999984741211,49.02000045776367,EQUITY,FOXA"
"2025-04-25 13:30:00,48.65999984741211,49.40999984741211,49.150001525878906,49.349998474121094,EQUITY,FOXA"
"2025-04-28 13:30:00,49.13999938964844,49.86000061035156,49.54999923706055,49.5099983215332,EQUITY,FOXA"
"2025-04-29 13:30:00,48.8650016784668,49.810001373291016,49.15999984741211,49.630001068115234,EQUITY,FOXA"
"2025-04-30 13:30:00,48.130001068115234,49.92499923706055,49.15999984741211,49.790000915527344,EQUITY,FOXA"
"2025-05-01 13:30:00,48.858001708984375,49.650001525878906,49.650001525878906,49.220001220703125,EQUITY,FOXA"
"2025-05-02 13:30:00,49.404998779296875,50.5,49.47999954223633,49.470001220703125,EQUITY,FOXA"
"2025-05-05 13:30:00,47.65999984741211,49.560001373291016,48.4900016784668,49.2599983215332,EQUITY,FOXA"
"2025-05-06 13:30:00,48.88999938964844,49.65999984741211,48.900001525878906,49.540000915527344,EQUITY,FOXA"
"2025-05-07 13:30:00,49.8849983215332,50.869998931884766,50.0099983215332,50.810001373291016,EQUITY,FOXA"
"2025-05-08 13:30:00,50.369998931884766,51.43000030517578,50.970001220703125,50.41999816894531,EQUITY,FOXA"
"2025-05-09 13:30:00,50.029998779296875,50.915000915527344,50.790000915527344,50.2400016784668,EQUITY,FOXA"
"2025-05-12 13:30:00,52.02000045776367,53.709999084472656,53.68000030517578,52.41999816894531,EQUITY,FOXA"
"2025-05-13 13:30:00,52.34000015258789,55.470001220703125,52.7599983215332,55.2400016784668,EQUITY,FOXA"
"2025-05-14 13:30:00,54.209999084472656,55.310001373291016,54.95000076293945,54.63999938964844,EQUITY,FOXA"
"2025-05-15 13:30:00,54.70000076293945,55.65999984741211,54.75,55.459999084472656,EQUITY,FOXA"
"2025-05-16 13:30:00,55.220001220703125,56.09000015258789,55.470001220703125,56.08000183105469,EQUITY,FOXA"
"2025-05-19 13:30:00,55.44499969482422,55.869998931884766,55.7400016784668,55.810001373291016,EQUITY,FOXA"
"2025-05-20 13:30:00,55.720001220703125,56.79999923706055,55.810001373291016,56.5,EQUITY,FOXA"
"2025-05-21 13:30:00,55.0,56.20000076293945,56.029998779296875,55.13999938964844,EQUITY,FOXA"
"2025-05-22 13:30:00,54.59000015258789,55.34000015258789,55.13999938964844,54.97999954223633,EQUITY,FOXA"
"2025-05-23 13:30:00,54.347999572753906,55.09000015258789,54.599998474121094,55.040000915527344,EQUITY,FOXA"
"2025-05-27 13:30:00,55.06999969482422,55.84000015258789,55.41999816894531,55.79999923706055,EQUITY,FOXA"
"2025-05-28 13:30:00,55.779998779296875,56.560001373291016,55.90999984741211,56.150001525878906,EQUITY,FOXA"
"2025-05-29 13:30:00,54.150001525878906,56.2599983215332,56.150001525878906,54.75,EQUITY,FOXA"
"2025-05-30 13:30:00,54.310001373291016,55.11000061035156,54.77000045776367,54.939998626708984,EQUITY,FOXA"
"2025-06-02 13:30:00,54.15999984741211,55.650001525878906,54.709999084472656,55.13999938964844,EQUITY,FOXA"
"2025-06-03 13:30:00,54.63999938964844,55.52000045776367,55.13999938964844,55.27000045776367,EQUITY,FOXA"
"2025-06-04 13:30:00,53.86000061035156,55.48500061035156,55.209999084472656,54.02000045776367,EQUITY,FOXA"
"2025-06-05 13:30:00,53.7400016784668,54.810001373291016,54.22999954223633,53.84000015258789,EQUITY,FOXA"
"2025-06-06 13:30:00,53.790000915527344,54.400001525878906,54.20000076293945,54.369998931884766,EQUITY,FOXA"
"2025-06-09 13:30:00,54.0,56.13999938964844,54.27000045776367,54.099998474121094,EQUITY,FOXA"
"2025-06-10 13:30:00,53.81999969482422,54.92499923706055,54.06999969482422,54.72999954223633,EQUITY,FOXA"
"2025-06-11 13:30:00,54.369998931884766,54.78499984741211,54.72999954223633,54.65999984741211,EQUITY,FOXA"
"2025-06-12 13:30:00,52.959999084472656,54.9900016784668,54.75,53.81999969482422,EQUITY,FOXA"
"2025-06-13 13:30:00,53.39500045776367,53.97999954223633,53.470001220703125,53.689998626708984,EQUITY,FOXA"
"2025-06-16 13:30:00,53.810001373291016,55.31999969482422,54.25,55.31999969482422,EQUITY,FOXA"
"2025-06-17 13:30:00,53.459999084472656,55.35499954223633,55.20000076293945,54.08000183105469,EQUITY,FOXA"
"2025-06-18 13:30:00,53.84000015258789,55.16999816894531,54.060001373291016,54.709999084472656,EQUITY,FOXA"
"2025-06-20 13:30:00,54.95000076293945,55.970001220703125,55.29999923706055,55.25,EQUITY,FOXA"
"2025-06-23 13:30:00,54.56800079345703,56.119998931884766,55.20000076293945,56.08000183105469,EQUITY,FOXA"
"2025-06-24 13:30:00,55.71500015258789,56.42499923706055,56.42499923706055,55.900001525878906,EQUITY,FOXA"
"2025-06-25 13:30:00,55.369998931884766,56.38999938964844,55.95000076293945,55.9900016784668,EQUITY,FOXA"
"2025-06-26 13:30:00,55.880001068115234,56.810001373291016,55.9900016784668,56.68000030517578,EQUITY,FOXA"
"2025-06-27 13:30:00,56.470001220703125,57.290000915527344,57.0,56.790000915527344,EQUITY,FOXA"
"2025-06-30 13:30:00,55.279998779296875,57.20000076293945,56.9900016784668,56.040000915527344,EQUITY,FOXA"
"2025-07-01 13:30:00,55.61000061035156,56.560001373291016,55.7599983215332,55.970001220703125,EQUITY,FOXA"
"2025-07-02 13:30:00,54.75,56.290000915527344,56.0,55.130001068115234,EQUITY,FOXA"
"2025-07-03 13:30:00,55.255001068115234,58.69499969482422,55.33000183105469,56.25,EQUITY,FOXA"
"2025-07-07 13:30:00,54.65999984741211,56.099998474121094,55.939998626708984,54.849998474121094,EQUITY,FOXA"
"2025-07-08 13:30:00,54.744998931884766,55.2400016784668,54.970001220703125,55.09000015258789,EQUITY,FOXA"
"2025-07-09 13:30:00,54.900001525878906,55.47999954223633,55.334999084472656,55.209999084472656,EQUITY,FOXA"
"2025-07-10 13:30:00,55.06999969482422,57.029998779296875,55.45000076293945,56.72999954223633,EQUITY,FOXA"
"2025-07-11 13:30:00,54.790000915527344,57.150001525878906,56.630001068115234,55.11000061035156,EQUITY,FOXA"
"2025-07-14 13:30:00,55.0099983215332,55.994998931884766,55.04999923706055,55.959999084472656,EQUITY,FOXA"
"2025-07-15 13:30:00,55.56999969482422,56.59000015258789,55.77000045776367,55.630001068115234,EQUITY,FOXA"
"2025-07-16 13:30:00,54.689998626708984,55.83000183105469,55.65999984741211,55.68000030517578,EQUITY,FOXA"
"2025-07-17 13:30:00,55.54999923706055,56.47999954223633,55.68000030517578,56.38999938964844,EQUITY,FOXA"
"2025-07-18 13:30:00,56.06999969482422,56.68000030517578,56.599998474121094,56.25,EQUITY,FOXA"
"2025-07-21 13:30:00,54.7599983215332,56.5,56.25,55.470001220703125,EQUITY,FOXA"
"2025-07-22 13:30:00,55.279998779296875,56.459999084472656,55.63999938964844,55.90999984741211,EQUITY,FOXA"
"2025-07-23 13:30:00,55.81999969482422,56.720001220703125,55.939998626708984,56.470001220703125,EQUITY,FOXA"
"2025-07-24 13:30:00,56.060001373291016,56.790000915527344,56.470001220703125,56.27000045776367,EQUITY,FOXA"
"2025-07-25 13:30:00,56.07500076293945,56.845001220703125,56.52000045776367,56.66999816894531,EQUITY,FOXA"
"2025-07-28 13:30:00,56.279998779296875,57.08300018310547,56.689998626708984,56.400001525878906,EQUITY,FOXA"
"2025-07-29 13:30:00,55.540000915527344,56.51499938964844,56.4900016784668,55.91999816894531,EQUITY,FOXA"
"2025-07-30 13:30:00,55.2599983215332,56.18000030517578,56.02000045776367,55.459999084472656,EQUITY,FOXA"
"2025-07-31 13:30:00,55.349998474121094,56.005001068115234,55.5099983215332,55.7599983215332,EQUITY,FOXA"
"2025-08-01 13:30:00,54.720001220703125,55.61000061035156,55.47999954223633,55.540000915527344,EQUITY,FOXA"
"2025-08-04 13:30:00,55.7599983215332,57.244998931884766,56.08000183105469,56.97999954223633,EQUITY,FOXA"
"2025-08-05 13:30:00,54.349998474121094,58.0,57.92499923706055,54.88999938964844,EQUITY,FOXA"
"2025-08-06 13:30:00,53.04999923706055,54.7400016784668,54.65999984741211,54.20000076293945,EQUITY,FOXA"
"2025-08-07 13:30:00,53.67499923706055,54.66999816894531,54.52000045776367,53.869998931884766,EQUITY,FOXA"
"2025-08-08 13:30:00,53.709999084472656,54.33000183105469,53.959999084472656,54.02000045776367,EQUITY,FOXA"
"2025-08-11 13:30:00,53.86000061035156,54.6150016784668,54.209999084472656,54.5,EQUITY,FOXA"
"2025-08-12 13:30:00,54.67900085449219,56.16999816894531,54.810001373291016,56.130001068115234,EQUITY,FOXA"
"2025-08-13 13:30:00,56.25,59.119998931884766,56.31999969482422,59.119998931884766,EQUITY,FOXA"
"2025-08-14 13:30:00,58.82500076293945,59.97999954223633,59.029998779296875,59.88999938964844,EQUITY,FOXA"
"2025-08-15 13:30:00,58.22999954223633,60.2400016784668,59.959999084472656,58.36000061035156,EQUITY,FOXA"
"2025-08-18 13:30:00,57.369998931884766,58.45000076293945,58.38999938964844,57.56999969482422,EQUITY,FOXA"
"2025-08-19 13:30:00,57.529998779296875,58.709999084472656,57.709999084472656,58.150001525878906,EQUITY,FOXA"
"2025-08-20 13:30:00,58.15999984741211,59.119998931884766,58.25,58.970001220703125,EQUITY,FOXA"
"2025-08-21 13:30:00,58.650001525878906,59.220001220703125,58.779998779296875,59.029998779296875,EQUITY,FOXA"
"2025-08-22 13:30:00,59.09000015258789,60.23500061035156,59.380001068115234,59.41999816894531,EQUITY,FOXA"
"2025-08-25 13:30:00,58.97999954223633,59.90999984741211,59.209999084472656,59.77000045776367,EQUITY,FOXA"
"2025-08-26 13:30:00,58.69499969482422,59.939998626708984,59.810001373291016,59.06999969482422,EQUITY,FOXA"
"2025-08-27 13:30:00,58.88999938964844,59.54999923706055,58.939998626708984,59.52000045776367,EQUITY,FOXA"
"2025-08-28 13:30:00,59.060001373291016,59.56999969482422,59.56999969482422,59.459999084472656,EQUITY,FOXA"
"2025-08-29 13:30:00,59.32500076293945,59.994998931884766,59.560001373291016,59.70000076293945,EQUITY,FOXA"
"2025-09-02 13:30:00,59.194000244140625,61.099998474121094,59.380001068115234,61.04999923706055,EQUITY,FOXA"
"2025-09-03 13:30:00,59.95000076293945,61.279998779296875,60.720001220703125,60.08000183105469,EQUITY,FOXA"
"2025-09-04 13:30:00,59.96500015258789,60.869998931884766,60.529998779296875,60.810001373291016,EQUITY,FOXA"
"2025-09-05 13:30:00,60.48500061035156,61.51499938964844,60.54999923706055,61.5,EQUITY,FOXA"
"2025-09-08 13:30:00,61.099998474121094,62.689998626708984,61.40999984741211,62.47999954223633,EQUITY,FOXA"
"2025-09-09 13:30:00,57.720001220703125,59.81999969482422,59.652000427246094,58.63999938964844,EQUITY,FOXA"
"2025-09-10 13:30:00,55.66999816894531,58.34000015258789,58.34000015258789,57.189998626708984,EQUITY,FOXA"
"2025-09-11 13:30:00,56.869998931884766,59.029998779296875,57.099998474121094,58.72999954223633,EQUITY,FOXA"
"2025-09-12 13:30:00,57.849998474121094,59.130001068115234,58.2599983215332,58.25,EQUITY,FOXA"
"2025-09-15 13:30:00,57.81999969482422,58.93000030517578,58.150001525878906,58.77000045776367,EQUITY,FOXA"
"2025-09-16 13:30:00,57.439998626708984,58.77000045776367,58.61000061035156,57.470001220703125,EQUITY,FOXA"
"2025-09-17 13:30:00,57.63999938964844,59.7400016784668,57.63999938964844,59.220001220703125,EQUITY,FOXA"
"2025-09-18 13:30:00,59.20000076293945,60.5099983215332,59.22999954223633,59.84000015258789,EQUITY,FOXA"
"2025-09-19 13:30:00,59.630001068115234,61.11000061035156,59.7599983215332,60.619998931884766,EQUITY,FOXA"
"2025-09-22 13:30:00,60.72999954223633,62.47999954223633,62.400001525878906,62.41999816894531,EQUITY,FOXA"
"2025-09-23 13:30:00,61.58000183105469,62.849998474121094,62.369998931884766,61.61000061035156,EQUITY,FOXA"
"2025-09-24 13:30:00,60.005001068115234,61.66999816894531,61.4900016784668,60.15999984741211,EQUITY,FOXA"
"2025-09-25 13:30:00,59.790000915527344,61.040000915527344,59.93000030517578,60.22999954223633,EQUITY,FOXA"
"2025-09-26 13:30:00,60.56999969482422,61.380001068115234,60.66999816894531,61.150001525878906,EQUITY,FOXA"
"2025-09-29 13:30:00,60.88999938964844,62.970001220703125,61.5099983215332,62.880001068115234,EQUITY,FOXA"
"2025-09-30 13:30:00,62.93000030517578,65.30000305175781,63.0,63.060001373291016,EQUITY,FOXA"
"2025-10-01 13:30:00,61.39500045776367,62.55500030517578,62.369998931884766,61.88999938964844,EQUITY,FOXA"
"2025-10-02 13:30:00,61.63999938964844,62.560001373291016,61.779998779296875,62.060001373291016,EQUITY,FOXA"
"2025-10-03 13:30:00,61.7599983215332,62.61000061035156,62.060001373291016,61.959999084472656,EQUITY,FOXA"
"2025-10-06 13:30:00,61.369998931884766,62.349998474121094,62.060001373291016,61.380001068115234,EQUITY,FOXA"
"2025-10-07 13:30:00,60.8650016784668,62.2599983215332,61.349998474121094,61.5099983215332,EQUITY,FOXA"
"2025-10-08 13:30:00,59.810001373291016,61.599998474121094,61.5099983215332,60.15999984741211,EQUITY,FOXA"
"2025-10-09 13:30:00,58.790000915527344,60.279998779296875,60.15999984741211,58.869998931884766,EQUITY,FOXA"
"2025-10-10 13:30:00,57.16999816894531,59.27000045776367,58.95000076293945,57.27000045776367,EQUITY,FOXA"
"2024-09-09 13:30:00,46.58000183105469,48.97999954223633,46.66999816894531,48.75,EQUITY,UAL"
"2024-09-10 13:30:00,47.0099983215332,49.040000915527344,49.0,48.41999816894531,EQUITY,UAL"
"2024-09-11 13:30:00,47.52000045776367,48.619998931884766,48.41999816894531,48.470001220703125,EQUITY,UAL"
"2024-09-12 13:30:00,47.459999084472656,50.79999923706055,49.779998779296875,49.650001525878906,EQUITY,UAL"
"2024-09-13 13:30:00,49.88999938964844,51.2400016784668,50.099998474121094,50.220001220703125,EQUITY,UAL"
"2024-09-16 13:30:00,50.310001373291016,51.439998626708984,50.380001068115234,51.34000015258789,EQUITY,UAL"
"2024-09-17 13:30:00,51.900001525878906,53.75,52.0,52.63999938964844,EQUITY,UAL"
"2024-09-18 13:30:00,52.59000015258789,54.43000030517578,52.7400016784668,52.959999084472656,EQUITY,UAL"
"2024-09-19 13:30:00,52.34000015258789,54.2400016784668,54.060001373291016,52.59000015258789,EQUITY,UAL"
"2024-09-20 13:30:00,51.939998626708984,52.900001525878906,52.47999954223633,52.16999816894531,EQUITY,UAL"
"2024-09-23 13:30:00,51.439998626708984,52.540000915527344,52.16999816894531,52.36000061035156,EQUITY,UAL"
"2024-09-24 13:30:00,52.130001068115234,53.650001525878906,52.43000030517578,53.630001068115234,EQUITY,UAL"
"2024-09-25 13:30:00,53.58000183105469,55.13999938964844,53.58000183105469,54.11000061035156,EQUITY,UAL"
"2024-09-26 13:30:00,55.4900016784668,59.380001068115234,55.58000183105469,58.849998474121094,EQUITY,UAL"
"2024-09-27 13:30:00,57.95000076293945,60.22999954223633,58.97999954223633,57.9900016784668,EQUITY,UAL"
"2024-09-30 13:30:00,56.709999084472656,58.38999938964844,57.75,57.060001373291016,EQUITY,UAL"
"2024-10-01 13:30:00,54.72999954223633,56.95000076293945,56.869998931884766,56.130001068115234,EQUITY,UAL"
"2024-10-02 13:30:00,54.63999938964844,56.04999923706055,55.349998474121094,55.7400016784668,EQUITY,UAL"
"2024-10-03 13:30:00,54.93000030517578,56.209999084472656,55.599998474121094,55.619998931884766,EQUITY,UAL"
"2024-10-04 13:30:00,57.369998931884766,59.439998626708984,57.939998626708984,59.220001220703125,EQUITY,UAL"
"2024-10-07 13:30:00,58.540000915527344,60.380001068115234,59.0,59.18000030517578,EQUITY,UAL"
"2024-10-08 13:30:00,59.529998779296875,61.619998931884766,59.68000030517578,60.0099983215332,EQUITY,UAL"
"2024-10-09 13:30:00,59.08000183105469,61.040000915527344,60.400001525878906,59.43000030517578,EQUITY,UAL"
"2024-10-10 13:30:00,58.38999938964844,60.63999938964844,58.43000030517578,60.2599983215332,EQUITY,UAL"
"2024-10-11 13:30:00,59.709999084472656,61.93000030517578,60.0,61.79999923706055,EQUITY,UAL"
"2024-10-14 13:30:00,62.060001373291016,63.810001373291016,62.33000183105469,63.529998779296875,EQUITY,UAL"
"2024-10-15 13:30:00,63.5,65.0199966430664,64.18000030517578,64.05000305175781,EQUITY,UAL"
"2024-10-16 13:30:00,65.11000061035156,73.6500015258789,65.4000015258789,72.0199966430664,EQUITY,UAL"
"2024-10-17 13:30:00,71.58999633789062,74.55999755859375,72.0,73.33000183105469,EQUITY,UAL"
"2024-10-18 13:30:00,72.9000015258789,74.94999694824219,73.87000274658203,74.1500015258789,EQUITY,UAL"
"2024-10-21 13:30:00,72.56999969482422,74.97000122070312,73.25,74.0,EQUITY,UAL"
"2024-10-22 13:30:00,72.56999969482422,74.72000122070312,73.80000305175781,74.48999786376953,EQUITY,UAL"
"2024-10-23 13:30:00,72.88999938964844,74.44000244140625,73.87000274658203,73.44999694824219,EQUITY,UAL"
"2024-10-24 13:30:00,72.91999816894531,75.41000366210938,74.41999816894531,74.51000213623047,EQUITY,UAL"
"2024-10-25 13:30:00,73.94000244140625,76.08000183105469,74.9000015258789,74.63999938964844,EQUITY,UAL"
"2024-10-28 13:30:00,76.06999969482422,77.94000244140625,76.58000183105469,76.08999633789062,EQUITY,UAL"
"2024-10-29 13:30:00,75.1500015258789,77.62000274658203,75.38999938964844,76.93000030517578,EQUITY,UAL"
"2024-10-30 13:30:00,76.66999816894531,80.81999969482422,76.66999816894531,80.41999816894531,EQUITY,UAL"
"2024-10-31 13:30:00,78.12000274658203,81.05000305175781,79.69999694824219,78.26000213623047,EQUITY,UAL"
"2024-11-01 13:30:00,78.79000091552734,81.3499984741211,79.19000244140625,80.45999908447266,EQUITY,UAL"
"2024-11-04 14:30:00,77.13999938964844,80.29000091552734,79.87000274658203,77.25,EQUITY,UAL"
"2024-11-05 14:30:00,77.26000213623047,80.08999633789062,77.26000213623047,80.02999877929688,EQUITY,UAL"
"2024-11-06 14:30:00,84.30000305175781,87.83999633789062,85.0,87.58000183105469,EQUITY,UAL"
"2024-11-07 14:30:00,85.36000061035156,87.83999633789062,86.58000183105469,85.43000030517578,EQUITY,UAL"
"2024-11-08 14:30:00,85.5999984741211,87.87000274658203,86.0,87.51000213623047,EQUITY,UAL"
"2024-11-11 14:30:00,87.33999633789062,89.5999984741211,87.86000061035156,89.43000030517578,EQUITY,UAL"
"2024-11-12 14:30:00,87.05999755859375,89.23999786376953,88.41000366210938,89.12999725341797,EQUITY,UAL"
"2024-11-13 14:30:00,89.13999938964844,92.27999877929688,90.06999969482422,89.77999877929688,EQUITY,UAL"
"2024-11-14 14:30:00,90.5999984741211,93.33000183105469,90.75,91.16000366210938,EQUITY,UAL"
"2024-11-15 14:30:00,90.55999755859375,92.70999908447266,92.25,91.16999816894531,EQUITY,UAL"
"2024-11-18 14:30:00,88.9000015258789,91.12000274658203,90.94999694824219,90.37999725341797,EQUITY,UAL"
"2024-11-19 14:30:00,88.5999984741211,95.19000244140625,88.87000274658203,94.26000213623047,EQUITY,UAL"
"2024-11-20 14:30:00,91.23999786376953,95.0,93.6500015258789,94.62999725341797,EQUITY,UAL"
"2024-11-21 14:30:00,93.70999908447266,95.98999786376953,95.0,94.4000015258789,EQUITY,UAL"
"2024-11-22 14:30:00,92.08000183105469,95.54000091552734,93.93000030517578,95.23999786376953,EQUITY,UAL"
"2024-11-25 14:30:00,96.13999938964844,98.0,97.22000122070312,96.83000183105469,EQUITY,UAL"
"2024-11-26 14:30:00,96.4800033569336,101.5999984741211,97.75,96.51000213623047,EQUITY,UAL"
"2024-11-27 14:30:00,95.08000183105469,96.94999694824219,96.51000213623047,96.3499984741211,EQUITY,UAL"
"2024-11-29 14:30:00,96.13999938964844,97.43000030517578,96.36000061035156,96.83000183105469,EQUITY,UAL"
"2024-12-02 14:30:00,96.80999755859375,98.31999969482422,97.29000091552734,97.44000244140625,EQUITY,UAL"
"2024-12-03 14:30:00,95.63999938964844,98.02999877929688,97.3499984741211,95.79000091552734,EQUITY,UAL"
"2024-12-04 14:30:00,96.86000061035156,99.29000091552734,96.86000061035156,99.25,EQUITY,UAL"
"2024-12-05 14:30:00,100.87000274658203,105.08999633789062,101.33000183105469,102.44000244140625,EQUITY,UAL"
"2024-12-06 14:30:00,100.05000305175781,104.0,103.83999633789062,100.27999877929688,EQUITY,UAL"
"2024-12-09 14:30:00,95.37999725341797,100.88999938964844,100.23999786376953,96.0199966430664,EQUITY,UAL"
"2024-12-10 14:30:00,95.29000091552734,99.41999816894531,97.58000183105469,96.52999877929688,EQUITY,UAL"
"2024-12-11 14:30:00,97.19000244140625,100.25,97.19000244140625,98.95999908447266,EQUITY,UAL"
"2024-12-12 14:30:00,95.87000274658203,100.18000030517578,99.7699966430664,95.97000122070312,EQUITY,UAL"
"2024-12-13 14:30:00,94.91999816894531,96.66999816894531,96.12000274658203,95.11000061035156,EQUITY,UAL"
"2024-12-16 14:30:00,94.19999694824219,97.0999984741211,94.52999877929688,95.4800033569336,EQUITY,UAL"
"2024-12-17 14:30:00,93.6500015258789,95.33000183105469,94.97000122070312,94.98999786376953,EQUITY,UAL"
"2024-12-18 14:30:00,90.16999816894531,97.4800033569336,95.0999984741211,91.47000122070312,EQUITY,UAL"
"2024-12-19 14:30:00,92.7300033569336,96.18000030517578,92.75,95.55999755859375,EQUITY,UAL"
"2024-12-20 14:30:00,94.33999633789062,98.27999877929688,94.5199966430664,97.4000015258789,EQUITY,UAL"
"2024-12-23 14:30:00,96.25,99.55000305175781,97.5,99.4800033569336,EQUITY,UAL"
"2024-12-24 14:30:00,99.05999755859375,101.29000091552734,99.3499984741211,101.16000366210938,EQUITY,UAL"
"2024-12-26 14:30:00,99.94999694824219,101.27999877929688,100.1500015258789,100.87000274658203,EQUITY,UAL"
"2024-12-27 14:30:00,98.18000030517578,100.55000305175781,100.44000244140625,99.6500015258789,EQUITY,UAL"
"2024-12-30 14:30:00,95.30000305175781,98.97000122070312,98.30999755859375,98.20999908447266,EQUITY,UAL"
"2024-12-31 14:30:00,96.02999877929688,98.25,97.81999969482422,97.0999984741211,EQUITY,UAL"
"2025-01-02 14:30:00,94.44999694824219,97.91999816894531,97.29000091552734,95.43000030517578,EQUITY,UAL"
"2025-01-03 14:30:00,91.77999877929688,95.7300033569336,95.4000015258789,95.66999816894531,EQUITY,UAL"
"2025-01-06 14:30:00,96.37000274658203,101.30000305175781,96.94999694824219,98.56999969482422,EQUITY,UAL"
"2025-01-07 14:30:00,98.13999938964844,101.70999908447266,99.0,101.20999908447266,EQUITY,UAL"
"2025-01-08 14:30:00,99.4000015258789,103.9000015258789,100.01000213623047,103.72000122070312,EQUITY,UAL"
"2025-01-10 14:30:00,105.80000305175781,110.91999816894531,109.47000122070312,107.11000061035156,EQUITY,UAL"
"2025-01-13 14:30:00,102.18000030517578,105.12999725341797,104.4800033569336,104.70999908447266,EQUITY,UAL"
"2025-01-14 14:30:00,105.5999984741211,108.13999938964844,107.29000091552734,107.66999816894531,EQUITY,UAL"
"2025-01-15 14:30:00,104.80000305175781,110.1500015258789,109.1500015258789,104.95999908447266,EQUITY,UAL"
"2025-01-16 14:30:00,104.37999725341797,106.69999694824219,105.4000015258789,106.11000061035156,EQUITY,UAL"
"2025-01-17 14:30:00,106.0,108.47000122070312,107.0199966430664,107.37999725341797,EQUITY,UAL"
"2025-01-21 14:30:00,108.12999725341797,110.80000305175781,109.30000305175781,110.5199966430664,EQUITY,UAL"
"2025-01-22 14:30:00,107.0,116.0,115.8499984741211,107.97000122070312,EQUITY,UAL"
"2025-01-23 14:30:00,102.86000061035156,109.20999908447266,108.80000305175781,103.0,EQUITY,UAL"
"2025-01-24 14:30:00,102.2699966430664,107.94999694824219,102.80999755859375,105.0,EQUITY,UAL"
"2025-01-27 14:30:00,102.0,107.94999694824219,102.63999938964844,106.73999786376953,EQUITY,UAL"
"2025-01-28 14:30:00,104.33000183105469,106.72000122070312,105.83000183105469,106.33999633789062,EQUITY,UAL"
"2025-01-29 14:30:00,106.5199966430664,108.86000061035156,107.06999969482422,108.26000213623047,EQUITY,UAL"
"2025-01-30 14:30:00,106.52999877929688,109.7699966430664,107.0999984741211,109.4000015258789,EQUITY,UAL"
"2025-01-31 14:30:00,104.86000061035156,110.31999969482422,109.62999725341797,105.83999633789062,EQUITY,UAL"
"2025-02-03 14:30:00,101.31999969482422,106.30000305175781,101.95999908447266,104.83000183105469,EQUITY,UAL"
"2025-02-04 14:30:00,104.43000030517578,108.9000015258789,106.62000274658203,108.66999816894531,EQUITY,UAL"
"2025-02-05 14:30:00,106.54000091552734,109.0999984741211,108.38999938964844,107.81999969482422,EQUITY,UAL"
"2025-02-06 14:30:00,108.18000030517578,110.25,108.8499984741211,109.1500015258789,EQUITY,UAL"
"2025-02-07 14:30:00,108.4000015258789,110.06999969482422,109.55999755859375,109.0,EQUITY,UAL"
"2025-02-10 14:30:00,104.93000030517578,109.11000061035156,109.0999984741211,106.08000183105469,EQUITY,UAL"
"2025-02-11 14:30:00,102.0999984741211,105.75,105.75,103.30999755859375,EQUITY,UAL"
"2025-02-12 14:30:00,103.31999969482422,106.80999755859375,103.70999908447266,104.18000030517578,EQUITY,UAL"
"2025-02-13 14:30:00,95.9800033569336,105.19999694824219,104.26000213623047,100.88999938964844,EQUITY,UAL"
"2025-02-14 14:30:00,100.58000183105469,104.58999633789062,101.4800033569336,104.26000213623047,EQUITY,UAL"
"2025-02-18 14:30:00,102.70999908447266,106.45999908447266,104.16000366210938,103.25,EQUITY,UAL"
"2025-02-19 14:30:00,102.37000274658203,108.81999969482422,102.52999877929688,106.51000213623047,EQUITY,UAL"
"2025-02-20 14:30:00,100.0199966430664,106.5,105.62999725341797,102.48999786376953,EQUITY,UAL"
"2025-02-21 14:30:00,95.36000061035156,103.87999725341797,103.0,95.88999938964844,EQUITY,UAL"
"2025-02-24 14:30:00,94.88999938964844,99.05000305175781,98.33999633789062,97.7699966430664,EQUITY,UAL"
"2025-02-25 14:30:00,93.75,98.31999969482422,97.94999694824219,96.58000183105469,EQUITY,UAL"
"2025-02-26 14:30:00,96.91999816894531,99.98999786376953,98.41000366210938,97.4000015258789,EQUITY,UAL"
"2025-02-27 14:30:00,91.58000183105469,97.80000305175781,97.0,92.16999816894531,EQUITY,UAL"
"2025-02-28 14:30:00,92.19000244140625,94.8499984741211,92.7300033569336,93.80999755859375,EQUITY,UAL"
"2025-03-03 14:30:00,90.12999725341797,96.44000244140625,93.83999633789062,91.66999816894531,EQUITY,UAL"
"2025-03-04 14:30:00,83.66999816894531,88.9800033569336,88.48999786376953,86.20999908447266,EQUITY,UAL"
"2025-03-05 14:30:00,86.0999984741211,91.76000213623047,87.02999877929688,91.2699966430664,EQUITY,UAL"
"2025-03-06 14:30:00,85.73999786376953,91.12000274658203,89.27999877929688,86.2699966430664,EQUITY,UAL"
"2025-03-07 14:30:00,78.08000183105469,85.0,84.51000213623047,82.87999725341797,EQUITY,UAL"
"2025-03-10 13:30:00,75.44999694824219,80.16999816894531,80.16999816894531,77.62000274658203,EQUITY,UAL"
"2025-03-11 13:30:00,72.8499984741211,80.25,79.58000183105469,76.05999755859375,EQUITY,UAL"
"2025-03-12 13:30:00,70.51000213623047,78.36000061035156,76.80000305175781,72.45999908447266,EQUITY,UAL"
"2025-03-13 13:30:00,67.69999694824219,73.30999755859375,73.1500015258789,69.9000015258789,EQUITY,UAL"
"2025-03-14 13:30:00,69.86000061035156,74.27999877929688,71.06999969482422,73.66999816894531,EQUITY,UAL"
"2025-03-17 13:30:00,72.80000305175781,74.76000213623047,73.55999755859375,73.91999816894531,EQUITY,UAL"
"2025-03-18 13:30:00,70.62000274658203,73.5999984741211,73.0,71.33999633789062,EQUITY,UAL"
"2025-03-19 13:30:00,71.11000061035156,75.91000366210938,71.33999633789062,74.43000030517578,EQUITY,UAL"
"2025-03-20 13:30:00,72.75,74.58000183105469,73.29000091552734,74.04000091552734,EQUITY,UAL"
"2025-03-21 13:30:00,71.55999755859375,75.44999694824219,72.79000091552734,74.87000274658203,EQUITY,UAL"
"2025-03-24 13:30:00,76.6500015258789,80.33999633789062,76.6500015258789,80.22000122070312,EQUITY,UAL"
"2025-03-25 13:30:00,78.79000091552734,82.54000091552734,81.0,78.9000015258789,EQUITY,UAL"
"2025-03-26 13:30:00,76.97000122070312,80.05000305175781,79.08999633789062,77.87000274658203,EQUITY,UAL"
"2025-03-27 13:30:00,73.25,77.41000366210938,77.19999694824219,73.52999877929688,EQUITY,UAL"
"2025-03-28 13:30:00,69.63999938964844,73.56999969482422,73.43000030517578,70.2300033569336,EQUITY,UAL"
"2025-03-31 13:30:00,64.11000061035156,69.72000122070312,66.97000122070312,69.05000305175781,EQUITY,UAL"
"2025-04-01 13:30:00,64.69000244140625,68.33000183105469,67.44999694824219,68.19999694824219,EQUITY,UAL"
"2025-04-02 13:30:00,66.16000366210938,71.43000030517578,66.16000366210938,71.37000274658203,EQUITY,UAL"
"2025-04-03 13:30:00,60.029998779296875,65.63999938964844,65.43000030517578,60.22999954223633,EQUITY,UAL"
"2025-04-04 13:30:00,52.0,58.869998931884766,55.88999938964844,57.66999816894531,EQUITY,UAL"
"2025-04-07 13:30:00,53.36000061035156,63.0,54.90999984741211,58.77000045776367,EQUITY,UAL"
"2025-04-08 13:30:00,55.18000030517578,62.279998779296875,61.83000183105469,56.150001525878906,EQUITY,UAL"
"2025-04-09 13:30:00,56.0,72.47000122070312,56.2400016784668,70.83000183105469,EQUITY,UAL"
"2025-04-10 13:30:00,61.02000045776367,67.70999908447266,67.12999725341797,62.75,EQUITY,UAL"
"2025-04-11 13:30:00,61.52000045776367,65.86000061035156,62.77000045776367,65.5999984741211,EQUITY,UAL"
"2025-04-14 13:30:00,64.27999877929688,67.54000091552734,67.47000122070312,65.69000244140625,EQUITY,UAL"
"2025-04-15 13:30:00,65.6500015258789,68.25,65.6500015258789,67.0,EQUITY,UAL"
"2025-04-16 13:30:00,65.33000183105469,70.73999786376953,69.63999938964844,66.98999786376953,EQUITY,UAL"
"2025-04-17 13:30:00,64.75,68.27999877929688,66.94999694824219,66.30000305175781,EQUITY,UAL"
"2025-04-21 13:30:00,63.22999954223633,65.5999984741211,65.08999633789062,65.30000305175781,EQUITY,UAL"
"2025-04-22 13:30:00,65.26000213623047,67.31999969482422,66.47000122070312,66.97000122070312,EQUITY,UAL"
"2025-04-23 13:30:00,67.87999725341797,73.44000244140625,71.47000122070312,68.02999877929688,EQUITY,UAL"
"2025-04-24 13:30:00,65.8499984741211,69.4800033569336,66.66000366210938,69.05000305175781,EQUITY,UAL"
"2025-04-25 13:30:00,67.54000091552734,69.52999877929688,68.31999969482422,68.19999694824219,EQUITY,UAL"
"2025-04-28 13:30:00,68.27999877929688,70.56999969482422,68.68000030517578,68.83999633789062,EQUITY,UAL"
"2025-04-29 13:30:00,67.81999969482422,69.9000015258789,68.45999908447266,68.93000030517578,EQUITY,UAL"
"2025-04-30 13:30:00,65.66000366210938,69.1500015258789,66.44000244140625,68.81999969482422,EQUITY,UAL"
"2025-05-01 13:30:00,68.87999725341797,70.52999877929688,69.8499984741211,69.16000366210938,EQUITY,UAL"
"2025-05-02 13:30:00,71.23999786376953,75.30999755859375,71.23999786376953,74.06999969482422,EQUITY,UAL"
"2025-05-05 13:30:00,73.41999816894531,77.58999633789062,73.4800033569336,74.86000061035156,EQUITY,UAL"
"2025-05-06 13:30:00,72.81999969482422,75.05999755859375,72.9000015258789,73.5199966430664,EQUITY,UAL"
"2025-05-07 13:30:00,74.0999984741211,76.54000091552734,74.23999786376953,75.3499984741211,EQUITY,UAL"
"2025-05-08 13:30:00,75.83999633789062,80.66999816894531,76.97000122070312,79.41000366210938,EQUITY,UAL"
"2025-05-09 13:30:00,76.4800033569336,80.66999816894531,80.08000183105469,77.2699966430664,EQUITY,UAL"
"2025-05-12 13:30:00,78.29000091552734,84.8499984741211,82.83000183105469,78.62000274658203,EQUITY,UAL"
"2025-05-13 13:30:00,78.25,83.47000122070312,79.25,82.5999984741211,EQUITY,UAL"
"2025-05-14 13:30:00,78.94999694824219,84.18000030517578,82.63999938964844,78.98999786376953,EQUITY,UAL"
"2025-05-15 13:30:00,76.13999938964844,79.08999633789062,78.94000244140625,76.54000091552734,EQUITY,UAL"
"2025-05-16 13:30:00,75.66000366210938,78.5999984741211,76.75,77.93000030517578,EQUITY,UAL"
"2025-05-19 13:30:00,76.69999694824219,79.63999938964844,77.91000366210938,78.62000274658203,EQUITY,UAL"
"2025-05-20 13:30:00,75.54000091552734,78.72000122070312,78.43000030517578,76.33000183105469,EQUITY,UAL"
"2025-05-21 13:30:00,72.9000015258789,75.0999984741211,75.05000305175781,73.33000183105469,EQUITY,UAL"
"2025-05-22 13:30:00,72.97000122070312,76.44000244140625,73.11000061035156,76.0,EQUITY,UAL"
"2025-05-23 13:30:00,73.7699966430664,75.41999816894531,73.83000183105469,74.6500015258789,EQUITY,UAL"
"2025-05-27 13:30:00,75.9000015258789,79.48999786376953,76.0199966430664,78.18000030517578,EQUITY,UAL"
"2025-05-28 13:30:00,77.04000091552734,78.41000366210938,77.87000274658203,77.5,EQUITY,UAL"
"2025-05-29 13:30:00,77.01000213623047,80.76000213623047,79.04000091552734,78.56999969482422,EQUITY,UAL"
"2025-05-30 13:30:00,77.11000061035156,80.05999755859375,77.61000061035156,79.44000244140625,EQUITY,UAL"
"2025-06-02 13:30:00,77.48999786376953,81.4000015258789,78.93000030517578,81.2300033569336,EQUITY,UAL"
"2025-06-03 13:30:00,80.37999725341797,81.91999816894531,81.30000305175781,81.08000183105469,EQUITY,UAL"
"2025-06-04 13:30:00,80.30999755859375,82.48999786376953,81.06999969482422,81.62000274658203,EQUITY,UAL"
"2025-06-05 13:30:00,79.58000183105469,82.58000183105469,81.16999816894531,80.3499984741211,EQUITY,UAL"
"2025-06-06 13:30:00,81.69999694824219,84.3499984741211,82.1500015258789,84.2300033569336,EQUITY,UAL"
"2025-06-09 13:30:00,83.43000030517578,85.80000305175781,85.12999725341797,83.47000122070312,EQUITY,UAL"
"2025-06-10 13:30:00,82.12999725341797,84.19000244140625,83.26000213623047,83.19999694824219,EQUITY,UAL"
"2025-06-11 13:30:00,77.72000122070312,83.87000274658203,83.5,78.62999725341797,EQUITY,UAL"
"2025-06-12 13:30:00,75.62999725341797,77.73999786376953,77.16000366210938,77.43000030517578,EQUITY,UAL"
"2025-06-13 13:30:00,72.5199966430664,76.16000366210938,73.18000030517578,74.0,EQUITY,UAL"
"2025-06-16 13:30:00,74.75,78.87000274658203,75.45999908447266,78.5199966430664,EQUITY,UAL"
"2025-06-17 13:30:00,73.05000305175781,77.25,77.01000213623047,73.66999816894531,EQUITY,UAL"
"2025-06-18 13:30:00,73.3499984741211,76.05000305175781,73.44999694824219,74.30000305175781,EQUITY,UAL"
"2025-06-20 13:30:00,73.70999908447266,75.20999908447266,74.38999938964844,74.2699966430664,EQUITY,UAL"
"2025-06-23 13:30:00,71.55000305175781,77.33999633789062,73.5,76.97000122070312,EQUITY,UAL"
"2025-06-24 13:30:00,77.94000244140625,80.77999877929688,79.69999694824219,79.0199966430664,EQUITY,UAL"
"2025-06-25 13:30:00,76.16999816894531,79.4000015258789,79.4000015258789,76.7300033569336,EQUITY,UAL"
"2025-06-26 13:30:00,76.91999816894531,78.47000122070312,77.3499984741211,77.55000305175781,EQUITY,UAL"
"2025-06-27 13:30:00,77.36000061035156,79.75,77.87000274658203,79.18000030517578,EQUITY,UAL"
"2025-06-30 13:30:00,79.01000213623047,80.06999969482422,79.72000122070312,79.62999725341797,EQUITY,UAL"
"2025-07-01 13:30:00,78.81999969482422,80.94000244140625,79.29000091552734,80.05000305175781,EQUITY,UAL"
"2025-07-02 13:30:00,78.33000183105469,81.25,80.26000213623047,81.01000213623047,EQUITY,UAL"
"2025-07-03 13:30:00,81.5,83.63999938964844,81.72000122070312,82.36000061035156,EQUITY,UAL"
"2025-07-07 13:30:00,80.08000183105469,83.91000366210938,81.87999725341797,81.11000061035156,EQUITY,UAL"
"2025-07-08 13:30:00,80.95999908447266,83.48999786376953,82.0,81.20999908447266,EQUITY,UAL"
"2025-07-09 13:30:00,79.86000061035156,83.13999938964844,82.43000030517578,80.18000030517578,EQUITY,UAL"
"2025-07-10 13:30:00,84.88999938964844,93.72000122070312,87.33000183105469,91.66999816894531,EQUITY,UAL"
"2025-07-11 13:30:00,87.16000366210938,90.98999786376953,90.98999786376953,87.69000244140625,EQUITY,UAL"
"2025-07-14 13:30:00,86.5199966430664,89.05000305175781,87.75,88.94000244140625,EQUITY,UAL"
"2025-07-15 13:30:00,86.37000274658203,89.6500015258789,89.12999725341797,86.37999725341797,EQUITY,UAL"
"2025-07-16 13:30:00,85.80999755859375,88.66999816894531,87.7699966430664,88.47000122070312,EQUITY,UAL"
"2025-07-17 13:30:00,89.05000305175781,94.56999969482422,91.88999938964844,91.22000122070312,EQUITY,UAL"
"2025-07-18 13:30:00,89.7300033569336,92.77999877929688,91.61000061035156,92.25,EQUITY,UAL"
"2025-07-21 13:30:00,91.06999969482422,92.93000030517578,92.55000305175781,92.3499984741211,EQUITY,UAL"
"2025-07-22 13:30:00,89.36000061035156,92.25,92.25,90.77999877929688,EQUITY,UAL"
"2025-07-23 13:30:00,90.30000305175781,91.87999725341797,91.25,90.43000030517578,EQUITY,UAL"
"2025-07-24 13:30:00,87.94999694824219,92.8499984741211,88.83999633789062,89.7300033569336,EQUITY,UAL"
"2025-07-25 13:30:00,89.0999984741211,91.58999633789062,89.5,91.11000061035156,EQUITY,UAL"
"2025-07-28 13:30:00,90.5999984741211,93.08000183105469,91.36000061035156,92.43000030517578,EQUITY,UAL"
"2025-07-29 13:30:00,90.27999877929688,93.44000244140625,92.80999755859375,90.6500015258789,EQUITY,UAL"
"2025-07-30 13:30:00,89.0999984741211,91.37999725341797,90.91999816894531,90.23999786376953,EQUITY,UAL"
"2025-07-31 13:30:00,88.0199966430664,90.93000030517578,90.51000213623047,88.30999755859375,EQUITY,UAL"
"2025-08-01 13:30:00,82.41999816894531,85.69999694824219,85.43000030517578,84.56999969482422,EQUITY,UAL"
"2025-08-04 13:30:00,84.93000030517578,87.13999938964844,85.30999755859375,87.01000213623047,EQUITY,UAL"
"2025-08-05 13:30:00,85.87999725341797,87.8499984741211,87.44999694824219,87.66000366210938,EQUITY,UAL"
"2025-08-06 13:30:00,87.51000213623047,89.30000305175781,87.75,88.87000274658203,EQUITY,UAL"
"2025-08-07 13:30:00,86.9800033569336,89.19999694824219,89.16000366210938,87.9800033569336,EQUITY,UAL"
"2025-08-08 13:30:00,87.06999969482422,90.43000030517578,88.19000244140625,89.29000091552734,EQUITY,UAL"
"2025-08-11 13:30:00,89.1500015258789,91.0999984741211,89.48999786376953,89.33000183105469,EQUITY,UAL"
"2025-08-12 13:30:00,91.83999633789062,98.8499984741211,91.98999786376953,98.47000122070312,EQUITY,UAL"
"2025-08-13 13:30:00,97.16999816894531,100.05999755859375,98.66999816894531,99.79000091552734,EQUITY,UAL"
"2025-08-14 13:30:00,97.5199966430664,99.33000183105469,98.0199966430664,99.13999938964844,EQUITY,UAL"
"2025-08-15 13:30:00,99.33999633789062,101.47000122070312,99.7699966430664,100.93000030517578,EQUITY,UAL"
"2025-08-18 13:30:00,99.66999816894531,102.76000213623047,100.25,102.37000274658203,EQUITY,UAL"
"2025-08-19 13:30:00,101.4000015258789,103.55000305175781,102.43000030517578,102.19000244140625,EQUITY,UAL"
"2025-08-20 13:30:00,98.2300033569336,101.72000122070312,100.5,99.83999633789062,EQUITY,UAL"
"2025-08-21 13:30:00,96.6500015258789,99.43000030517578,99.3499984741211,97.19000244140625,EQUITY,UAL"
"2025-08-22 13:30:00,97.5199966430664,103.29000091552734,97.61000061035156,102.9800033569336,EQUITY,UAL"
"2025-08-25 13:30:00,101.66000366210938,103.11000061035156,102.0,102.33999633789062,EQUITY,UAL"
"2025-08-26 13:30:00,102.27999877929688,104.36000061035156,102.5,104.12999725341797,EQUITY,UAL"
"2025-08-27 13:30:00,103.16000366210938,105.30000305175781,104.0,104.20999908447266,EQUITY,UAL"
"2025-08-28 13:30:00,103.37000274658203,106.27999877929688,104.93000030517578,105.08000183105469,EQUITY,UAL"
"2025-08-29 13:30:00,104.05000305175781,105.8499984741211,105.0,105.0,EQUITY,UAL"
"2025-09-02 13:30:00,101.75,104.7699966430664,102.98999786376953,104.68000030517578,EQUITY,UAL"
"2025-09-03 13:30:00,104.93000030517578,109.69000244140625,105.0999984741211,106.16000366210938,EQUITY,UAL"
"2025-09-04 13:30:00,105.41000366210938,109.30000305175781,106.0999984741211,106.05000305175781,EQUITY,UAL"
"2025-09-05 13:30:00,105.29000091552734,107.61000061035156,106.44000244140625,106.58999633789062,EQUITY,UAL"
"2025-09-08 13:30:00,106.20999908447266,109.44000244140625,107.4800033569336,107.7699966430664,EQUITY,UAL"
"2025-09-09 13:30:00,103.97000122070312,107.91000366210938,107.41999816894531,105.6500015258789,EQUITY,UAL"
"2025-09-10 13:30:00,105.30999755859375,108.13999938964844,105.9800033569336,107.51000213623047,EQUITY,UAL"
"2025-09-11 13:30:00,105.05999755859375,110.66000366210938,108.94000244140625,109.36000061035156,EQUITY,UAL"
"2025-09-12 13:30:00,106.5,109.56999969482422,108.94999694824219,106.58000183105469,EQUITY,UAL"
"2025-09-15 13:30:00,103.30999755859375,106.81999969482422,106.6500015258789,104.55000305175781,EQUITY,UAL"
"2025-09-16 13:30:00,102.0999984741211,105.23999786376953,104.5,104.19999694824219,EQUITY,UAL"
"2025-09-17 13:30:00,104.19000244140625,108.1500015258789,104.58000183105469,105.51000213623047,EQUITY,UAL"
"2025-09-18 13:30:00,105.0199966430664,107.19999694824219,106.4800033569336,105.37999725341797,EQUITY,UAL"
"2025-09-19 13:30:00,103.8499984741211,106.69999694824219,105.72000122070312,106.30999755859375,EQUITY,UAL"
"2025-09-22 13:30:00,101.25,105.95999908447266,105.87999725341797,104.18000030517578,EQUITY,UAL"
"2025-09-23 13:30:00,103.98999786376953,106.5,104.23999786376953,104.12999725341797,EQUITY,UAL"
"2025-09-24 13:30:00,100.91999816894531,104.70999908447266,104.70999908447266,101.38999938964844,EQUITY,UAL"
"2025-09-25 13:30:00,98.56999969482422,100.7699966430664,99.8499984741211,99.1500015258789,EQUITY,UAL"
"2025-09-26 13:30:00,97.7699966430664,101.05000305175781,100.33999633789062,97.91000366210938,EQUITY,UAL"
"2025-09-29 13:30:00,96.3499984741211,100.22000122070312,99.88999938964844,98.63999938964844,EQUITY,UAL"
"2025-09-30 13:30:00,94.80999755859375,99.19000244140625,98.63999938964844,96.5,EQUITY,UAL"
"2025-10-01 13:30:00,93.05999755859375,96.51000213623047,95.98999786376953,93.1500015258789,EQUITY,UAL"
"2025-10-02 13:30:00,92.9000015258789,95.4000015258789,93.63999938964844,94.83000183105469,EQUITY,UAL"
"2025-10-03 13:30:00,94.16999816894531,95.97000122070312,95.4000015258789,95.33000183105469,EQUITY,UAL"
"2025-10-06 13:30:00,94.55000305175781,97.29000091552734,96.0,97.06999969482422,EQUITY,UAL"
"2025-10-07 13:30:00,95.19999694824219,97.7300033569336,97.4000015258789,96.6500015258789,EQUITY,UAL"
"2025-10-08 13:30:00,95.94000244140625,98.73999786376953,96.97000122070312,98.08999633789062,EQUITY,UAL"
"2025-10-09 13:30:00,99.5199966430664,106.19999694824219,103.61000061035156,101.33999633789062,EQUITY,UAL"
"2025-10-10 13:30:00,96.38999938964844,103.87000274658203,101.72000122070312,96.66999816894531,EQUITY,UAL"
"2024-09-09 13:30:00,39.599998474121094,39.849998474121094,39.599998474121094,39.75,ETF,EWC"
"2024-09-10 13:30:00,39.20000076293945,39.65999984741211,39.65999984741211,39.54999923706055,ETF,EWC"
"2024-09-11 13:30:00,39.220001220703125,40.04999923706055,39.61000061035156,40.04999923706055,ETF,EWC"
"2024-09-12 13:30:00,39.970001220703125,40.439998626708984,40.150001525878906,40.400001525878906,ETF,EWC"
"2024-09-13 13:30:00,40.45000076293945,40.720001220703125,40.560001373291016,40.540000915527344,ETF,EWC"
"2024-09-16 13:30:00,40.47999954223633,40.84000015258789,40.7599983215332,40.79999923706055,ETF,EWC"
"2024-09-17 13:30:00,40.56999969482422,40.959999084472656,40.90999984741211,40.68000030517578,ETF,EWC"
"2024-09-18 13:30:00,40.459999084472656,41.0099983215332,40.779998779296875,40.4900016784668,ETF,EWC"
"2024-09-19 13:30:00,40.779998779296875,41.2599983215332,41.2599983215332,41.150001525878906,ETF,EWC"
"2024-09-20 13:30:00,40.81999969482422,41.15999984741211,40.9900016784668,41.11000061035156,ETF,EWC"
"2024-09-23 13:30:00,41.16999816894531,41.45000076293945,41.279998779296875,41.349998474121094,ETF,EWC"
"2024-09-24 13:30:00,41.45000076293945,41.709999084472656,41.56999969482422,41.65999984741211,ETF,EWC"
"2024-09-25 13:30:00,41.380001068115234,41.709999084472656,41.709999084472656,41.41999816894531,ETF,EWC"
"2024-09-26 13:30:00,41.54999923706055,41.81999969482422,41.54999923706055,41.65999984741211,ETF,EWC"
"2024-09-27 13:30:00,41.41999816894531,41.779998779296875,41.77000045776367,41.45000076293945,ETF,EWC"
"2024-09-30 13:30:00,41.16999816894531,41.56999969482422,41.45000076293945,41.52000045776367,ETF,EWC"
"2024-10-01 13:30:00,41.31999969482422,41.720001220703125,41.560001373291016,41.63999938964844,ETF,EWC"
"2024-10-02 13:30:00,41.4900016784668,41.869998931884766,41.709999084472656,41.599998474121094,ETF,EWC"
"2024-10-03 13:30:00,41.130001068115234,41.4900016784668,41.380001068115234,41.41999816894531,ETF,EWC"
"2024-10-04 13:30:00,41.36000061035156,41.689998626708984,41.36000061035156,41.66999816894531,ETF,EWC"
"2024-10-07 13:30:00,41.189998626708984,41.619998931884766,41.619998931884766,41.43000030517578,ETF,EWC"
"2024-10-08 13:30:00,41.060001373291016,41.380001068115234,41.380001068115234,41.13999938964844,ETF,EWC"
"2024-10-09 13:30:00,41.060001373291016,41.38999938964844,41.09000015258789,41.36000061035156,ETF,EWC"
"2024-10-10 13:30:00,41.040000915527344,41.43000030517578,41.11000061035156,41.400001525878906,ETF,EWC"
"2024-10-11 13:30:00,41.400001525878906,41.75,41.400001525878906,41.599998474121094,ETF,EWC"
"2024-10-14 13:30:00,41.4900016784668,41.720001220703125,41.540000915527344,41.61000061035156,ETF,EWC"
"2024-10-15 13:30:00,41.27000045776367,41.529998779296875,41.45000076293945,41.47999954223633,ETF,EWC"
"2024-10-16 13:30:00,41.529998779296875,41.869998931884766,41.529998779296875,41.869998931884766,ETF,EWC"
"2024-10-17 13:30:00,41.75,41.95000076293945,41.88999938964844,41.880001068115234,ETF,EWC"
"2024-10-18 13:30:00,41.84000015258789,42.119998931884766,41.97999954223633,42.040000915527344,ETF,EWC"
"2024-10-21 13:30:00,41.72999954223633,42.18000030517578,41.939998626708984,41.77000045776367,ETF,EWC"
"2024-10-22 13:30:00,41.529998779296875,41.86000061035156,41.75,41.81999969482422,ETF,EWC"
"2024-10-23 13:30:00,41.310001373291016,41.779998779296875,41.65999984741211,41.52000045776367,ETF,EWC"
"2024-10-24 13:30:00,41.130001068115234,41.7400016784668,41.689998626708984,41.439998626708984,ETF,EWC"
"2024-10-25 13:30:00,41.150001525878906,41.61000061035156,41.56999969482422,41.15999984741211,ETF,EWC"
"2024-10-28 13:30:00,41.060001373291016,41.470001220703125,41.09000015258789,41.43000030517578,ETF,EWC"
"2024-10-29 13:30:00,41.119998931884766,41.470001220703125,41.33000183105469,41.27000045776367,ETF,EWC"
"2024-10-30 13:30:00,41.029998779296875,41.369998931884766,41.099998474121094,41.22999954223633,ETF,EWC"
"2024-10-31 13:30:00,40.5,41.189998626708984,41.11000061035156,40.630001068115234,ETF,EWC"
"2024-11-01 13:30:00,40.630001068115234,40.9900016784668,40.83000183105469,40.66999816894531,ETF,EWC"
"2024-11-04 14:30:00,40.7599983215332,41.15999984741211,40.970001220703125,40.900001525878906,ETF,EWC"
"2024-11-05 14:30:00,40.97999954223633,41.380001068115234,41.09000015258789,41.36000061035156,ETF,EWC"
"2024-11-06 14:30:00,40.970001220703125,41.599998474121094,41.279998779296875,41.58000183105469,ETF,EWC"
"2024-11-07 14:30:00,41.790000915527344,42.25,41.84000015258789,42.15999984741211,ETF,EWC"
"2024-11-08 14:30:00,41.650001525878906,41.90999984741211,41.90999984741211,41.689998626708984,ETF,EWC"
"2024-11-11 14:30:00,41.869998931884766,42.130001068115234,42.0,41.869998931884766,ETF,EWC"
"2024-11-12 14:30:00,42.0,42.33000183105469,42.15999984741211,42.25,ETF,EWC"
"2024-11-13 14:30:00,41.91999816894531,42.189998626708984,42.04999923706055,42.13999938964844,ETF,EWC"
"2024-11-14 14:30:00,42.040000915527344,42.45000076293945,42.380001068115234,42.08000183105469,ETF,EWC"
"2024-11-15 14:30:00,41.59000015258789,41.959999084472656,41.95000076293945,41.720001220703125,ETF,EWC"
"2024-11-18 14:30:00,41.81999969482422,42.130001068115234,41.83000183105469,42.029998779296875,ETF,EWC"
"2024-11-19 14:30:00,41.75,42.279998779296875,41.84000015258789,42.279998779296875,ETF,EWC"
"2024-11-20 14:30:00,41.939998626708984,42.2400016784668,42.16999816894531,42.209999084472656,ETF,EWC"
"2024-11-21 14:30:00,42.27000045776367,42.939998626708984,42.439998626708984,42.939998626708984,ETF,EWC"
"2024-11-22 14:30:00,42.79999923706055,43.06999969482422,43.02000045776367,42.970001220703125,ETF,EWC"
"2024-11-25 14:30:00,42.81999969482422,43.15999984741211,43.040000915527344,42.88999938964844,ETF,EWC"
"2024-11-26 14:30:00,42.2400016784668,42.68000030517578,42.349998474121094,42.599998474121094,ETF,EWC"
"2024-11-27 14:30:00,42.630001068115234,42.970001220703125,42.75,42.83000183105469,ETF,EWC"
"2024-11-29 14:30:00,42.93000030517578,43.2599983215332,42.97999954223633,43.25,ETF,EWC"
"2024-12-02 14:30:00,42.77000045776367,43.279998779296875,43.27000045776367,43.099998474121094,ETF,EWC"
"2024-12-03 14:30:00,42.91999816894531,43.279998779296875,43.22999954223633,43.0,ETF,EWC"
"2024-12-04 14:30:00,42.90999984741211,43.27000045776367,43.16999816894531,42.959999084472656,ETF,EWC"
"2024-12-05 14:30:00,43.04999923706055,43.33000183105469,43.04999923706055,43.279998779296875,ETF,EWC"
"2024-12-06 14:30:00,42.86000061035156,43.27000045776367,43.20000076293945,42.880001068115234,ETF,EWC"
"2024-12-09 14:30:00,42.689998626708984,43.2599983215332,43.11000061035156,42.70000076293945,ETF,EWC"
"2024-12-10 14:30:00,42.52000045776367,42.7400016784668,42.70000076293945,42.529998779296875,ETF,EWC"
"2024-12-11 14:30:00,42.56999969482422,42.91999816894531,42.68000030517578,42.7599983215332,ETF,EWC"
"2024-12-12 14:30:00,42.150001525878906,42.689998626708984,42.58000183105469,42.150001525878906,ETF,EWC"
"2024-12-13 14:30:00,41.95000076293945,42.310001373291016,42.310001373291016,42.0099983215332,ETF,EWC"
"2024-12-16 14:30:00,41.79999923706055,42.029998779296875,42.0099983215332,41.79999923706055,ETF,EWC"
"2024-12-17 14:30:00,40.93000030517578,41.130001068115234,41.09000015258789,41.0,ETF,EWC"
"2024-12-18 14:30:00,39.689998626708984,41.08000183105469,41.08000183105469,39.849998474121094,ETF,EWC"
"2024-12-19 14:30:00,39.63999938964844,40.209999084472656,40.040000915527344,39.63999938964844,ETF,EWC"
"2024-12-20 14:30:00,39.38999938964844,40.279998779296875,39.470001220703125,39.93000030517578,ETF,EWC"
"2024-12-23 14:30:00,39.72999954223633,40.290000915527344,39.86000061035156,40.150001525878906,ETF,EWC"
"2024-12-24 14:30:00,40.11000061035156,40.459999084472656,40.36000061035156,40.459999084472656,ETF,EWC"
"2024-12-26 14:30:00,40.2599983215332,40.52000045776367,40.2599983215332,40.41999816894531,ETF,EWC"
"2024-12-27 14:30:00,40.0099983215332,40.439998626708984,40.2400016784668,40.220001220703125,ETF,EWC"
"2024-12-30 14:30:00,39.7400016784668,40.2599983215332,40.11000061035156,40.09000015258789,ETF,EWC"
"2024-12-31 14:30:00,40.060001373291016,40.31999969482422,40.099998474121094,40.29999923706055,ETF,EWC"
"2025-01-02 14:30:00,40.18000030517578,40.56999969482422,40.40999984741211,40.349998474121094,ETF,EWC"
"2025-01-03 14:30:00,40.380001068115234,40.66999816894531,40.58000183105469,40.59000015258789,ETF,EWC"
"2025-01-06 14:30:00,40.720001220703125,41.16999816894531,41.15999984741211,40.81999969482422,ETF,EWC"
"2025-01-07 14:30:00,40.470001220703125,41.13999938964844,41.060001373291016,40.58000183105469,ETF,EWC"
"2025-01-08 14:30:00,40.349998474121094,40.79999923706055,40.5,40.79999923706055,ETF,EWC"
"2025-01-10 14:30:00,39.95000076293945,40.63999938964844,40.61000061035156,40.02000045776367,ETF,EWC"
"2025-01-13 14:30:00,39.779998779296875,40.029998779296875,39.79999923706055,39.84000015258789,ETF,EWC"
"2025-01-14 14:30:00,39.779998779296875,40.099998474121094,39.93000030517578,40.06999969482422,ETF,EWC"
"2025-01-15 14:30:00,40.310001373291016,40.68000030517578,40.56999969482422,40.5,ETF,EWC"
"2025-01-16 14:30:00,40.2599983215332,40.4900016784668,40.470001220703125,40.40999984741211,ETF,EWC"
"2025-01-17 14:30:00,40.40999984741211,40.72999954223633,40.47999954223633,40.54999923706055,ETF,EWC"
"2025-01-21 14:30:00,40.75,41.279998779296875,40.779998779296875,41.22999954223633,ETF,EWC"
"2025-01-22 14:30:00,41.060001373291016,41.369998931884766,41.369998931884766,41.060001373291016,ETF,EWC"
"2025-01-23 14:30:00,41.09000015258789,41.47999954223633,41.09000015258789,41.45000076293945,ETF,EWC"
"2025-01-24 14:30:00,41.459999084472656,41.650001525878906,41.58000183105469,41.650001525878906,ETF,EWC"
"2025-01-27 14:30:00,41.060001373291016,41.34000015258789,41.119998931884766,41.310001373291016,ETF,EWC"
"2025-01-28 14:30:00,41.22999954223633,41.47999954223633,41.380001068115234,41.36000061035156,ETF,EWC"
"2025-01-29 14:30:00,41.2599983215332,41.560001373291016,41.369998931884766,41.4900016784668,ETF,EWC"
"2025-01-30 14:30:00,41.5,42.150001525878906,41.77000045776367,41.779998779296875,ETF,EWC"
"2025-01-31 14:30:00,41.189998626708984,42.099998474121094,41.790000915527344,41.220001220703125,ETF,EWC"
"2025-02-03 14:30:00,39.81999969482422,40.83000183105469,40.15999984741211,40.58000183105469,ETF,EWC"
"2025-02-04 14:30:00,40.93000030517578,41.56999969482422,40.93000030517578,41.31999969482422,ETF,EWC"
"2025-02-05 14:30:00,41.38999938964844,41.77000045776367,41.54999923706055,41.7400016784668,ETF,EWC"
"2025-02-06 14:30:00,41.54999923706055,41.95000076293945,41.84000015258789,41.79999923706055,ETF,EWC"
"2025-02-07 14:30:00,41.560001373291016,41.93000030517578,41.900001525878906,41.650001525878906,ETF,EWC"
"2025-02-10 14:30:00,41.88999938964844,42.09000015258789,41.9900016784668,42.02000045776367,ETF,EWC"
"2025-02-11 14:30:00,41.709999084472656,42.16999816894531,41.90999984741211,42.06999969482422,ETF,EWC"
"2025-02-12 14:30:00,41.65999984741211,42.099998474121094,41.720001220703125,41.959999084472656,ETF,EWC"
"2025-02-13 14:30:00,41.97999954223633,42.52000045776367,41.97999954223633,42.52000045776367,ETF,EWC"
"2025-02-14 14:30:00,42.16999816894531,42.61000061035156,42.58000183105469,42.16999816894531,ETF,EWC"
"2025-02-18 14:30:00,41.97999954223633,42.47999954223633,42.08000183105469,42.439998626708984,ETF,EWC"
"2025-02-19 14:30:00,42.029998779296875,42.290000915527344,42.18000030517578,42.22999954223633,ETF,EWC"
"2025-02-20 14:30:00,42.04999923706055,42.38999938964844,42.29999923706055,42.220001220703125,ETF,EWC"
"2025-02-21 14:30:00,41.41999816894531,42.220001220703125,42.220001220703125,41.54999923706055,ETF,EWC"
"2025-02-24 14:30:00,41.2400016784668,41.70000076293945,41.599998474121094,41.380001068115234,ETF,EWC"
"2025-02-25 14:30:00,40.93000030517578,41.61000061035156,41.52000045776367,41.349998474121094,ETF,EWC"
"2025-02-26 14:30:00,41.22999954223633,41.650001525878906,41.33000183105469,41.43000030517578,ETF,EWC"
"2025-02-27 14:30:00,40.79999923706055,41.349998474121094,41.310001373291016,40.79999923706055,ETF,EWC"
"2025-02-28 14:30:00,40.66999816894531,41.29999923706055,40.720001220703125,41.22999954223633,ETF,EWC"
"2025-03-03 14:30:00,40.220001220703125,41.7400016784668,41.599998474121094,40.45000076293945,ETF,EWC"
"2025-03-04 14:30:00,39.38999938964844,40.310001373291016,40.099998474121094,39.77000045776367,ETF,EWC"
"2025-03-05 14:30:00,40.040000915527344,40.7599983215332,40.040000915527344,40.72999954223633,ETF,EWC"
"2025-03-06 14:30:00,40.130001068115234,40.91999816894531,40.22999954223633,40.369998931884766,ETF,EWC"
"2025-03-07 14:30:00,39.790000915527344,40.619998931884766,40.13999938964844,40.470001220703125,ETF,EWC"
"2025-03-10 13:30:00,39.349998474121094,40.0099983215332,39.959999084472656,39.68000030517578,ETF,EWC"
"2025-03-11 13:30:00,39.08000183105469,39.91999816894531,39.720001220703125,39.47999954223633,ETF,EWC"
"2025-03-12 13:30:00,39.45000076293945,40.08000183105469,39.70000076293945,39.84000015258789,ETF,EWC"
"2025-03-13 13:30:00,39.15999984741211,39.880001068115234,39.75,39.29999923706055,ETF,EWC"
"2025-03-14 13:30:00,39.529998779296875,40.13999938964844,39.650001525878906,40.11000061035156,ETF,EWC"
"2025-03-17 13:30:00,40.189998626708984,40.7400016784668,40.189998626708984,40.689998626708984,ETF,EWC"
"2025-03-18 13:30:00,40.189998626708984,40.66999816894531,40.66999816894531,40.52000045776367,ETF,EWC"
"2025-03-19 13:30:00,40.59000015258789,41.13999938964844,40.63999938964844,41.040000915527344,ETF,EWC"
"2025-03-20 13:30:00,40.59000015258789,41.15999984741211,40.59000015258789,41.029998779296875,ETF,EWC"
"2025-03-21 13:30:00,40.52000045776367,40.90999984741211,40.709999084472656,40.880001068115234,ETF,EWC"
"2025-03-24 13:30:00,41.11000061035156,41.689998626708984,41.11000061035156,41.5099983215332,ETF,EWC"
"2025-03-25 13:30:00,41.619998931884766,41.91999816894531,41.709999084472656,41.709999084472656,ETF,EWC"
"2025-03-26 13:30:00,41.25,41.91999816894531,41.709999084472656,41.380001068115234,ETF,EWC"
"2025-03-27 13:30:00,41.02000045776367,41.380001068115234,41.25,41.25,ETF,EWC"
"2025-03-28 13:30:00,40.529998779296875,41.20000076293945,41.13999938964844,40.56999969482422,ETF,EWC"
"2025-03-31 13:30:00,40.02000045776367,40.849998474121094,40.16999816894531,40.75,ETF,EWC"
"2025-04-01 13:30:00,40.33000183105469,41.209999084472656,40.689998626708984,41.130001068115234,ETF,EWC"
"2025-04-02 13:30:00,40.66999816894531,41.619998931884766,40.709999084472656,41.59000015258789,ETF,EWC"
"2025-04-03 13:30:00,40.540000915527344,41.43000030517578,40.83000183105469,40.619998931884766,ETF,EWC"
"2025-04-04 13:30:00,37.9900016784668,39.540000915527344,39.36000061035156,38.40999984741211,ETF,EWC"
"2025-04-07 13:30:00,36.70000076293945,38.9900016784668,37.0099983215332,37.790000915527344,ETF,EWC"
"2025-04-08 13:30:00,36.849998474121094,38.95000076293945,38.93000030517578,37.16999816894531,ETF,EWC"
"2025-04-09 13:30:00,36.810001373291016,39.75,37.119998931884766,39.540000915527344,ETF,EWC"
"2025-04-10 13:30:00,38.04999923706055,39.119998931884766,38.97999954223633,38.7400016784668,ETF,EWC"
"2025-04-11 13:30:00,38.97999954223633,40.09000015258789,39.099998474121094,39.869998931884766,ETF,EWC"
"2025-04-14 13:30:00,40.029998779296875,40.630001068115234,40.33000183105469,40.439998626708984,ETF,EWC"
"2025-04-15 13:30:00,40.349998474121094,40.83000183105469,40.459999084472656,40.529998779296875,ETF,EWC"
"2025-04-16 13:30:00,40.439998626708984,41.029998779296875,40.560001373291016,40.83000183105469,ETF,EWC"
"2025-04-17 13:30:00,40.7400016784668,41.290000915527344,40.939998626708984,41.099998474121094,ETF,EWC"
"2025-04-21 13:30:00,40.43000030517578,41.18000030517578,41.09000015258789,40.77000045776367,ETF,EWC"
"2025-04-22 13:30:00,41.09000015258789,41.59000015258789,41.150001525878906,41.38999938964844,ETF,EWC"
"2025-04-23 13:30:00,41.41999816894531,42.02000045776367,41.77000045776367,41.52000045776367,ETF,EWC"
"2025-04-24 13:30:00,41.59000015258789,42.09000015258789,41.709999084472656,42.060001373291016,ETF,EWC"
"2025-04-25 13:30:00,41.81999969482422,42.11000061035156,41.91999816894531,42.040000915527344,ETF,EWC"
"2025-04-28 13:30:00,42.04999923706055,42.41999816894531,42.04999923706055,42.369998931884766,ETF,EWC"
"2025-04-29 13:30:00,42.150001525878906,42.5,42.310001373291016,42.45000076293945,ETF,EWC"
"2025-04-30 13:30:00,41.77000045776367,42.560001373291016,42.150001525878906,42.45000076293945,ETF,EWC"
"2025-05-01 13:30:00,42.29999923706055,42.65999984741211,42.31999969482422,42.310001373291016,ETF,EWC"
"2025-05-02 13:30:00,42.61000061035156,42.880001068115234,42.709999084472656,42.84000015258789,ETF,EWC"
"2025-05-05 13:30:00,42.599998474121094,42.90999984741211,42.709999084472656,42.65999984741211,ETF,EWC"
"2025-05-06 13:30:00,42.56999969482422,42.86000061035156,42.66999816894531,42.77000045776367,ETF,EWC"
"2025-05-07 13:30:00,42.70000076293945,43.08000183105469,42.779998779296875,42.88999938964844,ETF,EWC"
"2025-05-08 13:30:00,42.689998626708984,43.0,42.88999938964844,42.810001373291016,ETF,EWC"
"2025-05-09 13:30:00,42.66999816894531,43.060001373291016,43.0099983215332,42.849998474121094,ETF,EWC"
"2025-05-12 13:30:00,42.91999816894531,43.38999938964844,43.33000183105469,43.08000183105469,ETF,EWC"
"2025-05-13 13:30:00,43.13999938964844,43.4900016784668,43.13999938964844,43.400001525878906,ETF,EWC"
"2025-05-14 13:30:00,43.220001220703125,43.47999954223633,43.41999816894531,43.439998626708984,ETF,EWC"
"2025-05-15 13:30:00,43.45000076293945,43.869998931884766,43.47999954223633,43.83000183105469,ETF,EWC"
"2025-05-16 13:30:00,43.72999954223633,43.939998626708984,43.779998779296875,43.88999938964844,ETF,EWC"
"2025-05-19 13:30:00,43.650001525878906,44.16999816894531,43.650001525878906,44.04999923706055,ETF,EWC"
"2025-05-20 13:30:00,44.0099983215332,44.2599983215332,44.0099983215332,44.189998626708984,ETF,EWC"
"2025-05-21 13:30:00,43.93000030517578,44.29999923706055,44.0,43.939998626708984,ETF,EWC"
"2025-05-22 13:30:00,43.790000915527344,44.189998626708984,43.900001525878906,44.0,ETF,EWC"
"2025-05-23 13:30:00,43.900001525878906,44.59000015258789,43.959999084472656,44.439998626708984,ETF,EWC"
"2025-05-27 13:30:00,44.68000030517578,45.040000915527344,44.68000030517578,44.81999969482422,ETF,EWC"
"2025-05-28 13:30:00,44.63999938964844,44.95000076293945,44.63999938964844,44.7599983215332,ETF,EWC"
"2025-05-29 13:30:00,44.619998931884766,45.189998626708984,45.15999984741211,44.779998779296875,ETF,EWC"
"2025-05-30 13:30:00,44.599998474121094,45.02000045776367,44.77000045776367,44.959999084472656,ETF,EWC"
"2025-06-02 13:30:00,44.959999084472656,45.43000030517578,45.029998779296875,45.38999938964844,ETF,EWC"
"2025-06-03 13:30:00,45.119998931884766,45.40999984741211,45.33000183105469,45.34000015258789,ETF,EWC"
"2025-06-04 13:30:00,45.22999954223633,45.4900016784668,45.43000030517578,45.25,ETF,EWC"
"2025-06-05 13:30:00,45.25,45.52000045776367,45.45000076293945,45.31999969482422,ETF,EWC"
"2025-06-06 13:30:00,45.33000183105469,45.619998931884766,45.40999984741211,45.38999938964844,ETF,EWC"
"2025-06-09 13:30:00,45.18000030517578,45.5,45.45000076293945,45.29999923706055,ETF,EWC"
"2025-06-10 13:30:00,45.279998779296875,45.52000045776367,45.380001068115234,45.43000030517578,ETF,EWC"
"2025-06-11 13:30:00,45.5,45.81999969482422,45.56999969482422,45.65999984741211,ETF,EWC"
"2025-06-12 13:30:00,45.720001220703125,46.02000045776367,45.810001373291016,46.0,ETF,EWC"
"2025-06-13 13:30:00,45.709999084472656,46.11000061035156,45.880001068115234,45.880001068115234,ETF,EWC"
"2025-06-16 13:30:00,45.7400016784668,46.09000015258789,45.90999984741211,45.7599983215332,ETF,EWC"
"2025-06-17 13:30:00,45.36000061035156,45.79999923706055,45.7400016784668,45.45000076293945,ETF,EWC"
"2025-06-18 13:30:00,45.290000915527344,45.630001068115234,45.630001068115234,45.31999969482422,ETF,EWC"
"2025-06-20 13:30:00,45.060001373291016,45.4900016784668,45.4900016784668,45.099998474121094,ETF,EWC"
"2025-06-23 13:30:00,44.95000076293945,45.41999816894531,44.95000076293945,45.33000183105469,ETF,EWC"
"2025-06-24 13:30:00,45.33000183105469,45.720001220703125,45.470001220703125,45.619998931884766,ETF,EWC"
"2025-06-25 13:30:00,45.220001220703125,45.5099983215332,45.4900016784668,45.31999969482422,ETF,EWC"
"2025-06-26 13:30:00,45.5099983215332,45.91999816894531,45.650001525878906,45.91999816894531,ETF,EWC"
"2025-06-27 13:30:00,45.33000183105469,45.97999954223633,45.869998931884766,45.58000183105469,ETF,EWC"
"2025-06-30 13:30:00,45.66999816894531,46.209999084472656,45.77000045776367,46.20000076293945,ETF,EWC"
"2025-07-01 13:30:00,45.9900016784668,46.290000915527344,46.16999816894531,46.189998626708984,ETF,EWC"
"2025-07-02 13:30:00,45.91999816894531,46.349998474121094,46.15999984741211,46.33000183105469,ETF,EWC"
"2025-07-03 13:30:00,46.349998474121094,46.689998626708984,46.439998626708984,46.66999816894531,ETF,EWC"
"2025-07-07 13:30:00,46.099998474121094,46.56999969482422,46.470001220703125,46.18000030517578,ETF,EWC"
"2025-07-08 13:30:00,45.90999984741211,46.36000061035156,46.2400016784668,46.0,ETF,EWC"
"2025-07-09 13:30:00,45.97999954223633,46.189998626708984,46.09000015258789,46.130001068115234,ETF,EWC"
"2025-07-10 13:30:00,45.9900016784668,46.43000030517578,46.20000076293945,46.40999984741211,ETF,EWC"
"2025-07-11 13:30:00,46.02000045776367,46.279998779296875,46.15999984741211,46.130001068115234,ETF,EWC"
"2025-07-14 13:30:00,46.06999969482422,46.47999954223633,46.130001068115234,46.439998626708984,ETF,EWC"
"2025-07-15 13:30:00,46.0099983215332,46.630001068115234,46.61000061035156,46.040000915527344,ETF,EWC"
"2025-07-16 13:30:00,45.88999938964844,46.470001220703125,46.119998931884766,46.470001220703125,ETF,EWC"
"2025-07-17 13:30:00,46.130001068115234,46.72999954223633,46.130001068115234,46.709999084472656,ETF,EWC"
"2025-07-18 13:30:00,46.529998779296875,46.970001220703125,46.880001068115234,46.59000015258789,ETF,EWC"
"2025-07-21 13:30:00,46.689998626708984,46.95000076293945,46.75,46.709999084472656,ETF,EWC"
"2025-07-22 13:30:00,46.68000030517578,47.09000015258789,46.72999954223633,47.09000015258789,ETF,EWC"
"2025-07-23 13:30:00,47.04999923706055,47.22999954223633,47.16999816894531,47.16999816894531,ETF,EWC"
"2025-07-24 13:30:00,46.93000030517578,47.20000076293945,47.0099983215332,46.970001220703125,ETF,EWC"
"2025-07-25 13:30:00,46.75,47.029998779296875,46.7599983215332,47.0099983215332,ETF,EWC"
"2025-07-28 13:30:00,46.68000030517578,46.95000076293945,46.880001068115234,46.720001220703125,ETF,EWC"
"2025-07-29 13:30:00,46.65999984741211,46.90999984741211,46.77000045776367,46.790000915527344,ETF,EWC"
"2025-07-30 13:30:00,46.220001220703125,46.79999923706055,46.720001220703125,46.380001068115234,ETF,EWC"
"2025-07-31 13:30:00,46.06999969482422,46.58000183105469,46.279998779296875,46.18000030517578,ETF,EWC"
"2025-08-01 13:30:00,45.65999984741211,46.029998779296875,45.97999954223633,45.86000061035156,ETF,EWC"
"2025-08-04 13:30:00,46.150001525878906,46.61000061035156,46.18000030517578,46.58000183105469,ETF,EWC"
"2025-08-05 13:30:00,46.61000061035156,46.959999084472656,46.630001068115234,46.93000030517578,ETF,EWC"
"2025-08-06 13:30:00,47.380001068115234,47.779998779296875,47.470001220703125,47.72999954223633,ETF,EWC"
"2025-08-07 13:30:00,47.189998626708984,47.869998931884766,47.869998931884766,47.34000015258789,ETF,EWC"
"2025-08-08 13:30:00,47.310001373291016,47.560001373291016,47.40999984741211,47.34000015258789,ETF,EWC"
"2025-08-11 13:30:00,47.220001220703125,47.43000030517578,47.33000183105469,47.279998779296875,ETF,EWC"
"2025-08-12 13:30:00,47.34000015258789,47.619998931884766,47.34000015258789,47.5099983215332,ETF,EWC"
"2025-08-13 13:30:00,47.54999923706055,47.790000915527344,47.68000030517578,47.63999938964844,ETF,EWC"
"2025-08-14 13:30:00,47.189998626708984,47.47999954223633,47.47999954223633,47.33000183105469,ETF,EWC"
"2025-08-15 13:30:00,47.189998626708984,47.439998626708984,47.380001068115234,47.27000045776367,ETF,EWC"
"2025-08-18 13:30:00,47.18000030517578,47.349998474121094,47.279998779296875,47.349998474121094,ETF,EWC"
"2025-08-19 13:30:00,46.97999954223633,47.369998931884766,47.2400016784668,47.0,ETF,EWC"
"2025-08-20 13:30:00,46.959999084472656,47.18000030517578,47.02000045776367,47.11000061035156,ETF,EWC"
"2025-08-21 13:30:00,46.90999984741211,47.279998779296875,46.97999954223633,47.279998779296875,ETF,EWC"
"2025-08-22 13:30:00,47.25,48.099998474121094,47.25,48.029998779296875,ETF,EWC"
"2025-08-25 13:30:00,47.54999923706055,47.9900016784668,47.88999938964844,47.54999923706055,ETF,EWC"
"2025-08-26 13:30:00,47.54999923706055,48.040000915527344,47.54999923706055,48.02000045776367,ETF,EWC"
"2025-08-27 13:30:00,47.970001220703125,48.400001525878906,47.970001220703125,48.369998931884766,ETF,EWC"
"2025-08-28 13:30:00,48.2599983215332,48.59000015258789,48.59000015258789,48.459999084472656,ETF,EWC"
"2025-08-29 13:30:00,48.38999938964844,48.84000015258789,48.400001525878906,48.790000915527344,ETF,EWC"
"2025-09-02 13:30:00,48.13999938964844,48.650001525878906,48.45000076293945,48.59000015258789,ETF,EWC"
"2025-09-03 13:30:00,48.619998931884766,48.93000030517578,48.619998931884766,48.869998931884766,ETF,EWC"
"2025-09-04 13:30:00,48.7400016784668,49.119998931884766,48.90999984741211,49.119998931884766,ETF,EWC"
"2025-09-05 13:30:00,48.939998626708984,49.5,49.34000015258789,49.16999816894531,ETF,EWC"
"2025-09-08 13:30:00,49.029998779296875,49.5099983215332,49.5099983215332,49.29999923706055,ETF,EWC"
"2025-09-09 13:30:00,49.22999954223633,49.4900016784668,49.400001525878906,49.27000045776367,ETF,EWC"
"2025-09-10 13:30:00,49.290000915527344,49.56999969482422,49.33000183105469,49.41999816894531,ETF,EWC"
"2025-09-11 13:30:00,49.38999938964844,49.91999816894531,49.439998626708984,49.91999816894531,ETF,EWC"
"2025-09-12 13:30:00,49.54999923706055,49.849998474121094,49.779998779296875,49.599998474121094,ETF,EWC"
"2025-09-15 13:30:00,49.599998474121094,50.13999938964844,49.810001373291016,50.130001068115234,ETF,EWC"
"2025-09-16 13:30:00,49.880001068115234,50.29999923706055,50.18000030517578,50.08000183105469,ETF,EWC"
"2025-09-17 13:30:00,49.720001220703125,50.36000061035156,49.970001220703125,49.97999954223633,ETF,EWC"
"2025-09-18 13:30:00,49.86000061035156,50.2400016784668,50.09000015258789,50.18000030517578,ETF,EWC"
"2025-09-19 13:30:00,50.130001068115234,50.83000183105469,50.22999954223633,50.72999954223633,ETF,EWC"
"2025-09-22 13:30:00,50.619998931884766,50.95000076293945,50.70000076293945,50.880001068115234,ETF,EWC"
"2025-09-23 13:30:00,50.52000045776367,51.099998474121094,51.099998474121094,50.529998779296875,ETF,EWC"
"2025-09-24 13:30:00,50.22999954223633,50.7400016784668,50.529998779296875,50.2400016784668,ETF,EWC"
"2025-09-25 13:30:00,49.7599983215332,50.11000061035156,49.97999954223633,50.04999923706055,ETF,EWC"
"2025-09-26 13:30:00,49.97999954223633,50.2599983215332,50.08000183105469,50.02000045776367,ETF,EWC"
"2025-09-29 13:30:00,50.27000045776367,50.4900016784668,50.27000045776367,50.459999084472656,ETF,EWC"
"2025-09-30 13:30:00,50.18000030517578,50.630001068115234,50.38999938964844,50.54999923706055,ETF,EWC"
"2025-10-01 13:30:00,50.4900016784668,50.79999923706055,50.4900016784668,50.56999969482422,ETF,EWC"
"2025-10-02 13:30:00,50.130001068115234,50.720001220703125,50.70000076293945,50.59000015258789,ETF,EWC"
"2025-10-03 13:30:00,50.689998626708984,51.2599983215332,50.689998626708984,51.2400016784668,ETF,EWC"
"2025-10-06 13:30:00,51.13999938964844,51.4900016784668,51.47999954223633,51.29999923706055,ETF,EWC"
"2025-10-07 13:30:00,50.869998931884766,51.400001525878906,51.27000045776367,50.939998626708984,ETF,EWC"
"2025-10-08 13:30:00,50.939998626708984,51.209999084472656,51.15999984741211,51.13999938964844,ETF,EWC"
"2025-10-09 13:30:00,50.40999984741211,51.279998779296875,51.2400016784668,50.529998779296875,ETF,EWC"
"2025-10-10 13:30:00,49.86000061035156,50.83000183105469,50.59000015258789,49.86000061035156,ETF,EWC"
"2024-09-09 13:30:00,82.88999938964844,84.66000366210938,83.19000244140625,84.58999633789062,EQUITY,AEE"
"2024-09-10 13:30:00,84.4800033569336,85.56999969482422,84.52999877929688,84.91000366210938,EQUITY,AEE"
"2024-09-11 13:30:00,82.79000091552734,84.1500015258789,84.05000305175781,83.73999786376953,EQUITY,AEE"
"2024-09-12 13:30:00,83.1500015258789,84.1500015258789,83.75,83.5,EQUITY,AEE"
"2024-09-13 13:30:00,83.4800033569336,84.13999938964844,83.54000091552734,83.98999786376953,EQUITY,AEE"
"2024-09-16 13:30:00,84.66999816894531,85.83000183105469,85.16000366210938,85.47000122070312,EQUITY,AEE"
"2024-09-17 13:30:00,84.7699966430664,85.62999725341797,85.36000061035156,85.0199966430664,EQUITY,AEE"
"2024-09-18 13:30:00,84.04000091552734,85.2300033569336,84.93000030517578,84.62000274658203,EQUITY,AEE"
"2024-09-19 13:30:00,82.94999694824219,84.48999786376953,84.01000213623047,83.62000274658203,EQUITY,AEE"
"2024-09-20 13:30:00,83.91000366210938,85.8499984741211,84.33999633789062,85.62000274658203,EQUITY,AEE"
"2024-09-23 13:30:00,85.4000015258789,86.1500015258789,85.9800033569336,85.63999938964844,EQUITY,AEE"
"2024-09-24 13:30:00,84.7699966430664,86.5,85.2300033569336,85.41000366210938,EQUITY,AEE"
"2024-09-25 13:30:00,84.9800033569336,86.37000274658203,85.9000015258789,86.33999633789062,EQUITY,AEE"
"2024-09-26 13:30:00,85.77999877929688,87.0999984741211,85.77999877929688,86.05999755859375,EQUITY,AEE"
"2024-09-27 13:30:00,86.05999755859375,87.05999755859375,86.4800033569336,86.48999786376953,EQUITY,AEE"
"2024-09-30 13:30:00,86.1500015258789,87.61000061035156,86.75,87.45999908447266,EQUITY,AEE"
"2024-10-01 13:30:00,86.77999877929688,88.0,87.62000274658203,87.5,EQUITY,AEE"
"2024-10-02 13:30:00,86.4800033569336,87.68000030517578,86.95999908447266,87.4000015258789,EQUITY,AEE"
"2024-10-03 13:30:00,87.0999984741211,88.11000061035156,87.73999786376953,88.0199966430664,EQUITY,AEE"
"2024-10-04 13:30:00,86.69999694824219,87.93000030517578,86.91000366210938,87.73999786376953,EQUITY,AEE"
"2024-10-07 13:30:00,86.97000122070312,87.81999969482422,87.7300033569336,87.13999938964844,EQUITY,AEE"
"2024-10-08 13:30:00,86.55999755859375,87.63999938964844,87.54000091552734,86.75,EQUITY,AEE"
"2024-10-09 13:30:00,85.83999633789062,87.05999755859375,86.36000061035156,86.37999725341797,EQUITY,AEE"
"2024-10-10 13:30:00,85.75,87.06999969482422,86.86000061035156,85.80999755859375,EQUITY,AEE"
"2024-10-11 13:30:00,85.81999969482422,86.61000061035156,86.05000305175781,86.44999694824219,EQUITY,AEE"
"2024-10-14 13:30:00,86.51000213623047,87.38999938964844,86.52999877929688,87.25,EQUITY,AEE"
"2024-10-15 13:30:00,87.3499984741211,88.5199966430664,87.83000183105469,87.93000030517578,EQUITY,AEE"
"2024-10-16 13:30:00,87.87999725341797,88.9000015258789,88.13999938964844,88.7300033569336,EQUITY,AEE"
"2024-10-17 13:30:00,87.61000061035156,88.87999725341797,88.58000183105469,88.30999755859375,EQUITY,AEE"
"2024-10-18 13:30:00,87.54000091552734,88.91000366210938,88.19000244140625,88.83999633789062,EQUITY,AEE"
"2024-10-21 13:30:00,87.94000244140625,89.08000183105469,88.9800033569336,88.2300033569336,EQUITY,AEE"
"2024-10-22 13:30:00,87.20999908447266,88.02999877929688,87.7300033569336,87.76000213623047,EQUITY,AEE"
"2024-10-23 13:30:00,87.95999908447266,89.20999908447266,88.05999755859375,89.19999694824219,EQUITY,AEE"
"2024-10-24 13:30:00,88.83000183105469,89.54000091552734,89.33999633789062,89.01000213623047,EQUITY,AEE"
"2024-10-25 13:30:00,87.69999694824219,89.48999786376953,89.44999694824219,87.80000305175781,EQUITY,AEE"
"2024-10-28 13:30:00,88.0199966430664,88.55000305175781,88.20999908447266,88.12000274658203,EQUITY,AEE"
"2024-10-29 13:30:00,85.94000244140625,87.54000091552734,87.54000091552734,86.01000213623047,EQUITY,AEE"
"2024-10-30 13:30:00,86.01000213623047,86.79000091552734,86.58999633789062,86.61000061035156,EQUITY,AEE"
"2024-10-31 13:30:00,86.6500015258789,88.1500015258789,86.75,87.11000061035156,EQUITY,AEE"
"2024-11-01 13:30:00,85.44000244140625,87.37000274658203,87.04000091552734,85.87999725341797,EQUITY,AEE"
"2024-11-04 14:30:00,85.2699966430664,86.18000030517578,85.48999786376953,86.0199966430664,EQUITY,AEE"
"2024-11-05 14:30:00,85.69000244140625,87.66999816894531,86.0,87.66000366210938,EQUITY,AEE"
"2024-11-06 14:30:00,86.80999755859375,88.55000305175781,86.88999938964844,87.7699966430664,EQUITY,AEE"
"2024-11-07 14:30:00,85.69999694824219,88.4800033569336,86.86000061035156,86.55000305175781,EQUITY,AEE"
"2024-11-08 14:30:00,86.69000244140625,90.58999633789062,87.08000183105469,90.19000244140625,EQUITY,AEE"
"2024-11-11 14:30:00,89.77999877929688,92.69000244140625,90.19999694824219,92.30000305175781,EQUITY,AEE"
"2024-11-12 14:30:00,91.62999725341797,92.7699966430664,92.13999938964844,92.02999877929688,EQUITY,AEE"
"2024-11-13 14:30:00,90.80999755859375,92.58000183105469,92.58000183105469,91.38999938964844,EQUITY,AEE"
"2024-11-14 14:30:00,89.66000366210938,91.44999694824219,91.30000305175781,89.72000122070312,EQUITY,AEE"
"2024-11-15 14:30:00,89.54000091552734,91.27999877929688,89.54000091552734,91.22000122070312,EQUITY,AEE"
"2024-11-18 14:30:00,90.87000274658203,92.56999969482422,90.9800033569336,92.3499984741211,EQUITY,AEE"
"2024-11-19 14:30:00,91.2699966430664,92.30000305175781,92.08999633789062,92.12000274658203,EQUITY,AEE"
"2024-11-20 14:30:00,91.70999908447266,92.58000183105469,92.1500015258789,92.23999786376953,EQUITY,AEE"
"2024-11-21 14:30:00,91.94999694824219,94.20999908447266,92.36000061035156,93.97000122070312,EQUITY,AEE"
"2024-11-22 14:30:00,93.56999969482422,94.45999908447266,94.05000305175781,93.80999755859375,EQUITY,AEE"
"2024-11-25 14:30:00,93.30999755859375,94.62000274658203,94.0,93.52999877929688,EQUITY,AEE"
"2024-11-26 14:30:00,93.61000061035156,94.45999908447266,93.87999725341797,94.2699966430664,EQUITY,AEE"
"2024-11-27 14:30:00,94.58999633789062,95.69000244140625,94.81999969482422,94.9800033569336,EQUITY,AEE"
"2024-11-29 14:30:00,94.19000244140625,95.05000305175781,94.91999816894531,94.38999938964844,EQUITY,AEE"
"2024-12-02 14:30:00,92.83000183105469,94.80999755859375,94.80999755859375,92.87999725341797,EQUITY,AEE"
"2024-12-03 14:30:00,91.77999877929688,93.77999877929688,93.37999725341797,91.80000305175781,EQUITY,AEE"
"2024-12-04 14:30:00,91.47000122070312,92.83999633789062,91.94000244140625,92.43000030517578,EQUITY,AEE"
"2024-12-05 14:30:00,92.20999908447266,93.04000091552734,92.5199966430664,92.27999877929688,EQUITY,AEE"
"2024-12-06 14:30:00,91.7300033569336,92.62999725341797,92.33999633789062,91.79000091552734,EQUITY,AEE"
"2024-12-09 14:30:00,90.94000244140625,92.16000366210938,91.75,91.16999816894531,EQUITY,AEE"
"2024-12-10 14:30:00,89.5,91.75,91.0,91.23999786376953,EQUITY,AEE"
"2024-12-11 14:30:00,89.58000183105469,90.80999755859375,90.70999908447266,89.8499984741211,EQUITY,AEE"
"2024-12-12 14:30:00,89.6500015258789,90.95999908447266,90.19000244140625,89.79000091552734,EQUITY,AEE"
"2024-12-13 14:30:00,89.38999938964844,90.36000061035156,89.63999938964844,89.83999633789062,EQUITY,AEE"
"2024-12-16 14:30:00,88.70999908447266,89.76000213623047,89.76000213623047,88.7300033569336,EQUITY,AEE"
"2024-12-17 14:30:00,88.01000213623047,89.19999694824219,88.01000213623047,88.68000030517578,EQUITY,AEE"
"2024-12-18 14:30:00,86.91000366210938,88.94000244140625,88.47000122070312,86.93000030517578,EQUITY,AEE"
"2024-12-19 14:30:00,86.4000015258789,90.01000213623047,86.91999816894531,88.56999969482422,EQUITY,AEE"
"2024-12-20 14:30:00,87.87999725341797,89.31999969482422,88.37000274658203,89.29000091552734,EQUITY,AEE"
"2024-12-23 14:30:00,88.18000030517578,89.86000061035156,88.97000122070312,89.69000244140625,EQUITY,AEE"
"2024-12-24 14:30:00,89.33999633789062,90.9000015258789,89.58000183105469,90.88999938964844,EQUITY,AEE"
"2024-12-26 14:30:00,90.2300033569336,91.0999984741211,90.51000213623047,90.69000244140625,EQUITY,AEE"
"2024-12-27 14:30:00,89.88999938964844,90.8499984741211,89.94999694824219,90.12000274658203,EQUITY,AEE"
"2024-12-30 14:30:00,88.93000030517578,89.8499984741211,89.7699966430664,89.62000274658203,EQUITY,AEE"
"2024-12-31 14:30:00,88.72000122070312,90.16000366210938,90.0,89.13999938964844,EQUITY,AEE"
"2025-01-02 14:30:00,88.68000030517578,90.05999755859375,89.95999908447266,88.98999786376953,EQUITY,AEE"
"2025-01-03 14:30:00,88.7699966430664,89.80000305175781,89.05000305175781,88.8499984741211,EQUITY,AEE"
"2025-01-06 14:30:00,86.80999755859375,88.68000030517578,88.44999694824219,86.87000274658203,EQUITY,AEE"
"2025-01-07 14:30:00,87.04000091552734,88.47000122070312,87.11000061035156,87.95999908447266,EQUITY,AEE"
"2025-01-08 14:30:00,87.31999969482422,89.29000091552734,87.75,89.23999786376953,EQUITY,AEE"
"2025-01-10 14:30:00,87.91000366210938,89.18000030517578,88.69000244140625,88.04000091552734,EQUITY,AEE"
"2025-01-13 14:30:00,87.55000305175781,88.94999694824219,88.18000030517578,88.80999755859375,EQUITY,AEE"
"2025-01-14 14:30:00,88.73999786376953,89.93000030517578,88.80000305175781,89.4000015258789,EQUITY,AEE"
"2025-01-15 14:30:00,90.26000213623047,91.5,90.33999633789062,91.12000274658203,EQUITY,AEE"
"2025-01-16 14:30:00,90.83999633789062,93.9000015258789,90.9800033569336,93.86000061035156,EQUITY,AEE"
"2025-01-17 14:30:00,93.30999755859375,94.93000030517578,93.55000305175781,94.16999816894531,EQUITY,AEE"
"2025-01-21 14:30:00,95.16000366210938,96.73999786376953,95.38999938964844,96.23999786376953,EQUITY,AEE"
"2025-01-22 14:30:00,93.11000061035156,96.02999877929688,95.86000061035156,93.3499984741211,EQUITY,AEE"
"2025-01-23 14:30:00,93.06999969482422,94.0999984741211,93.81999969482422,93.30999755859375,EQUITY,AEE"
"2025-01-24 14:30:00,92.79000091552734,94.25,92.79000091552734,94.12000274658203,EQUITY,AEE"
"2025-01-27 14:30:00,91.87000274658203,94.79000091552734,94.52999877929688,94.12999725341797,EQUITY,AEE"
"2025-01-28 14:30:00,92.44999694824219,94.33000183105469,94.20999908447266,93.22000122070312,EQUITY,AEE"
"2025-01-29 14:30:00,92.52999877929688,93.91000366210938,93.37000274658203,92.79000091552734,EQUITY,AEE"
"2025-01-30 14:30:00,93.2300033569336,94.22000122070312,93.91999816894531,94.11000061035156,EQUITY,AEE"
"2025-01-31 14:30:00,93.6500015258789,94.7699966430664,94.0,94.19999694824219,EQUITY,AEE"
"2025-02-03 14:30:00,93.16000366210938,96.2300033569336,93.95999908447266,96.01000213623047,EQUITY,AEE"
"2025-02-04 14:30:00,94.0999984741211,95.58000183105469,95.12999725341797,95.48999786376953,EQUITY,AEE"
"2025-02-05 14:30:00,96.02999877929688,97.29000091552734,96.5,96.62000274658203,EQUITY,AEE"
"2025-02-06 14:30:00,95.62000274658203,96.97000122070312,96.9000015258789,96.75,EQUITY,AEE"
"2025-02-07 14:30:00,96.05999755859375,97.37000274658203,97.13999938964844,97.08999633789062,EQUITY,AEE"
"2025-02-10 14:30:00,96.37000274658203,97.98999786376953,97.02999877929688,97.19999694824219,EQUITY,AEE"
"2025-02-11 14:30:00,96.5,98.25,96.87000274658203,98.18000030517578,EQUITY,AEE"
"2025-02-12 14:30:00,96.62000274658203,98.33000183105469,96.93000030517578,97.26000213623047,EQUITY,AEE"
"2025-02-13 14:30:00,97.38999938964844,98.69000244140625,97.5199966430664,98.2699966430664,EQUITY,AEE"
"2025-02-14 14:30:00,97.4000015258789,100.62000274658203,98.83999633789062,98.06999969482422,EQUITY,AEE"
"2025-02-18 14:30:00,97.5199966430664,98.51000213623047,98.44999694824219,98.33999633789062,EQUITY,AEE"
"2025-02-19 14:30:00,97.25,98.66000366210938,98.52999877929688,97.9000015258789,EQUITY,AEE"
"2025-02-20 14:30:00,96.58999633789062,97.81999969482422,97.54000091552734,97.20999908447266,EQUITY,AEE"
"2025-02-21 14:30:00,96.68000030517578,98.7300033569336,96.8499984741211,98.54000091552734,EQUITY,AEE"
"2025-02-24 14:30:00,97.91999816894531,99.77999877929688,98.80000305175781,98.83999633789062,EQUITY,AEE"
"2025-02-25 14:30:00,98.45999908447266,99.70999908447266,98.66999816894531,99.41000366210938,EQUITY,AEE"
"2025-02-26 14:30:00,98.7300033569336,99.72000122070312,98.97000122070312,99.33000183105469,EQUITY,AEE"
"2025-02-27 14:30:00,98.27999877929688,100.08000183105469,98.68000030517578,99.47000122070312,EQUITY,AEE"
"2025-02-28 14:30:00,99.87000274658203,101.75,100.4000015258789,101.55999755859375,EQUITY,AEE"
"2025-03-03 14:30:00,100.9800033569336,103.87000274658203,101.48999786376953,103.66999816894531,EQUITY,AEE"
"2025-03-04 14:30:00,99.87000274658203,104.0999984741211,103.79000091552734,100.0,EQUITY,AEE"
"2025-03-05 14:30:00,98.4000015258789,100.1500015258789,99.11000061035156,98.7300033569336,EQUITY,AEE"
"2025-03-06 14:30:00,96.58999633789062,98.4800033569336,98.4800033569336,97.13999938964844,EQUITY,AEE"
"2025-03-07 14:30:00,96.97000122070312,99.37999725341797,97.18000030517578,98.58999633789062,EQUITY,AEE"
"2025-03-10 13:30:00,98.23999786376953,100.70999908447266,98.80000305175781,99.25,EQUITY,AEE"
"2025-03-11 13:30:00,97.54000091552734,99.30000305175781,98.37999725341797,97.87000274658203,EQUITY,AEE"
"2025-03-12 13:30:00,97.08999633789062,98.2300033569336,97.31999969482422,97.44999694824219,EQUITY,AEE"
"2025-03-13 13:30:00,97.3499984741211,98.56999969482422,97.70999908447266,97.95999908447266,EQUITY,AEE"
"2025-03-14 13:30:00,97.44000244140625,99.62000274658203,97.63999938964844,99.12000274658203,EQUITY,AEE"
"2025-03-17 13:30:00,99.04000091552734,100.87999725341797,99.33000183105469,100.7300033569336,EQUITY,AEE"
"2025-03-18 13:30:00,99.04000091552734,100.63999938964844,100.05000305175781,99.8499984741211,EQUITY,AEE"
"2025-03-19 13:30:00,99.08000183105469,100.45999908447266,99.61000061035156,100.05999755859375,EQUITY,AEE"
"2025-03-20 13:30:00,99.4800033569336,100.47000122070312,100.38999938964844,99.97000122070312,EQUITY,AEE"
"2025-03-21 13:30:00,98.1500015258789,99.81999969482422,98.93000030517578,98.91000366210938,EQUITY,AEE"
"2025-03-24 13:30:00,98.6500015258789,99.94000244140625,99.19000244140625,98.80999755859375,EQUITY,AEE"
"2025-03-25 13:30:00,96.58999633789062,98.94000244140625,98.4800033569336,97.18000030517578,EQUITY,AEE"
"2025-03-26 13:30:00,96.9800033569336,99.26000213623047,97.19000244140625,98.87999725341797,EQUITY,AEE"
"2025-03-27 13:30:00,98.44000244140625,99.37999725341797,99.11000061035156,98.62999725341797,EQUITY,AEE"
"2025-03-28 13:30:00,99.16999816894531,100.08000183105469,99.52999877929688,99.69999694824219,EQUITY,AEE"
"2025-03-31 13:30:00,99.81999969482422,101.86000061035156,99.9800033569336,100.4000015258789,EQUITY,AEE"
"2025-04-01 13:30:00,99.58999633789062,100.87000274658203,100.12999725341797,100.66999816894531,EQUITY,AEE"
"2025-04-02 13:30:00,100.06999969482422,101.62999725341797,101.08999633789062,100.83999633789062,EQUITY,AEE"
"2025-04-03 13:30:00,100.9000015258789,102.94000244140625,101.88999938964844,101.68000030517578,EQUITY,AEE"
"2025-04-04 13:30:00,95.05000305175781,102.54000091552734,102.4800033569336,95.79000091552734,EQUITY,AEE"
"2025-04-07 13:30:00,92.5,96.66999816894531,94.2699966430664,94.33999633789062,EQUITY,AEE"
"2025-04-08 13:30:00,93.33000183105469,97.30000305175781,96.48999786376953,94.2300033569336,EQUITY,AEE"
"2025-04-09 13:30:00,91.7699966430664,97.61000061035156,93.56999969482422,96.3499984741211,EQUITY,AEE"
"2025-04-10 13:30:00,94.75,98.33999633789062,96.12999725341797,96.72000122070312,EQUITY,AEE"
"2025-04-11 13:30:00,95.27999877929688,98.29000091552734,96.3499984741211,97.52999877929688,EQUITY,AEE"
"2025-04-14 13:30:00,97.13999938964844,99.3499984741211,98.08999633789062,99.01000213623047,EQUITY,AEE"
"2025-04-15 13:30:00,98.87000274658203,100.08000183105469,99.30000305175781,99.02999877929688,EQUITY,AEE"
"2025-04-16 13:30:00,97.55999755859375,99.62999725341797,99.37000274658203,98.0,EQUITY,AEE"
"2025-04-17 13:30:00,98.08000183105469,99.81999969482422,98.4000015258789,98.6500015258789,EQUITY,AEE"
"2025-04-21 13:30:00,95.2699966430664,98.23999786376953,98.08000183105469,96.4800033569336,EQUITY,AEE"
"2025-04-22 13:30:00,96.55999755859375,99.41999816894531,97.0,99.1500015258789,EQUITY,AEE"
"2025-04-23 13:30:00,97.69000244140625,99.66999816894531,98.77999877929688,98.62999725341797,EQUITY,AEE"
"2025-04-24 13:30:00,97.91999816894531,99.58000183105469,98.37000274658203,98.91999816894531,EQUITY,AEE"
"2025-04-25 13:30:00,97.76000213623047,99.0,98.70999908447266,98.27999877929688,EQUITY,AEE"
"2025-04-28 13:30:00,97.94999694824219,99.41999816894531,98.25,98.88999938964844,EQUITY,AEE"
"2025-04-29 13:30:00,98.2699966430664,99.5199966430664,98.55000305175781,99.20999908447266,EQUITY,AEE"
"2025-04-30 13:30:00,97.43000030517578,99.83000183105469,99.68000030517578,99.23999786376953,EQUITY,AEE"
"2025-05-01 13:30:00,97.87000274658203,99.58000183105469,98.88999938964844,98.08999633789062,EQUITY,AEE"
"2025-05-02 13:30:00,96.16999816894531,100.13999938964844,98.87999725341797,99.4800033569336,EQUITY,AEE"
"2025-05-05 13:30:00,98.52999877929688,99.87999725341797,99.3499984741211,99.55000305175781,EQUITY,AEE"
"2025-05-06 13:30:00,99.1500015258789,100.12000274658203,99.5,99.45999908447266,EQUITY,AEE"
"2025-05-07 13:30:00,99.16999816894531,100.12000274658203,99.33999633789062,99.54000091552734,EQUITY,AEE"
"2025-05-08 13:30:00,97.55000305175781,99.4800033569336,99.11000061035156,97.68000030517578,EQUITY,AEE"
"2025-05-09 13:30:00,96.66999816894531,97.80000305175781,97.68000030517578,97.4000015258789,EQUITY,AEE"
"2025-05-12 13:30:00,94.97000122070312,96.93000030517578,96.93000030517578,95.41999816894531,EQUITY,AEE"
"2025-05-13 13:30:00,94.08000183105469,95.20999908447266,94.44999694824219,94.31999969482422,EQUITY,AEE"
"2025-05-14 13:30:00,93.2699966430664,95.29000091552734,94.43000030517578,95.01000213623047,EQUITY,AEE"
"2025-05-15 13:30:00,95.37999725341797,96.91999816894531,95.77999877929688,96.81999969482422,EQUITY,AEE"
"2025-05-16 13:30:00,96.37999725341797,98.04000091552734,96.6500015258789,98.0199966430664,EQUITY,AEE"
"2025-05-19 13:30:00,97.4800033569336,99.0,97.80999755859375,98.97000122070312,EQUITY,AEE"
"2025-05-20 13:30:00,98.38999938964844,99.55000305175781,98.62000274658203,98.58000183105469,EQUITY,AEE"
"2025-05-21 13:30:00,96.16999816894531,98.33000183105469,98.16999816894531,96.5,EQUITY,AEE"
"2025-05-22 13:30:00,94.4000015258789,96.19000244140625,95.94999694824219,95.4000015258789,EQUITY,AEE"
"2025-05-23 13:30:00,94.94999694824219,96.48999786376953,96.26000213623047,96.30000305175781,EQUITY,AEE"
"2025-05-27 13:30:00,96.0,97.0,96.94999694824219,96.69000244140625,EQUITY,AEE"
"2025-05-28 13:30:00,95.08000183105469,96.58000183105469,96.37000274658203,95.31999969482422,EQUITY,AEE"
"2025-05-29 13:30:00,94.06999969482422,96.2300033569336,94.76000213623047,96.16999816894531,EQUITY,AEE"
"2025-05-30 13:30:00,95.98999786376953,97.16000366210938,95.98999786376953,96.87999725341797,EQUITY,AEE"
"2025-06-02 13:30:00,95.98999786376953,97.29000091552734,96.3499984741211,97.1500015258789,EQUITY,AEE"
"2025-06-03 13:30:00,96.20999908447266,97.69999694824219,97.31999969482422,97.31999969482422,EQUITY,AEE"
"2025-06-04 13:30:00,96.37999725341797,97.76000213623047,97.16999816894531,96.5,EQUITY,AEE"
"2025-06-05 13:30:00,95.87999725341797,96.80999755859375,96.55999755859375,96.0199966430664,EQUITY,AEE"
"2025-06-06 13:30:00,95.4800033569336,96.52999877929688,96.2300033569336,96.04000091552734,EQUITY,AEE"
"2025-06-09 13:30:00,95.22000122070312,96.5199966430664,95.81999969482422,95.93000030517578,EQUITY,AEE"
"2025-06-10 13:30:00,94.95999908447266,95.95999908447266,95.48999786376953,95.63999938964844,EQUITY,AEE"
"2025-06-11 13:30:00,95.61000061035156,96.13999938964844,95.80999755859375,95.8499984741211,EQUITY,AEE"
"2025-06-12 13:30:00,95.98999786376953,97.27999877929688,96.1500015258789,97.16999816894531,EQUITY,AEE"
"2025-06-13 13:30:00,95.43000030517578,97.43000030517578,97.3499984741211,95.69999694824219,EQUITY,AEE"
"2025-06-16 13:30:00,94.2300033569336,96.52999877929688,96.11000061035156,94.80999755859375,EQUITY,AEE"
"2025-06-17 13:30:00,93.5,94.75,94.68000030517578,94.37999725341797,EQUITY,AEE"
"2025-06-18 13:30:00,93.86000061035156,94.83999633789062,94.45999908447266,94.41999816894531,EQUITY,AEE"
"2025-06-20 13:30:00,94.41000366210938,95.79000091552734,94.55000305175781,94.69000244140625,EQUITY,AEE"
"2025-06-23 13:30:00,95.20999908447266,96.41000366210938,95.20999908447266,96.01000213623047,EQUITY,AEE"
"2025-06-24 13:30:00,95.81999969482422,96.7699966430664,96.0,96.37000274658203,EQUITY,AEE"
"2025-06-25 13:30:00,94.70999908447266,96.27999877929688,96.27999877929688,95.0999984741211,EQUITY,AEE"
"2025-06-26 13:30:00,94.6500015258789,95.6500015258789,95.19000244140625,95.37999725341797,EQUITY,AEE"
"2025-06-27 13:30:00,95.05000305175781,96.12999725341797,95.37999725341797,95.30999755859375,EQUITY,AEE"
"2025-06-30 13:30:00,95.0199966430664,96.08000183105469,95.0199966430664,96.04000091552734,EQUITY,AEE"
"2025-07-01 13:30:00,95.12999725341797,96.70999908447266,96.0999984741211,96.38999938964844,EQUITY,AEE"
"2025-07-02 13:30:00,94.62000274658203,96.54000091552734,96.1500015258789,95.4800033569336,EQUITY,AEE"
"2025-07-03 13:30:00,95.06999969482422,96.25,95.06999969482422,96.0199966430664,EQUITY,AEE"
"2025-07-07 13:30:00,95.41999816894531,96.41000366210938,96.0199966430664,95.93000030517578,EQUITY,AEE"
"2025-07-08 13:30:00,94.19999694824219,95.62999725341797,95.13999938964844,95.0,EQUITY,AEE"
"2025-07-09 13:30:00,94.2300033569336,95.3499984741211,95.25,95.19999694824219,EQUITY,AEE"
"2025-07-10 13:30:00,94.36000061035156,96.45999908447266,94.62000274658203,96.29000091552734,EQUITY,AEE"
"2025-07-11 13:30:00,95.5199966430664,96.61000061035156,95.81999969482422,96.19999694824219,EQUITY,AEE"
"2025-07-14 13:30:00,95.62000274658203,97.08999633789062,96.1500015258789,96.51000213623047,EQUITY,AEE"
"2025-07-15 13:30:00,95.18000030517578,96.5999984741211,96.0199966430664,95.75,EQUITY,AEE"
"2025-07-16 13:30:00,95.1500015258789,96.91999816894531,95.83000183105469,96.8499984741211,EQUITY,AEE"
"2025-07-17 13:30:00,96.2699966430664,97.55999755859375,96.54000091552734,97.27999877929688,EQUITY,AEE"
"2025-07-18 13:30:00,97.4800033569336,98.91000366210938,97.4800033569336,98.69999694824219,EQUITY,AEE"
"2025-07-21 13:30:00,98.69999694824219,99.87999725341797,98.72000122070312,99.30999755859375,EQUITY,AEE"
"2025-07-22 13:30:00,99.33000183105469,100.98999786376953,99.56999969482422,100.91999816894531,EQUITY,AEE"
"2025-07-23 13:30:00,99.5199966430664,101.58000183105469,101.01000213623047,99.91999816894531,EQUITY,AEE"
"2025-07-24 13:30:00,99.55999755859375,100.41000366210938,100.06999969482422,100.04000091552734,EQUITY,AEE"
"2025-07-25 13:30:00,99.87000274658203,100.38999938964844,100.18000030517578,100.0999984741211,EQUITY,AEE"
"2025-07-28 13:30:00,98.04000091552734,99.95999908447266,99.91999816894531,98.31999969482422,EQUITY,AEE"
"2025-07-29 13:30:00,98.37999725341797,99.87000274658203,98.76000213623047,99.81999969482422,EQUITY,AEE"
"2025-07-30 13:30:00,99.63999938964844,100.91000366210938,99.87000274658203,99.83999633789062,EQUITY,AEE"
"2025-07-31 13:30:00,99.12000274658203,101.23999786376953,99.4800033569336,101.12999725341797,EQUITY,AEE"
"2025-08-01 13:30:00,100.37999725341797,103.16999816894531,102.54000091552734,102.11000061035156,EQUITY,AEE"
"2025-08-04 13:30:00,102.3499984741211,103.58999633789062,102.55999755859375,103.26000213623047,EQUITY,AEE"
"2025-08-05 13:30:00,101.52999877929688,103.54000091552734,103.06999969482422,102.01000213623047,EQUITY,AEE"
"2025-08-06 13:30:00,101.20999908447266,102.41999816894531,102.0199966430664,101.62000274658203,EQUITY,AEE"
"2025-08-07 13:30:00,101.38999938964844,102.62999725341797,101.66000366210938,102.31999969482422,EQUITY,AEE"
"2025-08-08 13:30:00,101.05000305175781,102.8499984741211,102.75,101.38999938964844,EQUITY,AEE"
"2025-08-11 13:30:00,100.41999816894531,101.7699966430664,101.58999633789062,101.36000061035156,EQUITY,AEE"
"2025-08-12 13:30:00,99.58999633789062,101.43000030517578,101.33000183105469,101.19999694824219,EQUITY,AEE"
"2025-08-13 13:30:00,100.86000061035156,102.23999786376953,101.22000122070312,102.22000122070312,EQUITY,AEE"
"2025-08-14 13:30:00,101.23999786376953,102.44999694824219,102.16000366210938,101.43000030517578,EQUITY,AEE"
"2025-08-15 13:30:00,100.08999633789062,101.16000366210938,101.16000366210938,100.55999755859375,EQUITY,AEE"
"2025-08-18 13:30:00,99.8499984741211,100.6500015258789,100.55999755859375,99.94999694824219,EQUITY,AEE"
"2025-08-19 13:30:00,100.30000305175781,102.04000091552734,100.45999908447266,101.86000061035156,EQUITY,AEE"
"2025-08-20 13:30:00,101.86000061035156,103.41000366210938,102.38999938964844,101.98999786376953,EQUITY,AEE"
"2025-08-21 13:30:00,101.29000091552734,102.33000183105469,101.73999786376953,101.5,EQUITY,AEE"
"2025-08-22 13:30:00,101.16000366210938,102.45999908447266,102.12000274658203,101.94999694824219,EQUITY,AEE"
"2025-08-25 13:30:00,100.7300033569336,101.83000183105469,101.63999938964844,100.7300033569336,EQUITY,AEE"
"2025-08-26 13:30:00,100.20999908447266,101.05999755859375,100.97000122070312,100.83999633789062,EQUITY,AEE"
"2025-08-27 13:30:00,100.33999633789062,101.27999877929688,100.87000274658203,100.91000366210938,EQUITY,AEE"
"2025-08-28 13:30:00,99.43000030517578,100.72000122070312,100.72000122070312,99.73999786376953,EQUITY,AEE"
"2025-08-29 13:30:00,99.62999725341797,100.19000244140625,99.73999786376953,99.77999877929688,EQUITY,AEE"
"2025-09-02 13:30:00,99.01000213623047,99.94000244140625,99.62999725341797,99.72000122070312,EQUITY,AEE"
"2025-09-03 13:30:00,98.91000366210938,100.05000305175781,99.72000122070312,99.91999816894531,EQUITY,AEE"
"2025-09-04 13:30:00,99.83000183105469,100.98999786376953,100.63999938964844,100.87999725341797,EQUITY,AEE"
"2025-09-05 13:30:00,99.72000122070312,101.16999816894531,100.93000030517578,100.62999725341797,EQUITY,AEE"
"2025-09-08 13:30:00,99.44999694824219,100.55999755859375,100.20999908447266,99.98999786376953,EQUITY,AEE"
"2025-09-09 13:30:00,98.73999786376953,99.75,98.97000122070312,99.19999694824219,EQUITY,AEE"
"2025-09-10 13:30:00,98.72000122070312,99.55999755859375,99.0,99.29000091552734,EQUITY,AEE"
"2025-09-11 13:30:00,99.05000305175781,100.45999908447266,99.19000244140625,100.30999755859375,EQUITY,AEE"
"2025-09-12 13:30:00,100.12000274658203,101.04000091552734,100.22000122070312,100.79000091552734,EQUITY,AEE"
"2025-09-15 13:30:00,100.23999786376953,101.04000091552734,100.66999816894531,100.47000122070312,EQUITY,AEE"
"2025-09-16 13:30:00,98.51000213623047,100.4000015258789,100.05999755859375,98.55999755859375,EQUITY,AEE"
"2025-09-17 13:30:00,98.77999877929688,99.80999755859375,99.16999816894531,98.97000122070312,EQUITY,AEE"
"2025-09-18 13:30:00,97.9000015258789,99.16999816894531,98.20999908447266,98.66000366210938,EQUITY,AEE"
"2025-09-19 13:30:00,98.12999725341797,99.55999755859375,98.95999908447266,99.12999725341797,EQUITY,AEE"
"2025-09-22 13:30:00,98.75,99.52999877929688,99.19000244140625,99.08999633789062,EQUITY,AEE"
"2025-09-23 13:30:00,98.63999938964844,100.93000030517578,98.83999633789062,100.91000366210938,EQUITY,AEE"
"2025-09-24 13:30:00,100.52999877929688,101.68000030517578,101.05999755859375,100.8499984741211,EQUITY,AEE"
"2025-09-25 13:30:00,100.56999969482422,101.70999908447266,101.29000091552734,100.77999877929688,EQUITY,AEE"
"2025-09-26 13:30:00,101.16000366210938,102.47000122070312,101.41000366210938,102.0999984741211,EQUITY,AEE"
"2025-09-29 13:30:00,101.73999786376953,103.69999694824219,102.27999877929688,103.55000305175781,EQUITY,AEE"
"2025-09-30 13:30:00,103.30000305175781,104.5,103.69999694824219,104.37999725341797,EQUITY,AEE"
"2025-10-01 13:30:00,103.4000015258789,104.5199966430664,104.05000305175781,103.43000030517578,EQUITY,AEE"
"2025-10-02 13:30:00,102.62999725341797,103.72000122070312,103.05000305175781,102.91999816894531,EQUITY,AEE"
"2025-10-03 13:30:00,102.81999969482422,104.25,103.04000091552734,103.73999786376953,EQUITY,AEE"
"2025-10-06 13:30:00,103.6500015258789,104.9800033569336,104.08999633789062,104.87999725341797,EQUITY,AEE"
"2025-10-07 13:30:00,104.30000305175781,105.66999816894531,105.16999816894531,104.61000061035156,EQUITY,AEE"
"2025-10-08 13:30:00,103.22000122070312,104.91999816894531,104.91999816894531,103.69999694824219,EQUITY,AEE"
"2025-10-09 13:30:00,102.95999908447266,104.19000244140625,104.0,103.0,EQUITY,AEE"
"2025-10-10 13:30:00,102.9800033569336,104.8499984741211,103.2300033569336,103.66999816894531,EQUITY,AEE"
"2024-09-09 13:30:00,72.30000305175781,74.41600036621094,74.28900146484375,73.43099975585938,EQUITY,LRCX"
"2024-09-10 13:30:00,71.66200256347656,74.0250015258789,73.85399627685547,73.15599822998047,EQUITY,LRCX"
"2024-09-11 13:30:00,72.24099731445312,76.91000366210938,73.19999694824219,76.68499755859375,EQUITY,LRCX"
"2024-09-12 13:30:00,74.3489990234375,76.55000305175781,76.53399658203125,74.77799987792969,EQUITY,LRCX"
"2024-09-13 13:30:00,75.4000015258789,77.25499725341797,75.5790023803711,76.97200012207031,EQUITY,LRCX"
"2024-09-16 13:30:00,74.5,76.06500244140625,75.14600372314453,75.84700012207031,EQUITY,LRCX"
"2024-09-17 13:30:00,75.69999694824219,77.5999984741211,77.25599670410156,76.60399627685547,EQUITY,LRCX"
"2024-09-18 13:30:00,75.26699829101562,78.0,77.97000122070312,75.58699798583984,EQUITY,LRCX"
"2024-09-19 13:30:00,78.31099700927734,80.06500244140625,79.58000183105469,78.90699768066406,EQUITY,LRCX"
"2024-09-20 13:30:00,76.1500015258789,78.0,77.625,77.31900024414062,EQUITY,LRCX"
"2024-09-23 13:30:00,77.31999969482422,78.58699798583984,77.70099639892578,78.40799713134766,EQUITY,LRCX"
"2024-09-24 13:30:00,78.13999938964844,79.79900360107422,79.5999984741211,79.10600280761719,EQUITY,LRCX"
"2024-09-25 13:30:00,78.8270034790039,81.28199768066406,78.9000015258789,80.375,EQUITY,LRCX"
"2024-09-26 13:30:00,82.5,86.31900024414062,86.25800323486328,84.75,EQUITY,LRCX"
"2024-09-27 13:30:00,82.0780029296875,85.38099670410156,85.38099670410156,82.71199798583984,EQUITY,LRCX"
"2024-09-30 13:30:00,80.41400146484375,83.0989990234375,82.15899658203125,81.60800170898438,EQUITY,LRCX"
"2024-10-01 13:30:00,78.68699645996094,82.18499755859375,81.7509994506836,79.73799896240234,EQUITY,LRCX"
"2024-10-02 13:30:00,79.99700164794922,83.03700256347656,80.4000015258789,81.40899658203125,EQUITY,LRCX"
"2024-10-03 13:30:00,79.87999725341797,82.12000274658203,79.93000030517578,81.11000061035156,EQUITY,LRCX"
"2024-10-04 13:30:00,80.48999786376953,83.08999633789062,82.97000122070312,81.54000091552734,EQUITY,LRCX"
"2024-10-07 13:30:00,80.05999755859375,81.41999816894531,80.58000183105469,80.61000061035156,EQUITY,LRCX"
"2024-10-08 13:30:00,79.80000305175781,81.61000061035156,80.69999694824219,81.01000213623047,EQUITY,LRCX"
"2024-10-09 13:30:00,80.72000122070312,83.45999908447266,80.76000213623047,82.86000061035156,EQUITY,LRCX"
"2024-10-10 13:30:00,81.0199966430664,82.94999694824219,81.54000091552734,82.05999755859375,EQUITY,LRCX"
"2024-10-11 13:30:00,81.27999877929688,83.73999786376953,81.48999786376953,82.88999938964844,EQUITY,LRCX"
"2024-10-14 13:30:00,83.76000213623047,86.30000305175781,83.7699966430664,85.69999694824219,EQUITY,LRCX"
"2024-10-15 13:30:00,75.91000366210938,86.55999755859375,85.80000305175781,76.36000061035156,EQUITY,LRCX"
"2024-10-16 13:30:00,73.87000274658203,77.5,77.1500015258789,74.13999938964844,EQUITY,LRCX"
"2024-10-17 13:30:00,73.02999877929688,76.5999984741211,76.45999908447266,73.13999938964844,EQUITY,LRCX"
"2024-10-18 13:30:00,72.44999694824219,74.2300033569336,74.2300033569336,72.83999633789062,EQUITY,LRCX"
"2024-10-21 13:30:00,72.08000183105469,73.0999984741211,72.62000274658203,72.83999633789062,EQUITY,LRCX"
"2024-10-22 13:30:00,71.43000030517578,73.41000366210938,72.66999816894531,73.0,EQUITY,LRCX"
"2024-10-23 13:30:00,71.55999755859375,73.47000122070312,72.37000274658203,72.86000061035156,EQUITY,LRCX"
"2024-10-24 13:30:00,74.44999694824219,77.4800033569336,76.18000030517578,76.56999969482422,EQUITY,LRCX"
"2024-10-25 13:30:00,77.08000183105469,79.5999984741211,77.47000122070312,77.68000030517578,EQUITY,LRCX"
"2024-10-28 13:30:00,75.18000030517578,78.02999877929688,77.16999816894531,75.44999694824219,EQUITY,LRCX"
"2024-10-29 13:30:00,75.44000244140625,78.73999786376953,75.8499984741211,78.30999755859375,EQUITY,LRCX"
"2024-10-30 13:30:00,75.8499984741211,77.19999694824219,76.86000061035156,76.44999694824219,EQUITY,LRCX"
"2024-10-31 13:30:00,73.44999694824219,76.0999984741211,76.0999984741211,74.3499984741211,EQUITY,LRCX"
"2024-11-01 13:30:00,74.05999755859375,75.47000122070312,74.36000061035156,74.80000305175781,EQUITY,LRCX"
"2024-11-04 14:30:00,73.76000213623047,74.9800033569336,74.43000030517578,74.16999816894531,EQUITY,LRCX"
"2024-11-05 14:30:00,74.5199966430664,76.79000091552734,74.5199966430664,76.4000015258789,EQUITY,LRCX"
"2024-11-06 14:30:00,75.2300033569336,78.08999633789062,77.68000030517578,76.77999877929688,EQUITY,LRCX"
"2024-11-07 14:30:00,77.3499984741211,79.47000122070312,78.05999755859375,79.20999908447266,EQUITY,LRCX"
"2024-11-08 14:30:00,77.47000122070312,79.36000061035156,78.83000183105469,78.19999694824219,EQUITY,LRCX"
"2024-11-11 14:30:00,74.8499984741211,77.88999938964844,77.43000030517578,76.16999816894531,EQUITY,LRCX"
"2024-11-12 14:30:00,74.66000366210938,76.66999816894531,76.41999816894531,75.69999694824219,EQUITY,LRCX"
"2024-11-13 14:30:00,73.51000213623047,75.06999969482422,74.5,73.8499984741211,EQUITY,LRCX"
"2024-11-14 14:30:00,74.5,75.63999938964844,75.44999694824219,74.79000091552734,EQUITY,LRCX"
"2024-11-15 14:30:00,69.98999786376953,72.70999908447266,71.6500015258789,70.05000305175781,EQUITY,LRCX"
"2024-11-18 14:30:00,69.63999938964844,70.80000305175781,69.88999938964844,70.56999969482422,EQUITY,LRCX"
"2024-11-19 14:30:00,69.55999755859375,70.5199966430664,70.05000305175781,70.16999816894531,EQUITY,LRCX"
"2024-11-20 14:30:00,68.87000274658203,70.22000122070312,70.01000213623047,70.05000305175781,EQUITY,LRCX"
"2024-11-21 14:30:00,70.83000183105469,73.44999694824219,71.19000244140625,73.12999725341797,EQUITY,LRCX"
"2024-11-22 14:30:00,71.5999984741211,73.2699966430664,72.61000061035156,72.63999938964844,EQUITY,LRCX"
"2024-11-25 14:30:00,71.63999938964844,74.02999877929688,74.01000213623047,73.70999908447266,EQUITY,LRCX"
"2024-11-26 14:30:00,72.0,74.47000122070312,74.11000061035156,72.69000244140625,EQUITY,LRCX"
"2024-11-27 14:30:00,70.41999816894531,72.87000274658203,72.7300033569336,71.56999969482422,EQUITY,LRCX"
"2024-11-29 14:30:00,73.66000366210938,75.7699966430664,73.8499984741211,73.87999725341797,EQUITY,LRCX"
"2024-12-02 14:30:00,73.86000061035156,78.86000061035156,73.87999725341797,78.51000213623047,EQUITY,LRCX"
"2024-12-03 14:30:00,77.04000091552734,78.69999694824219,77.69999694824219,78.33999633789062,EQUITY,LRCX"
"2024-12-04 14:30:00,77.61000061035156,79.83000183105469,79.54000091552734,78.26000213623047,EQUITY,LRCX"
"2024-12-05 14:30:00,74.6500015258789,77.87999725341797,77.87999725341797,75.20999908447266,EQUITY,LRCX"
"2024-12-06 14:30:00,74.69000244140625,76.69000244140625,75.13999938964844,76.58999633789062,EQUITY,LRCX"
"2024-12-09 14:30:00,75.66999816894531,78.25,76.47000122070312,77.44999694824219,EQUITY,LRCX"
"2024-12-10 14:30:00,74.41999816894531,78.25,78.13999938964844,75.12999725341797,EQUITY,LRCX"
"2024-12-11 14:30:00,75.43000030517578,78.72000122070312,76.31999969482422,78.2300033569336,EQUITY,LRCX"
"2024-12-12 14:30:00,74.94999694824219,77.36000061035156,77.25,75.58000183105469,EQUITY,LRCX"
"2024-12-13 14:30:00,75.44000244140625,77.31999969482422,76.37999725341797,76.26000213623047,EQUITY,LRCX"
"2024-12-16 14:30:00,75.31999969482422,78.12999725341797,76.2699966430664,77.83000183105469,EQUITY,LRCX"
"2024-12-17 14:30:00,77.41999816894531,78.73999786376953,77.88999938964844,77.80999755859375,EQUITY,LRCX"
"2024-12-18 14:30:00,74.62000274658203,79.30999755859375,78.04000091552734,75.19999694824219,EQUITY,LRCX"
"2024-12-19 14:30:00,70.16000366210938,72.91000366210938,72.75,71.20999908447266,EQUITY,LRCX"
"2024-12-20 14:30:00,70.30000305175781,73.47000122070312,70.54000091552734,71.79000091552734,EQUITY,LRCX"
"2024-12-23 14:30:00,72.0,73.98999786376953,72.3499984741211,73.80000305175781,EQUITY,LRCX"
"2024-12-24 14:30:00,73.2300033569336,74.16999816894531,74.06999969482422,73.83000183105469,EQUITY,LRCX"
"2024-12-26 14:30:00,73.0,74.55999755859375,73.25,73.98999786376953,EQUITY,LRCX"
"2024-12-27 14:30:00,72.63999938964844,73.76000213623047,73.30000305175781,73.4000015258789,EQUITY,LRCX"
"2024-12-30 14:30:00,71.2699966430664,72.58999633789062,72.0,72.1500015258789,EQUITY,LRCX"
"2024-12-31 14:30:00,71.54000091552734,72.80000305175781,72.4000015258789,72.2300033569336,EQUITY,LRCX"
"2025-01-02 14:30:00,71.73999786376953,73.91999816894531,72.70999908447266,72.44000244140625,EQUITY,LRCX"
"2025-01-03 14:30:00,72.97000122070312,75.27999877929688,73.18000030517578,75.11000061035156,EQUITY,LRCX"
"2025-01-06 14:30:00,77.0,80.1500015258789,77.18000030517578,77.9800033569336,EQUITY,LRCX"
"2025-01-07 14:30:00,76.88999938964844,80.13999938964844,78.86000061035156,77.5199966430664,EQUITY,LRCX"
"2025-01-08 14:30:00,76.23999786376953,77.75,77.41999816894531,77.04000091552734,EQUITY,LRCX"
"2025-01-10 14:30:00,74.31999969482422,76.2300033569336,76.0199966430664,74.6500015258789,EQUITY,LRCX"
"2025-01-13 14:30:00,72.55999755859375,74.58000183105469,73.16999816894531,74.44999694824219,EQUITY,LRCX"
"2025-01-14 14:30:00,73.58999633789062,75.12999725341797,75.04000091552734,75.05999755859375,EQUITY,LRCX"
"2025-01-15 14:30:00,75.44999694824219,77.2699966430664,75.86000061035156,76.1500015258789,EQUITY,LRCX"
"2025-01-16 14:30:00,78.30999755859375,82.83000183105469,78.88999938964844,79.22000122070312,EQUITY,LRCX"
"2025-01-17 14:30:00,79.5999984741211,81.80999755859375,81.41000366210938,80.30000305175781,EQUITY,LRCX"
"2025-01-21 14:30:00,79.91999816894531,82.43000030517578,80.81999969482422,81.5,EQUITY,LRCX"
"2025-01-22 14:30:00,82.41999816894531,85.19000244140625,82.43000030517578,83.25,EQUITY,LRCX"
"2025-01-23 14:30:00,79.44999694824219,81.38999938964844,80.75,81.2300033569336,EQUITY,LRCX"
"2025-01-24 14:30:00,78.9800033569336,81.69999694824219,81.69999694824219,79.68000030517578,EQUITY,LRCX"
"2025-01-27 14:30:00,73.41000366210938,76.83000183105469,76.79000091552734,75.62999725341797,EQUITY,LRCX"
"2025-01-28 14:30:00,73.5999984741211,75.66999816894531,75.11000061035156,74.51000213623047,EQUITY,LRCX"
"2025-01-29 14:30:00,74.47000122070312,77.48999786376953,77.44999694824219,75.1500015258789,EQUITY,LRCX"
"2025-01-30 14:30:00,77.58999633789062,82.08999633789062,79.75,80.7300033569336,EQUITY,LRCX"
"2025-01-31 14:30:00,80.8499984741211,84.22000122070312,81.08999633789062,81.05000305175781,EQUITY,LRCX"
"2025-02-03 14:30:00,78.5,81.55999755859375,78.97000122070312,80.19000244140625,EQUITY,LRCX"
"2025-02-04 14:30:00,78.97000122070312,80.58000183105469,79.0,79.91000366210938,EQUITY,LRCX"
"2025-02-05 14:30:00,78.62000274658203,82.11000061035156,79.0999984741211,81.94000244140625,EQUITY,LRCX"
"2025-02-06 14:30:00,80.93000030517578,83.05999755859375,81.1500015258789,82.83000183105469,EQUITY,LRCX"
"2025-02-07 14:30:00,81.79000091552734,83.51000213623047,83.19000244140625,82.33000183105469,EQUITY,LRCX"
"2025-02-10 14:30:00,82.55999755859375,84.66999816894531,83.55000305175781,83.7300033569336,EQUITY,LRCX"
"2025-02-11 14:30:00,82.9800033569336,84.5,83.05999755859375,83.26000213623047,EQUITY,LRCX"
"2025-02-12 14:30:00,80.48999786376953,82.13999938964844,81.27999877929688,81.56999969482422,EQUITY,LRCX"
"2025-02-13 14:30:00,81.44999694824219,83.66000366210938,81.58000183105469,83.30000305175781,EQUITY,LRCX"
"2025-02-14 14:30:00,81.72000122070312,83.61000061035156,82.6500015258789,82.75,EQUITY,LRCX"
"2025-02-18 14:30:00,83.37000274658203,86.80999755859375,84.91000366210938,86.58000183105469,EQUITY,LRCX"
"2025-02-19 14:30:00,85.75,89.80000305175781,86.30000305175781,87.66000366210938,EQUITY,LRCX"
"2025-02-20 14:30:00,88.55999755859375,91.72000122070312,89.9800033569336,89.0199966430664,EQUITY,LRCX"
"2025-02-21 14:30:00,85.72000122070312,90.22000122070312,89.63999938964844,86.0199966430664,EQUITY,LRCX"
"2025-02-24 14:30:00,83.22000122070312,86.70999908447266,86.44999694824219,83.33999633789062,EQUITY,LRCX"
"2025-02-25 14:30:00,79.93000030517578,83.69999694824219,83.05999755859375,80.29000091552734,EQUITY,LRCX"
"2025-02-26 14:30:00,80.6500015258789,82.93000030517578,81.69000244140625,81.30000305175781,EQUITY,LRCX"
"2025-02-27 14:30:00,76.04000091552734,82.16999816894531,81.6500015258789,76.16999816894531,EQUITY,LRCX"
"2025-02-28 14:30:00,75.37000274658203,78.18000030517578,76.75,76.73999786376953,EQUITY,LRCX"
"2025-03-03 14:30:00,74.55000305175781,79.75,77.94000244140625,75.77999877929688,EQUITY,LRCX"
"2025-03-04 14:30:00,74.08000183105469,78.47000122070312,76.02999877929688,76.44000244140625,EQUITY,LRCX"
"2025-03-05 14:30:00,75.5199966430664,79.41000366210938,76.76000213623047,79.05000305175781,EQUITY,LRCX"
"2025-03-06 14:30:00,75.86000061035156,78.56999969482422,77.12999725341797,76.47000122070312,EQUITY,LRCX"
"2025-03-07 14:30:00,75.33999633789062,79.48999786376953,76.6500015258789,79.01000213623047,EQUITY,LRCX"
"2025-03-10 13:30:00,72.69999694824219,77.37999725341797,76.9000015258789,73.80999755859375,EQUITY,LRCX"
"2025-03-11 13:30:00,72.44999694824219,75.38999938964844,74.08000183105469,73.36000061035156,EQUITY,LRCX"
"2025-03-12 13:30:00,75.16999816894531,77.66000366210938,75.30999755859375,76.58999633789062,EQUITY,LRCX"
"2025-03-13 13:30:00,74.55000305175781,77.2699966430664,76.11000061035156,75.26000213623047,EQUITY,LRCX"
"2025-03-14 13:30:00,76.5199966430664,79.08000183105469,76.76000213623047,78.69000244140625,EQUITY,LRCX"
"2025-03-17 13:30:00,77.11000061035156,79.13999938964844,77.11000061035156,78.30999755859375,EQUITY,LRCX"
"2025-03-18 13:30:00,76.16999816894531,77.83999633789062,77.4800033569336,77.36000061035156,EQUITY,LRCX"
"2025-03-19 13:30:00,76.86000061035156,79.4800033569336,77.37000274658203,77.93000030517578,EQUITY,LRCX"
"2025-03-20 13:30:00,76.44000244140625,78.0999984741211,76.69000244140625,77.55000305175781,EQUITY,LRCX"
"2025-03-21 13:30:00,75.2699966430664,76.37000274658203,76.0,75.83999633789062,EQUITY,LRCX"
"2025-03-24 13:30:00,77.37999725341797,78.77999877929688,77.73999786376953,77.98999786376953,EQUITY,LRCX"
"2025-03-25 13:30:00,77.47000122070312,78.37000274658203,77.8499984741211,77.66999816894531,EQUITY,LRCX"
"2025-03-26 13:30:00,75.12999725341797,77.86000061035156,77.75,76.13999938964844,EQUITY,LRCX"
"2025-03-27 13:30:00,74.3499984741211,76.06999969482422,75.88999938964844,74.80999755859375,EQUITY,LRCX"
"2025-03-28 13:30:00,72.2300033569336,75.30000305175781,74.62999725341797,72.61000061035156,EQUITY,LRCX"
"2025-03-31 13:30:00,70.44000244140625,72.8499984741211,71.5999984741211,72.69999694824219,EQUITY,LRCX"
"2025-04-01 13:30:00,70.75,72.8499984741211,72.04000091552734,72.83000183105469,EQUITY,LRCX"
"2025-04-02 13:30:00,71.55999755859375,74.80000305175781,71.72000122070312,73.77999877929688,EQUITY,LRCX"
"2025-04-03 13:30:00,65.11000061035156,70.55000305175781,70.22000122070312,65.22000122070312,EQUITY,LRCX"
"2025-04-04 13:30:00,57.970001220703125,63.06999969482422,62.5099983215332,59.09000015258789,EQUITY,LRCX"
"2025-04-07 13:30:00,56.31999969482422,66.0999984741211,57.91999816894531,62.20000076293945,EQUITY,LRCX"
"2025-04-08 13:30:00,58.7400016784668,66.11000061035156,64.6500015258789,60.25,EQUITY,LRCX"
"2025-04-09 13:30:00,59.91999816894531,71.87000274658203,60.689998626708984,71.11000061035156,EQUITY,LRCX"
"2025-04-10 13:30:00,63.27000045776367,68.0,68.0,66.43000030517578,EQUITY,LRCX"
"2025-04-11 13:30:00,64.58000183105469,67.95999908447266,65.69000244140625,67.4800033569336,EQUITY,LRCX"
"2025-04-14 13:30:00,66.91000366210938,69.36000061035156,68.63999938964844,67.86000061035156,EQUITY,LRCX"
"2025-04-15 13:30:00,67.94999694824219,69.54000091552734,68.08999633789062,68.44000244140625,EQUITY,LRCX"
"2025-04-16 13:30:00,62.95000076293945,66.81999969482422,65.23999786376953,65.13999938964844,EQUITY,LRCX"
"2025-04-17 13:30:00,63.47999954223633,65.37999725341797,65.33999633789062,63.7599983215332,EQUITY,LRCX"
"2025-04-21 13:30:00,61.13999938964844,62.66999816894531,62.36000061035156,62.38999938964844,EQUITY,LRCX"
"2025-04-22 13:30:00,62.560001373291016,64.0199966430664,62.970001220703125,63.47999954223633,EQUITY,LRCX"
"2025-04-23 13:30:00,66.33999633789062,68.01000213623047,66.80999755859375,66.7300033569336,EQUITY,LRCX"
"2025-04-24 13:30:00,67.55000305175781,71.20999908447266,69.66999816894531,70.9000015258789,EQUITY,LRCX"
"2025-04-25 13:30:00,70.29000091552734,72.29000091552734,70.33000183105469,71.41999816894531,EQUITY,LRCX"
"2025-04-28 13:30:00,70.04000091552734,71.94000244140625,70.94999694824219,71.56999969482422,EQUITY,LRCX"
"2025-04-29 13:30:00,70.22000122070312,71.66000366210938,70.88999938964844,70.9000015258789,EQUITY,LRCX"
"2025-04-30 13:30:00,68.52999877929688,71.83999633789062,68.88999938964844,71.66999816894531,EQUITY,LRCX"
"2025-05-01 13:30:00,71.4000015258789,73.52999877929688,72.18000030517578,71.7300033569336,EQUITY,LRCX"
"2025-05-02 13:30:00,73.69000244140625,75.48999786376953,74.25,74.5199966430664,EQUITY,LRCX"
"2025-05-05 13:30:00,73.77999877929688,74.9000015258789,73.87999725341797,73.91000366210938,EQUITY,LRCX"
"2025-05-06 13:30:00,72.58999633789062,73.87999725341797,72.58999633789062,73.16000366210938,EQUITY,LRCX"
"2025-05-07 13:30:00,72.91000366210938,75.30000305175781,73.44000244140625,75.05999755859375,EQUITY,LRCX"
"2025-05-08 13:30:00,74.81999969482422,76.41999816894531,76.0999984741211,74.9000015258789,EQUITY,LRCX"
"2025-05-09 13:30:00,74.6500015258789,76.30000305175781,75.69000244140625,75.36000061035156,EQUITY,LRCX"
"2025-05-12 13:30:00,80.66999816894531,82.55000305175781,80.66999816894531,82.25,EQUITY,LRCX"
"2025-05-13 13:30:00,82.25,85.77999877929688,82.36000061035156,85.25,EQUITY,LRCX"
"2025-05-14 13:30:00,84.33000183105469,86.04000091552734,85.13999938964844,84.97000122070312,EQUITY,LRCX"
"2025-05-15 13:30:00,83.5,85.26000213623047,84.2300033569336,84.79000091552734,EQUITY,LRCX"
"2025-05-16 13:30:00,82.52999877929688,84.45999908447266,84.41000366210938,84.43000030517578,EQUITY,LRCX"
"2025-05-19 13:30:00,82.54000091552734,84.44999694824219,82.69999694824219,83.81999969482422,EQUITY,LRCX"
"2025-05-20 13:30:00,83.05000305175781,84.3499984741211,83.52999877929688,84.29000091552734,EQUITY,LRCX"
"2025-05-21 13:30:00,82.2300033569336,84.77999877929688,83.20999908447266,82.79000091552734,EQUITY,LRCX"
"2025-05-22 13:30:00,82.05000305175781,83.81999969482422,82.63999938964844,82.55999755859375,EQUITY,LRCX"
"2025-05-23 13:30:00,79.77999877929688,81.38999938964844,80.12000274658203,81.05999755859375,EQUITY,LRCX"
"2025-05-27 13:30:00,82.30999755859375,84.12000274658203,83.04000091552734,83.94000244140625,EQUITY,LRCX"
"2025-05-28 13:30:00,83.58000183105469,85.02999877929688,83.9800033569336,84.0,EQUITY,LRCX"
"2025-05-29 13:30:00,83.61000061035156,86.26000213623047,85.8499984741211,84.16000366210938,EQUITY,LRCX"
"2025-05-30 13:30:00,79.48999786376953,83.80999755859375,83.66999816894531,80.79000091552734,EQUITY,LRCX"
"2025-06-02 13:30:00,80.43000030517578,82.52999877929688,80.58000183105469,82.4800033569336,EQUITY,LRCX"
"2025-06-03 13:30:00,81.94999694824219,84.01000213623047,82.06999969482422,83.66000366210938,EQUITY,LRCX"
"2025-06-04 13:30:00,83.48999786376953,85.04000091552734,84.20999908447266,84.7699966430664,EQUITY,LRCX"
"2025-06-05 13:30:00,84.33999633789062,86.33999633789062,85.5,84.91000366210938,EQUITY,LRCX"
"2025-06-06 13:30:00,85.86000061035156,87.58000183105469,86.26000213623047,86.3499984741211,EQUITY,LRCX"
"2025-06-09 13:30:00,87.0199966430664,89.33000183105469,87.0999984741211,88.30000305175781,EQUITY,LRCX"
"2025-06-10 13:30:00,88.33999633789062,91.37000274658203,88.79000091552734,91.0,EQUITY,LRCX"
"2025-06-11 13:30:00,89.87000274658203,91.98999786376953,91.38999938964844,90.94999694824219,EQUITY,LRCX"
"2025-06-12 13:30:00,90.48999786376953,91.9000015258789,90.62000274658203,91.66000366210938,EQUITY,LRCX"
"2025-06-13 13:30:00,88.18000030517578,91.2300033569336,88.7699966430664,89.5199966430664,EQUITY,LRCX"
"2025-06-16 13:30:00,90.86000061035156,93.58000183105469,90.94999694824219,93.41000366210938,EQUITY,LRCX"
"2025-06-17 13:30:00,92.55000305175781,95.0199966430664,93.33999633789062,92.66000366210938,EQUITY,LRCX"
"2025-06-18 13:30:00,91.80000305175781,93.5999984741211,93.05000305175781,92.23999786376953,EQUITY,LRCX"
"2025-06-20 13:30:00,87.75,93.43000030517578,93.05000305175781,90.48999786376953,EQUITY,LRCX"
"2025-06-23 13:30:00,90.29000091552734,92.76000213623047,91.37000274658203,91.61000061035156,EQUITY,LRCX"
"2025-06-24 13:30:00,93.2300033569336,95.7699966430664,93.2300033569336,95.62999725341797,EQUITY,LRCX"
"2025-06-25 13:30:00,95.31999969482422,97.37000274658203,96.25,96.0199966430664,EQUITY,LRCX"
"2025-06-26 13:30:00,95.83999633789062,96.93000030517578,96.27999877929688,96.83999633789062,EQUITY,LRCX"
"2025-06-27 13:30:00,96.38999938964844,98.0199966430664,97.04000091552734,97.19999694824219,EQUITY,LRCX"
"2025-06-30 13:30:00,96.8499984741211,97.66999816894531,97.55000305175781,97.33999633789062,EQUITY,LRCX"
"2025-07-01 13:30:00,94.48999786376953,97.31999969482422,96.58999633789062,96.80999755859375,EQUITY,LRCX"
"2025-07-02 13:30:00,95.19999694824219,98.94999694824219,95.8499984741211,98.83000183105469,EQUITY,LRCX"
"2025-07-03 13:30:00,98.66000366210938,99.5,98.83000183105469,98.80999755859375,EQUITY,LRCX"
"2025-07-07 13:30:00,97.70999908447266,98.91999816894531,98.36000061035156,98.13999938964844,EQUITY,LRCX"
"2025-07-08 13:30:00,98.22000122070312,100.29000091552734,98.83000183105469,99.83000183105469,EQUITY,LRCX"
"2025-07-09 13:30:00,98.91000366210938,101.08999633789062,99.80000305175781,99.80999755859375,EQUITY,LRCX"
"2025-07-10 13:30:00,100.18000030517578,101.6500015258789,100.91999816894531,101.05999755859375,EQUITY,LRCX"
"2025-07-11 13:30:00,100.2699966430664,102.02999877929688,100.33000183105469,101.7300033569336,EQUITY,LRCX"
"2025-07-14 13:30:00,98.77999877929688,101.0,100.56999969482422,99.62000274658203,EQUITY,LRCX"
"2025-07-15 13:30:00,100.61000061035156,102.19000244140625,101.54000091552734,101.06999969482422,EQUITY,LRCX"
"2025-07-16 13:30:00,96.19000244140625,100.41999816894531,97.72000122070312,100.37000274658203,EQUITY,LRCX"
"2025-07-17 13:30:00,98.26000213623047,101.37999725341797,99.45999908447266,100.79000091552734,EQUITY,LRCX"
"2025-07-18 13:30:00,100.36000061035156,101.7300033569336,101.23999786376953,100.66000366210938,EQUITY,LRCX"
"2025-07-21 13:30:00,100.7300033569336,102.58999633789062,100.87999725341797,101.73999786376953,EQUITY,LRCX"
"2025-07-22 13:30:00,97.04000091552734,101.12000274658203,101.0,97.69000244140625,EQUITY,LRCX"
"2025-07-23 13:30:00,96.4000015258789,98.37999725341797,98.26000213623047,97.0999984741211,EQUITY,LRCX"
"2025-07-24 13:30:00,97.02999877929688,98.62000274658203,97.56999969482422,97.77999877929688,EQUITY,LRCX"
"2025-07-25 13:30:00,96.31999969482422,97.33000183105469,96.69999694824219,96.95999908447266,EQUITY,LRCX"
"2025-07-28 13:30:00,97.91999816894531,99.52999877929688,98.9800033569336,98.62000274658203,EQUITY,LRCX"
"2025-07-29 13:30:00,98.02999877929688,100.22000122070312,99.38999938964844,98.94000244140625,EQUITY,LRCX"
"2025-07-30 13:30:00,97.94999694824219,100.6500015258789,99.5199966430664,99.08999633789062,EQUITY,LRCX"
"2025-07-31 13:30:00,90.94000244140625,95.62999725341797,91.0199966430664,94.83999633789062,EQUITY,LRCX"
"2025-08-01 13:30:00,92.47000122070312,96.66000366210938,92.70999908447266,96.37000274658203,EQUITY,LRCX"
"2025-08-04 13:30:00,96.63999938964844,98.80999755859375,97.43000030517578,98.41000366210938,EQUITY,LRCX"
"2025-08-05 13:30:00,95.62000274658203,99.3499984741211,98.77999877929688,96.68000030517578,EQUITY,LRCX"
"2025-08-06 13:30:00,94.2699966430664,96.47000122070312,96.30000305175781,95.94000244140625,EQUITY,LRCX"
"2025-08-07 13:30:00,97.97000122070312,100.19000244140625,98.5999984741211,99.1500015258789,EQUITY,LRCX"
"2025-08-08 13:30:00,98.98999786376953,102.2300033569336,99.1500015258789,101.75,EQUITY,LRCX"
"2025-08-11 13:30:00,101.70999908447266,104.1500015258789,103.9000015258789,102.0,EQUITY,LRCX"
"2025-08-12 13:30:00,101.38999938964844,105.63999938964844,102.6500015258789,105.27999877929688,EQUITY,LRCX"
"2025-08-13 13:30:00,105.44999694824219,107.48999786376953,106.5,106.73999786376953,EQUITY,LRCX"
"2025-08-14 13:30:00,105.58999633789062,108.0199966430664,106.19999694824219,107.37999725341797,EQUITY,LRCX"
"2025-08-15 13:30:00,99.26000213623047,105.88999938964844,104.68000030517578,99.51000213623047,EQUITY,LRCX"
"2025-08-18 13:30:00,98.4000015258789,99.80000305175781,99.0,98.87999725341797,EQUITY,LRCX"
"2025-08-19 13:30:00,98.19999694824219,100.62999725341797,98.83000183105469,100.33000183105469,EQUITY,LRCX"
"2025-08-20 13:30:00,97.31999969482422,101.0199966430664,100.98999786376953,99.1500015258789,EQUITY,LRCX"
"2025-08-21 13:30:00,97.13999938964844,99.8499984741211,98.76000213623047,98.41000366210938,EQUITY,LRCX"
"2025-08-22 13:30:00,98.58999633789062,102.55000305175781,99.05000305175781,100.08000183105469,EQUITY,LRCX"
"2025-08-25 13:30:00,99.9000015258789,101.75,99.9800033569336,101.27999877929688,EQUITY,LRCX"
"2025-08-26 13:30:00,101.0999984741211,103.98999786376953,101.30000305175781,103.62999725341797,EQUITY,LRCX"
"2025-08-27 13:30:00,102.37000274658203,103.77999877929688,103.16999816894531,103.66999816894531,EQUITY,LRCX"
"2025-08-28 13:30:00,102.95999908447266,104.9000015258789,104.0,104.08999633789062,EQUITY,LRCX"
"2025-08-29 13:30:00,98.80999755859375,102.69000244140625,101.91000366210938,100.1500015258789,EQUITY,LRCX"
"2025-09-02 13:30:00,94.11000061035156,97.2699966430664,95.7699966430664,97.02999877929688,EQUITY,LRCX"
"2025-09-03 13:30:00,96.44000244140625,97.86000061035156,97.02999877929688,97.73999786376953,EQUITY,LRCX"
"2025-09-04 13:30:00,97.16000366210938,101.11000061035156,97.66000366210938,100.41999816894531,EQUITY,LRCX"
"2025-09-05 13:30:00,100.68000030517578,103.01000213623047,101.69999694824219,102.94999694824219,EQUITY,LRCX"
"2025-09-08 13:30:00,104.4800033569336,106.37000274658203,105.01000213623047,105.06999969482422,EQUITY,LRCX"
"2025-09-09 13:30:00,104.45999908447266,105.81999969482422,104.91000366210938,105.56999969482422,EQUITY,LRCX"
"2025-09-10 13:30:00,104.61000061035156,107.77999877929688,106.69999694824219,107.36000061035156,EQUITY,LRCX"
"2025-09-11 13:30:00,108.29000091552734,115.9000015258789,108.3499984741211,115.58000183105469,EQUITY,LRCX"
"2025-09-12 13:30:00,115.87999725341797,117.5,115.91999816894531,116.95999908447266,EQUITY,LRCX"
"2025-09-15 13:30:00,117.02999877929688,119.33000183105469,117.80000305175781,119.20999908447266,EQUITY,LRCX"
"2025-09-16 13:30:00,118.66999816894531,120.97000122070312,119.9800033569336,120.47000122070312,EQUITY,LRCX"
"2025-09-17 13:30:00,119.51000213623047,123.27999877929688,120.81999969482422,121.9000015258789,EQUITY,LRCX"
"2025-09-18 13:30:00,125.04000091552734,128.6999969482422,126.55000305175781,126.31999969482422,EQUITY,LRCX"
"2025-09-19 13:30:00,125.0,127.80000305175781,126.36000061035156,126.91999816894531,EQUITY,LRCX"
"2025-09-22 13:30:00,129.16000366210938,132.6300048828125,129.8000030517578,132.1999969482422,EQUITY,LRCX"
"2025-09-23 13:30:00,129.36000061035156,133.57000732421875,129.75,131.92999267578125,EQUITY,LRCX"
"2025-09-24 13:30:00,127.0199966430664,130.22999572753906,130.0,128.32000732421875,EQUITY,LRCX"
"2025-09-25 13:30:00,125.0199966430664,129.05999755859375,126.44000244140625,128.1300048828125,EQUITY,LRCX"
"2025-09-26 13:30:00,126.37000274658203,128.75999450683594,127.94000244140625,128.3300018310547,EQUITY,LRCX"
"2025-09-29 13:30:00,131.02999877929688,133.36000061035156,133.0800018310547,131.08999633789062,EQUITY,LRCX"
"2025-09-30 13:30:00,130.80999755859375,134.2100067138672,131.35000610351562,133.89999389648438,EQUITY,LRCX"
"2025-10-01 13:30:00,131.94000244140625,143.08999633789062,132.41000366210938,142.7899932861328,EQUITY,LRCX"
"2025-10-02 13:30:00,143.7100067138672,147.35000610351562,146.97000122070312,146.99000549316406,EQUITY,LRCX"
"2025-10-03 13:30:00,144.60000610351562,147.91000366210938,145.82000732421875,145.80999755859375,EQUITY,LRCX"
"2025-10-06 13:30:00,149.1199951171875,153.6999969482422,149.89999389648438,149.14999389648438,EQUITY,LRCX"
"2025-10-07 13:30:00,139.5,149.36000061035156,149.22999572753906,140.35000610351562,EQUITY,LRCX"
"2025-10-08 13:30:00,137.61000061035156,142.8800048828125,137.91000366210938,142.5399932861328,EQUITY,LRCX"
"2025-10-09 13:30:00,140.5800018310547,142.86000061035156,141.75,141.0,EQUITY,LRCX"
"2025-10-10 13:30:00,131.02000427246094,141.8000030517578,140.60000610351562,131.3699951171875,EQUITY,LRCX"
"2024-09-09 13:30:00,98.9000015258789,100.1500015258789,99.26000213623047,99.58000183105469,EQUITY,EMR"
"2024-09-10 13:30:00,98.0999984741211,99.83000183105469,99.76000213623047,99.0999984741211,EQUITY,EMR"
"2024-09-11 13:30:00,96.62000274658203,100.06999969482422,98.87000274658203,99.91000366210938,EQUITY,EMR"
"2024-09-12 13:30:00,99.13999938964844,101.5999984741211,100.23999786376953,101.47000122070312,EQUITY,EMR"
"2024-09-13 13:30:00,101.52999877929688,102.7300033569336,102.0,102.02999877929688,EQUITY,EMR"
"2024-09-16 13:30:00,102.0199966430664,103.5,102.69000244140625,102.38999938964844,EQUITY,EMR"
"2024-09-17 13:30:00,102.80999755859375,104.58000183105469,102.80999755859375,103.9000015258789,EQUITY,EMR"
"2024-09-18 13:30:00,103.41000366210938,105.4000015258789,104.18000030517578,103.68000030517578,EQUITY,EMR"
"2024-09-19 13:30:00,105.0199966430664,106.25,106.05999755859375,105.91000366210938,EQUITY,EMR"
"2024-09-20 13:30:00,104.27999877929688,105.88999938964844,105.2300033569336,105.16000366210938,EQUITY,EMR"
"2024-09-23 13:30:00,104.55999755859375,106.45999908447266,105.73999786376953,105.05000305175781,EQUITY,EMR"
"2024-09-24 13:30:00,106.05000305175781,108.0,106.25,106.33999633789062,EQUITY,EMR"
"2024-09-25 13:30:00,104.30999755859375,106.94000244140625,106.37000274658203,104.4000015258789,EQUITY,EMR"
"2024-09-26 13:30:00,105.4800033569336,109.16000366210938,105.63999938964844,108.9000015258789,EQUITY,EMR"
"2024-09-27 13:30:00,108.87000274658203,110.45999908447266,109.47000122070312,109.22000122070312,EQUITY,EMR"
"2024-09-30 13:30:00,108.12000274658203,109.55999755859375,108.6500015258789,109.37000274658203,EQUITY,EMR"
"2024-10-01 13:30:00,108.51000213623047,110.23999786376953,109.19000244140625,109.26000213623047,EQUITY,EMR"
"2024-10-02 13:30:00,108.94999694824219,110.98999786376953,109.26000213623047,110.47000122070312,EQUITY,EMR"
"2024-10-03 13:30:00,108.94999694824219,110.31999969482422,110.01000213623047,109.62999725341797,EQUITY,EMR"
"2024-10-04 13:30:00,109.93000030517578,111.87999725341797,111.87999725341797,111.44000244140625,EQUITY,EMR"
"2024-10-07 13:30:00,110.3499984741211,112.7699966430664,110.66000366210938,112.5199966430664,EQUITY,EMR"
"2024-10-08 13:30:00,108.56999969482422,111.62000274658203,111.44999694824219,109.41999816894531,EQUITY,EMR"
"2024-10-09 13:30:00,109.5999984741211,111.1500015258789,109.91000366210938,110.87999725341797,EQUITY,EMR"
"2024-10-10 13:30:00,109.8499984741211,111.27999877929688,110.79000091552734,110.87999725341797,EQUITY,EMR"
"2024-10-11 13:30:00,110.95999908447266,112.70999908447266,110.95999908447266,112.05999755859375,EQUITY,EMR"
"2024-10-14 13:30:00,111.44999694824219,112.75,112.05999755859375,112.63999938964844,EQUITY,EMR"
"2024-10-15 13:30:00,109.1500015258789,112.73999786376953,112.22000122070312,109.25,EQUITY,EMR"
"2024-10-16 13:30:00,109.16999816894531,111.18000030517578,109.63999938964844,110.58999633789062,EQUITY,EMR"
"2024-10-17 13:30:00,109.87000274658203,111.2699966430664,111.2699966430664,110.44999694824219,EQUITY,EMR"
"2024-10-18 13:30:00,109.79000091552734,110.98999786376953,110.98999786376953,110.44000244140625,EQUITY,EMR"
"2024-10-21 13:30:00,109.5999984741211,110.80999755859375,110.51000213623047,110.41000366210938,EQUITY,EMR"
"2024-10-22 13:30:00,108.55000305175781,110.01000213623047,108.9000015258789,109.4800033569336,EQUITY,EMR"
"2024-10-23 13:30:00,107.91000366210938,109.58000183105469,108.72000122070312,108.51000213623047,EQUITY,EMR"
"2024-10-24 13:30:00,107.44999694824219,108.66999816894531,108.6500015258789,108.26000213623047,EQUITY,EMR"
"2024-10-25 13:30:00,107.97000122070312,109.08000183105469,108.66999816894531,108.12999725341797,EQUITY,EMR"
"2024-10-28 13:30:00,108.1500015258789,109.29000091552734,108.36000061035156,108.66000366210938,EQUITY,EMR"
"2024-10-29 13:30:00,107.77999877929688,109.66999816894531,108.26000213623047,108.91000366210938,EQUITY,EMR"
"2024-10-30 13:30:00,108.37000274658203,109.95999908447266,108.41000366210938,109.0199966430664,EQUITY,EMR"
"2024-10-31 13:30:00,107.81999969482422,109.44999694824219,108.54000091552734,108.2699966430664,EQUITY,EMR"
"2024-11-01 13:30:00,108.05000305175781,109.37000274658203,108.30000305175781,108.45999908447266,EQUITY,EMR"
"2024-11-04 14:30:00,107.45999908447266,110.76000213623047,107.75,109.80999755859375,EQUITY,EMR"
"2024-11-05 14:30:00,115.37999725341797,119.61000061035156,115.75,117.66999816894531,EQUITY,EMR"
"2024-11-06 14:30:00,123.12999725341797,127.73999786376953,126.47000122070312,126.86000061035156,EQUITY,EMR"
"2024-11-07 14:30:00,124.45999908447266,127.37999725341797,126.19999694824219,127.19000244140625,EQUITY,EMR"
"2024-11-08 14:30:00,126.31999969482422,128.55999755859375,126.31999969482422,127.26000213623047,EQUITY,EMR"
"2024-11-11 14:30:00,126.12000274658203,130.0,126.12000274658203,129.1999969482422,EQUITY,EMR"
"2024-11-12 14:30:00,127.47000122070312,130.3000030517578,129.17999267578125,128.39999389648438,EQUITY,EMR"
"2024-11-13 14:30:00,128.8000030517578,131.55999755859375,129.0,130.16000366210938,EQUITY,EMR"
"2024-11-14 14:30:00,128.9199981689453,130.75,129.77000427246094,129.0,EQUITY,EMR"
"2024-11-15 14:30:00,126.52999877929688,129.1199951171875,128.4600067138672,126.77999877929688,EQUITY,EMR"
"2024-11-18 14:30:00,126.83000183105469,129.47000122070312,126.93000030517578,129.16000366210938,EQUITY,EMR"
"2024-11-19 14:30:00,127.19999694824219,129.66000366210938,127.19999694824219,129.55999755859375,EQUITY,EMR"
"2024-11-20 14:30:00,128.49000549316406,130.57000732421875,130.10000610351562,129.10000610351562,EQUITY,EMR"
"2024-11-21 14:30:00,128.07000732421875,130.10000610351562,129.02999877929688,128.27000427246094,EQUITY,EMR"
"2024-11-22 14:30:00,128.2100067138672,130.60000610351562,128.69000244140625,130.07000732421875,EQUITY,EMR"
"2024-11-25 14:30:00,130.67999267578125,133.5399932861328,130.8000030517578,132.75,EQUITY,EMR"
"2024-11-26 14:30:00,132.3000030517578,134.1699981689453,132.9499969482422,133.0,EQUITY,EMR"
"2024-11-27 14:30:00,131.85000610351562,133.63999938964844,132.8699951171875,132.58999633789062,EQUITY,EMR"
"2024-11-29 14:30:00,132.2899932861328,133.5399932861328,132.8000030517578,132.60000610351562,EQUITY,EMR"
"2024-12-02 14:30:00,132.61000061035156,134.0500030517578,133.5,133.77000427246094,EQUITY,EMR"
"2024-12-03 14:30:00,131.0399932861328,133.91000366210938,133.67999267578125,133.39999389648438,EQUITY,EMR"
"2024-12-04 14:30:00,133.0500030517578,134.85000610351562,133.5399932861328,134.3300018310547,EQUITY,EMR"
"2024-12-05 14:30:00,132.75,134.4499969482422,134.16000366210938,133.14999389648438,EQUITY,EMR"
"2024-12-06 14:30:00,130.83999633789062,133.77000427246094,133.52999877929688,130.97999572753906,EQUITY,EMR"
"2024-12-09 14:30:00,130.32000732421875,132.7100067138672,131.27999877929688,130.42999267578125,EQUITY,EMR"
"2024-12-10 14:30:00,128.05999755859375,130.3800048828125,129.7100067138672,129.14999389648438,EQUITY,EMR"
"2024-12-11 14:30:00,129.88999938964844,131.2899932861328,130.55999755859375,130.8699951171875,EQUITY,EMR"
"2024-12-12 14:30:00,130.25,132.0,130.9199981689453,131.16000366210938,EQUITY,EMR"
"2024-12-13 14:30:00,129.64999389648438,131.94000244140625,131.36000061035156,130.1999969482422,EQUITY,EMR"
"2024-12-16 14:30:00,128.6999969482422,130.5800018310547,129.97999572753906,130.19000244140625,EQUITY,EMR"
"2024-12-17 14:30:00,127.54000091552734,130.42999267578125,129.69000244140625,128.0800018310547,EQUITY,EMR"
"2024-12-18 14:30:00,121.87999725341797,127.72000122070312,127.62999725341797,122.37999725341797,EQUITY,EMR"
"2024-12-19 14:30:00,122.1500015258789,125.37999725341797,124.22000122070312,122.3499984741211,EQUITY,EMR"
"2024-12-20 14:30:00,121.08999633789062,124.76000213623047,121.25,124.08999633789062,EQUITY,EMR"
"2024-12-23 14:30:00,122.58000183105469,124.41000366210938,123.80000305175781,123.93000030517578,EQUITY,EMR"
"2024-12-24 14:30:00,123.80999755859375,126.30000305175781,124.0999984741211,126.2300033569336,EQUITY,EMR"
"2024-12-26 14:30:00,125.22000122070312,126.83000183105469,126.11000061035156,126.38999938964844,EQUITY,EMR"
"2024-12-27 14:30:00,124.9000015258789,126.58000183105469,125.18000030517578,125.70999908447266,EQUITY,EMR"
"2024-12-30 14:30:00,122.98999786376953,124.97000122070312,124.19000244140625,124.26000213623047,EQUITY,EMR"
"2024-12-31 14:30:00,123.5,124.91000366210938,124.27999877929688,123.93000030517578,EQUITY,EMR"
"2025-01-02 14:30:00,121.23999786376953,125.5,125.4000015258789,122.18000030517578,EQUITY,EMR"
"2025-01-03 14:30:00,121.77999877929688,123.56999969482422,122.61000061035156,123.44000244140625,EQUITY,EMR"
"2025-01-06 14:30:00,121.75,124.61000061035156,124.12999725341797,122.08999633789062,EQUITY,EMR"
"2025-01-07 14:30:00,119.77999877929688,123.68000030517578,122.56999969482422,120.68000030517578,EQUITY,EMR"
"2025-01-08 14:30:00,118.58999633789062,120.5,120.5,120.30000305175781,EQUITY,EMR"
"2025-01-10 14:30:00,117.22000122070312,119.0999984741211,118.44000244140625,117.94000244140625,EQUITY,EMR"
"2025-01-13 14:30:00,116.5,118.5999984741211,116.7300033569336,118.47000122070312,EQUITY,EMR"
"2025-01-14 14:30:00,118.63999938964844,120.58999633789062,119.41000366210938,119.79000091552734,EQUITY,EMR"
"2025-01-15 14:30:00,120.0,122.5,122.06999969482422,120.72000122070312,EQUITY,EMR"
"2025-01-16 14:30:00,120.51000213623047,123.5,120.58000183105469,123.29000091552734,EQUITY,EMR"
"2025-01-17 14:30:00,123.69999694824219,125.41000366210938,124.5999984741211,124.52999877929688,EQUITY,EMR"
"2025-01-21 14:30:00,125.62999725341797,129.60000610351562,126.2300033569336,129.47999572753906,EQUITY,EMR"
"2025-01-22 14:30:00,129.8000030517578,131.6300048828125,131.1999969482422,129.94000244140625,EQUITY,EMR"
"2025-01-23 14:30:00,128.9199981689453,132.05999755859375,129.74000549316406,131.1699981689453,EQUITY,EMR"
"2025-01-24 14:30:00,130.22000122070312,131.80999755859375,131.33999633789062,130.60000610351562,EQUITY,EMR"
"2025-01-27 14:30:00,127.4000015258789,130.0,128.0,128.97999572753906,EQUITY,EMR"
"2025-01-28 14:30:00,127.30000305175781,130.75999450683594,129.61000061035156,130.0,EQUITY,EMR"
"2025-01-29 14:30:00,128.74000549316406,130.52999877929688,130.0,128.85000610351562,EQUITY,EMR"
"2025-01-30 14:30:00,129.0800018310547,131.7100067138672,129.6999969482422,130.44000244140625,EQUITY,EMR"
"2025-01-31 14:30:00,129.22999572753906,131.57000732421875,130.94000244140625,129.9499969482422,EQUITY,EMR"
"2025-02-03 14:30:00,126.23999786376953,129.08999633789062,126.87000274658203,127.8499984741211,EQUITY,EMR"
"2025-02-04 14:30:00,127.41000366210938,129.9499969482422,129.0500030517578,127.69000244140625,EQUITY,EMR"
"2025-02-05 14:30:00,122.37000274658203,127.05000305175781,127.02999877929688,124.76000213623047,EQUITY,EMR"
"2025-02-06 14:30:00,125.0199966430664,128.0,126.08000183105469,127.4800033569336,EQUITY,EMR"
"2025-02-07 14:30:00,123.79000091552734,128.24000549316406,128.24000549316406,124.37000274658203,EQUITY,EMR"
"2025-02-10 14:30:00,124.8499984741211,126.80000305175781,125.62000274658203,126.75,EQUITY,EMR"
"2025-02-11 14:30:00,125.5,127.08000183105469,126.1500015258789,126.91000366210938,EQUITY,EMR"
"2025-02-12 14:30:00,123.9000015258789,125.62000274658203,124.70999908447266,124.5,EQUITY,EMR"
"2025-02-13 14:30:00,123.93000030517578,125.3499984741211,124.5199966430664,125.30000305175781,EQUITY,EMR"
"2025-02-14 14:30:00,123.08000183105469,125.5,125.2699966430664,123.33999633789062,EQUITY,EMR"
"2025-02-18 14:30:00,123.58000183105469,125.69000244140625,124.30000305175781,125.01000213623047,EQUITY,EMR"
"2025-02-19 14:30:00,122.94000244140625,124.55000305175781,124.30000305175781,124.43000030517578,EQUITY,EMR"
"2025-02-20 14:30:00,122.95999908447266,124.80000305175781,124.44999694824219,124.75,EQUITY,EMR"
"2025-02-21 14:30:00,120.88999938964844,125.22000122070312,124.94999694824219,121.8499984741211,EQUITY,EMR"
"2025-02-24 14:30:00,119.88999938964844,122.27999877929688,122.02999877929688,120.68000030517578,EQUITY,EMR"
"2025-02-25 14:30:00,118.2300033569336,120.97000122070312,119.47000122070312,119.72000122070312,EQUITY,EMR"
"2025-02-26 14:30:00,119.63999938964844,121.4000015258789,120.58000183105469,119.86000061035156,EQUITY,EMR"
"2025-02-27 14:30:00,119.88999938964844,122.12999725341797,120.37000274658203,120.0,EQUITY,EMR"
"2025-02-28 14:30:00,119.12000274658203,121.83000183105469,120.13999938964844,121.61000061035156,EQUITY,EMR"
"2025-03-03 14:30:00,116.4000015258789,123.02999877929688,122.83999633789062,117.16999816894531,EQUITY,EMR"
"2025-03-04 14:30:00,112.62999725341797,116.66999816894531,115.12000274658203,114.02999877929688,EQUITY,EMR"
"2025-03-05 14:30:00,113.69000244140625,116.5999984741211,114.73999786376953,115.83999633789062,EQUITY,EMR"
"2025-03-06 14:30:00,113.58999633789062,116.87000274658203,114.5199966430664,116.33999633789062,EQUITY,EMR"
"2025-03-07 14:30:00,114.94000244140625,118.9000015258789,115.33000183105469,118.61000061035156,EQUITY,EMR"
"2025-03-10 13:30:00,110.80000305175781,115.1500015258789,113.0999984741211,111.83000183105469,EQUITY,EMR"
"2025-03-11 13:30:00,109.0199966430664,112.23999786376953,112.12999725341797,110.72000122070312,EQUITY,EMR"
"2025-03-12 13:30:00,110.4000015258789,113.0,112.45999908447266,110.83999633789062,EQUITY,EMR"
"2025-03-13 13:30:00,108.68000030517578,111.58000183105469,110.55999755859375,109.19999694824219,EQUITY,EMR"
"2025-03-14 13:30:00,110.02999877929688,112.1500015258789,110.9000015258789,111.93000030517578,EQUITY,EMR"
"2025-03-17 13:30:00,111.41000366210938,114.31999969482422,112.0999984741211,113.58999633789062,EQUITY,EMR"
"2025-03-18 13:30:00,111.04000091552734,113.30999755859375,112.8499984741211,111.8499984741211,EQUITY,EMR"
"2025-03-19 13:30:00,110.9000015258789,112.94999694824219,111.88999938964844,112.38999938964844,EQUITY,EMR"
"2025-03-20 13:30:00,109.72000122070312,112.20999908447266,110.87000274658203,111.80000305175781,EQUITY,EMR"
"2025-03-21 13:30:00,109.93000030517578,113.12999725341797,110.66000366210938,113.11000061035156,EQUITY,EMR"
"2025-03-24 13:30:00,114.30000305175781,115.69999694824219,114.58999633789062,115.37000274658203,EQUITY,EMR"
"2025-03-25 13:30:00,114.58000183105469,116.25,115.61000061035156,115.30000305175781,EQUITY,EMR"
"2025-03-26 13:30:00,113.02999877929688,116.11000061035156,115.0,113.58999633789062,EQUITY,EMR"
"2025-03-27 13:30:00,111.31999969482422,113.61000061035156,113.5999984741211,112.08000183105469,EQUITY,EMR"
"2025-03-28 13:30:00,108.0999984741211,111.8499984741211,111.56999969482422,108.63999938964844,EQUITY,EMR"
"2025-03-31 13:30:00,106.5,110.25,107.97000122070312,109.63999938964844,EQUITY,EMR"
"2025-04-01 13:30:00,108.18000030517578,110.4000015258789,109.3499984741211,110.0,EQUITY,EMR"
"2025-04-02 13:30:00,108.26000213623047,111.98999786376953,108.33999633789062,111.54000091552734,EQUITY,EMR"
"2025-04-03 13:30:00,101.44999694824219,107.22000122070312,105.98999786376953,101.88999938964844,EQUITY,EMR"
"2025-04-04 13:30:00,92.2300033569336,97.30999755859375,97.05000305175781,94.56999969482422,EQUITY,EMR"
"2025-04-07 13:30:00,90.05999755859375,99.91000366210938,94.0,96.97000122070312,EQUITY,EMR"
"2025-04-08 13:30:00,91.94000244140625,100.44999694824219,99.88999938964844,94.1500015258789,EQUITY,EMR"
"2025-04-09 13:30:00,92.36000061035156,105.06999969482422,93.29000091552734,104.43000030517578,EQUITY,EMR"
"2025-04-10 13:30:00,96.01000213623047,102.31999969482422,101.52999877929688,99.7300033569336,EQUITY,EMR"
"2025-04-11 13:30:00,97.61000061035156,101.3499984741211,99.19000244140625,100.48999786376953,EQUITY,EMR"
"2025-04-14 13:30:00,99.73999786376953,102.16000366210938,102.16000366210938,101.04000091552734,EQUITY,EMR"
"2025-04-15 13:30:00,99.87999725341797,101.63999938964844,100.86000061035156,100.44000244140625,EQUITY,EMR"
"2025-04-16 13:30:00,97.72000122070312,100.36000061035156,99.5199966430664,98.66999816894531,EQUITY,EMR"
"2025-04-17 13:30:00,99.19999694824219,101.05000305175781,99.19999694824219,99.56999969482422,EQUITY,EMR"
"2025-04-21 13:30:00,95.30999755859375,98.54000091552734,97.88999938964844,96.41999816894531,EQUITY,EMR"
"2025-04-22 13:30:00,97.61000061035156,100.11000061035156,97.6500015258789,99.79000091552734,EQUITY,EMR"
"2025-04-23 13:30:00,100.79000091552734,106.79000091552734,103.30999755859375,101.06999969482422,EQUITY,EMR"
"2025-04-24 13:30:00,100.69000244140625,105.23999786376953,101.05000305175781,105.05000305175781,EQUITY,EMR"
"2025-04-25 13:30:00,104.5199966430664,105.97000122070312,104.62000274658203,105.27999877929688,EQUITY,EMR"
"2025-04-28 13:30:00,103.41999816894531,106.30000305175781,105.12000274658203,104.5,EQUITY,EMR"
"2025-04-29 13:30:00,103.80000305175781,105.4000015258789,104.30999755859375,105.08999633789062,EQUITY,EMR"
"2025-04-30 13:30:00,102.83999633789062,105.33000183105469,103.88999938964844,105.11000061035156,EQUITY,EMR"
"2025-05-01 13:30:00,104.5199966430664,107.0199966430664,105.63999938964844,105.80999755859375,EQUITY,EMR"
"2025-05-02 13:30:00,106.51000213623047,109.38999938964844,108.0,108.31999969482422,EQUITY,EMR"
"2025-05-05 13:30:00,106.73999786376953,109.25,107.0999984741211,108.37999725341797,EQUITY,EMR"
"2025-05-06 13:30:00,106.52999877929688,108.55999755859375,107.05999755859375,107.2699966430664,EQUITY,EMR"
"2025-05-07 13:30:00,108.37000274658203,115.0,114.95999908447266,109.86000061035156,EQUITY,EMR"
"2025-05-08 13:30:00,109.52999877929688,113.44000244140625,110.5199966430664,112.37999725341797,EQUITY,EMR"
"2025-05-09 13:30:00,112.0,113.54000091552734,113.26000213623047,112.55000305175781,EQUITY,EMR"
"2025-05-12 13:30:00,117.01000213623047,120.13999938964844,118.7300033569336,119.41000366210938,EQUITY,EMR"
"2025-05-13 13:30:00,119.0199966430664,122.62000274658203,119.8499984741211,121.48999786376953,EQUITY,EMR"
"2025-05-14 13:30:00,121.0999984741211,122.23999786376953,121.3499984741211,121.47000122070312,EQUITY,EMR"
"2025-05-15 13:30:00,119.58999633789062,121.25,120.93000030517578,120.25,EQUITY,EMR"
"2025-05-16 13:30:00,119.30999755859375,120.70999908447266,120.19999694824219,120.61000061035156,EQUITY,EMR"
"2025-05-19 13:30:00,118.7699966430664,120.12000274658203,118.91999816894531,119.58000183105469,EQUITY,EMR"
"2025-05-20 13:30:00,117.45999908447266,119.37999725341797,118.68000030517578,117.98999786376953,EQUITY,EMR"
"2025-05-21 13:30:00,116.0999984741211,118.5199966430664,117.06999969482422,116.1500015258789,EQUITY,EMR"
"2025-05-22 13:30:00,114.83000183105469,118.25,115.79000091552734,117.3499984741211,EQUITY,EMR"
"2025-05-23 13:30:00,114.91000366210938,118.44000244140625,114.94999694824219,118.23999786376953,EQUITY,EMR"
"2025-05-27 13:30:00,118.87000274658203,121.0199966430664,119.97000122070312,120.97000122070312,EQUITY,EMR"
"2025-05-28 13:30:00,119.37999725341797,121.48999786376953,121.25,119.73999786376953,EQUITY,EMR"
"2025-05-29 13:30:00,118.87000274658203,120.62000274658203,120.4800033569336,119.91999816894531,EQUITY,EMR"
"2025-05-30 13:30:00,118.16000366210938,119.6500015258789,119.44999694824219,119.37999725341797,EQUITY,EMR"
"2025-06-02 13:30:00,117.16000366210938,119.16000366210938,119.01000213623047,118.86000061035156,EQUITY,EMR"
"2025-06-03 13:30:00,118.4800033569336,121.02999877929688,118.94999694824219,120.38999938964844,EQUITY,EMR"
"2025-06-04 13:30:00,120.47000122070312,122.16999816894531,121.0,121.61000061035156,EQUITY,EMR"
"2025-06-05 13:30:00,121.55999755859375,123.66999816894531,122.37999725341797,122.5,EQUITY,EMR"
"2025-06-06 13:30:00,122.11000061035156,124.44999694824219,124.06999969482422,123.51000213623047,EQUITY,EMR"
"2025-06-09 13:30:00,124.0,126.4800033569336,124.18000030517578,125.5999984741211,EQUITY,EMR"
"2025-06-10 13:30:00,125.16999816894531,127.08000183105469,125.75,126.94000244140625,EQUITY,EMR"
"2025-06-11 13:30:00,125.70999908447266,128.0,126.44999694824219,126.48999786376953,EQUITY,EMR"
"2025-06-12 13:30:00,124.75,126.86000061035156,125.44000244140625,126.72000122070312,EQUITY,EMR"
"2025-06-13 13:30:00,125.25,126.94000244140625,125.91000366210938,125.54000091552734,EQUITY,EMR"
"2025-06-16 13:30:00,126.44999694824219,128.92999267578125,127.26000213623047,128.67999267578125,EQUITY,EMR"
"2025-06-17 13:30:00,127.3499984741211,128.8699951171875,128.1300048828125,127.37000274658203,EQUITY,EMR"
"2025-06-18 13:30:00,127.0199966430664,130.07000732421875,127.16999816894531,128.66000366210938,EQUITY,EMR"
"2025-06-20 13:30:00,127.8499984741211,129.83999633789062,129.4499969482422,128.3300018310547,EQUITY,EMR"
"2025-06-23 13:30:00,126.80000305175781,129.57000732421875,128.61000061035156,129.41000366210938,EQUITY,EMR"
"2025-06-24 13:30:00,129.63999938964844,131.3300018310547,130.2899932861328,130.72999572753906,EQUITY,EMR"
"2025-06-25 13:30:00,129.02999877929688,130.99000549316406,130.94000244140625,129.44000244140625,EQUITY,EMR"
"2025-06-26 13:30:00,130.02000427246094,133.00999450683594,130.25999450683594,132.72999572753906,EQUITY,EMR"
"2025-06-27 13:30:00,132.3300018310547,134.14999389648438,133.41000366210938,133.1699981689453,EQUITY,EMR"
"2025-06-30 13:30:00,132.47000122070312,133.55999755859375,133.33999633789062,133.3300018310547,EQUITY,EMR"
"2025-07-01 13:30:00,132.60000610351562,135.9600067138672,132.94000244140625,135.50999450683594,EQUITY,EMR"
"2025-07-02 13:30:00,134.66000366210938,138.1199951171875,135.8699951171875,137.7899932861328,EQUITY,EMR"
"2025-07-03 13:30:00,137.86000061035156,139.89999389648438,138.11000061035156,139.75999450683594,EQUITY,EMR"
"2025-07-07 13:30:00,137.5,139.66000366210938,139.07000732421875,138.39999389648438,EQUITY,EMR"
"2025-07-08 13:30:00,138.32000732421875,139.64999389648438,138.89999389648438,138.72999572753906,EQUITY,EMR"
"2025-07-09 13:30:00,138.02000427246094,139.91000366210938,139.6999969482422,139.8000030517578,EQUITY,EMR"
"2025-07-10 13:30:00,139.58999633789062,142.32000732421875,140.0,140.6699981689453,EQUITY,EMR"
"2025-07-11 13:30:00,139.07000732421875,140.6199951171875,139.63999938964844,140.10000610351562,EQUITY,EMR"
"2025-07-14 13:30:00,138.9199981689453,140.07000732421875,139.60000610351562,139.89999389648438,EQUITY,EMR"
"2025-07-15 13:30:00,139.27999877929688,141.10000610351562,140.83999633789062,139.69000244140625,EQUITY,EMR"
"2025-07-16 13:30:00,138.42999267578125,140.86000061035156,140.0500030517578,140.3000030517578,EQUITY,EMR"
"2025-07-17 13:30:00,140.5,144.55999755859375,141.0,144.38999938964844,EQUITY,EMR"
"2025-07-18 13:30:00,143.5,145.27999877929688,144.97000122070312,144.22999572753906,EQUITY,EMR"
"2025-07-21 13:30:00,142.86000061035156,144.94000244140625,144.94000244140625,142.91000366210938,EQUITY,EMR"
"2025-07-22 13:30:00,141.89999389648438,144.94000244140625,143.0399932861328,144.33999633789062,EQUITY,EMR"
"2025-07-23 13:30:00,145.1699981689453,147.02000427246094,145.5399932861328,146.8800048828125,EQUITY,EMR"
"2025-07-24 13:30:00,146.19000244140625,147.57000732421875,146.77999877929688,146.82000732421875,EQUITY,EMR"
"2025-07-25 13:30:00,146.58999633789062,149.83999633789062,147.49000549316406,149.6300048828125,EQUITY,EMR"
"2025-07-28 13:30:00,148.75999450683594,149.8300018310547,149.50999450683594,149.47999572753906,EQUITY,EMR"
"2025-07-29 13:30:00,146.13999938964844,150.27000427246094,150.0,147.61000061035156,EQUITY,EMR"
"2025-07-30 13:30:00,145.22999572753906,147.64999389648438,147.64999389648438,146.05999755859375,EQUITY,EMR"
"2025-07-31 13:30:00,144.9499969482422,147.25,146.16000366210938,145.50999450683594,EQUITY,EMR"
"2025-08-01 13:30:00,139.82000732421875,142.47999572753906,142.11000061035156,141.77999877929688,EQUITY,EMR"
"2025-08-04 13:30:00,141.61000061035156,143.13999938964844,142.49000549316406,142.6199951171875,EQUITY,EMR"
"2025-08-05 13:30:00,139.3699951171875,143.13999938964844,142.60000610351562,140.57000732421875,EQUITY,EMR"
"2025-08-06 13:30:00,123.70999908447266,134.38999938964844,130.7899932861328,133.92999267578125,EQUITY,EMR"
"2025-08-07 13:30:00,131.0,135.99000549316406,135.75,132.8300018310547,EQUITY,EMR"
"2025-08-08 13:30:00,131.8000030517578,134.1699981689453,133.2100067138672,132.74000549316406,EQUITY,EMR"
"2025-08-11 13:30:00,131.72999572753906,133.32000732421875,132.97999572753906,131.9600067138672,EQUITY,EMR"
"2025-08-12 13:30:00,131.13999938964844,133.36000061035156,132.1999969482422,132.9499969482422,EQUITY,EMR"
"2025-08-13 13:30:00,133.02999877929688,135.13999938964844,133.5,135.0,EQUITY,EMR"
"2025-08-14 13:30:00,132.86000061035156,135.05999755859375,134.25999450683594,134.3699951171875,EQUITY,EMR"
"2025-08-15 13:30:00,131.44000244140625,133.99000549316406,133.9199981689453,131.75,EQUITY,EMR"
"2025-08-18 13:30:00,130.6699981689453,132.33999633789062,131.02999877929688,131.8300018310547,EQUITY,EMR"
"2025-08-19 13:30:00,130.5500030517578,132.8300018310547,132.0,131.58999633789062,EQUITY,EMR"
"2025-08-20 13:30:00,130.14999389648438,132.02999877929688,131.24000549316406,130.88999938964844,EQUITY,EMR"
"2025-08-21 13:30:00,129.89999389648438,131.32000732421875,130.41000366210938,130.08999633789062,EQUITY,EMR"
"2025-08-22 13:30:00,130.22000122070312,134.5399932861328,130.94000244140625,133.77000427246094,EQUITY,EMR"
"2025-08-25 13:30:00,132.3800048828125,134.13999938964844,133.77999877929688,132.3800048828125,EQUITY,EMR"
"2025-08-26 13:30:00,132.24000549316406,133.50999450683594,132.35000610351562,133.35000610351562,EQUITY,EMR"
"2025-08-27 13:30:00,132.5500030517578,133.80999755859375,132.97000122070312,133.4499969482422,EQUITY,EMR"
"2025-08-28 13:30:00,133.77000427246094,135.08999633789062,134.0,134.5500030517578,EQUITY,EMR"
"2025-08-29 13:30:00,131.6300048828125,134.64999389648438,133.72000122070312,132.0,EQUITY,EMR"
"2025-09-02 13:30:00,129.0800018310547,131.41000366210938,130.27000427246094,131.3800048828125,EQUITY,EMR"
"2025-09-03 13:30:00,128.63999938964844,131.35000610351562,131.35000610351562,129.5,EQUITY,EMR"
"2025-09-04 13:30:00,129.57000732421875,133.13999938964844,129.9499969482422,133.10000610351562,EQUITY,EMR"
"2025-09-05 13:30:00,130.8000030517578,134.47000122070312,133.5800018310547,132.5500030517578,EQUITY,EMR"
"2025-09-08 13:30:00,131.64999389648438,133.82000732421875,133.1699981689453,132.72999572753906,EQUITY,EMR"
"2025-09-09 13:30:00,131.64999389648438,132.7899932861328,132.6199951171875,132.0500030517578,EQUITY,EMR"
"2025-09-10 13:30:00,132.41000366210938,135.4600067138672,132.66000366210938,133.6699981689453,EQUITY,EMR"
"2025-09-11 13:30:00,133.14999389648438,137.67999267578125,134.00999450683594,137.47000122070312,EQUITY,EMR"
"2025-09-12 13:30:00,135.02999877929688,137.5399932861328,137.35000610351562,135.10000610351562,EQUITY,EMR"
"2025-09-15 13:30:00,134.7899932861328,136.6199951171875,136.00999450683594,135.66000366210938,EQUITY,EMR"
"2025-09-16 13:30:00,128.0,132.8699951171875,131.5800018310547,129.02999877929688,EQUITY,EMR"
"2025-09-17 13:30:00,129.2100067138672,132.52000427246094,129.52000427246094,131.0,EQUITY,EMR"
"2025-09-18 13:30:00,130.82000732421875,132.5500030517578,131.55999755859375,131.91000366210938,EQUITY,EMR"
"2025-09-19 13:30:00,130.8300018310547,132.66000366210938,132.1300048828125,132.33999633789062,EQUITY,EMR"
"2025-09-22 13:30:00,131.77999877929688,134.0,132.47000122070312,132.83999633789062,EQUITY,EMR"
"2025-09-23 13:30:00,130.6699981689453,133.5500030517578,133.38999938964844,131.4600067138672,EQUITY,EMR"
"2025-09-24 13:30:00,130.85000610351562,133.24000549316406,132.8800048828125,131.9199981689453,EQUITY,EMR"
"2025-09-25 13:30:00,129.33999633789062,130.69000244140625,130.0800018310547,130.11000061035156,EQUITY,EMR"
"2025-09-26 13:30:00,126.55000305175781,131.10000610351562,130.4600067138672,128.60000610351562,EQUITY,EMR"
"2025-09-29 13:30:00,128.52000427246094,130.1199951171875,129.52000427246094,129.25,EQUITY,EMR"
"2025-09-30 13:30:00,128.91000366210938,131.27000427246094,129.25999450683594,131.17999267578125,EQUITY,EMR"
"2025-10-01 13:30:00,129.57000732421875,131.6300048828125,129.9499969482422,131.19000244140625,EQUITY,EMR"
"2025-10-02 13:30:00,131.22999572753906,133.33999633789062,132.24000549316406,133.0500030517578,EQUITY,EMR"
"2025-10-03 13:30:00,133.14999389648438,135.8000030517578,133.27000427246094,134.75999450683594,EQUITY,EMR"
"2025-10-06 13:30:00,132.7899932861328,135.49000549316406,133.1999969482422,134.77000427246094,EQUITY,EMR"
"2025-10-07 13:30:00,130.88999938964844,135.77000427246094,135.77000427246094,131.49000549316406,EQUITY,EMR"
"2025-10-08 13:30:00,130.85000610351562,134.0399932861328,132.22000122070312,132.94000244140625,EQUITY,EMR"
"2025-10-09 13:30:00,130.82000732421875,134.22999572753906,133.4499969482422,131.52999877929688,EQUITY,EMR"
"2025-10-10 13:30:00,125.88999938964844,132.39999389648438,132.10000610351562,126.01000213623047,EQUITY,EMR"
"2024-09-09 13:30:00,42.869998931884766,43.40999984741211,42.90999984741211,43.25,ETF,GDXJ"
"2024-09-10 13:30:00,42.95000076293945,44.130001068115234,43.43000030517578,44.099998474121094,ETF,GDXJ"
"2024-09-11 13:30:00,43.29999923706055,44.66999816894531,43.939998626708984,44.630001068115234,ETF,GDXJ"
"2024-09-12 13:30:00,45.40999984741211,47.88999938964844,45.599998474121094,47.59000015258789,ETF,GDXJ"
"2024-09-13 13:30:00,48.45000076293945,49.22999954223633,48.63999938964844,48.97999954223633,ETF,GDXJ"
"2024-09-16 13:30:00,48.599998474121094,49.40999984741211,48.90999984741211,48.9900016784668,ETF,GDXJ"
"2024-09-17 13:30:00,48.31999969482422,49.2599983215332,48.77000045776367,48.400001525878906,ETF,GDXJ"
"2024-09-18 13:30:00,47.5,50.36000061035156,48.90999984741211,47.58000183105469,ETF,GDXJ"
"2024-09-19 13:30:00,48.279998779296875,49.279998779296875,49.209999084472656,48.709999084472656,ETF,GDXJ"
"2024-09-20 13:30:00,49.09000015258789,49.9900016784668,49.459999084472656,49.709999084472656,ETF,GDXJ"
"2024-09-23 13:30:00,49.18000030517578,50.47999954223633,49.7599983215332,49.20000076293945,ETF,GDXJ"
"2024-09-24 13:30:00,49.439998626708984,51.25,49.900001525878906,51.119998931884766,ETF,GDXJ"
"2024-09-25 13:30:00,50.43000030517578,51.279998779296875,50.900001525878906,50.529998779296875,ETF,GDXJ"
"2024-09-26 13:30:00,50.709999084472656,51.7400016784668,51.310001373291016,51.189998626708984,ETF,GDXJ"
"2024-09-27 13:30:00,49.41999816894531,51.36000061035156,51.150001525878906,49.619998931884766,ETF,GDXJ"
"2024-09-30 13:30:00,48.25,49.47999954223633,49.349998474121094,48.810001373291016,ETF,GDXJ"
"2024-10-01 13:30:00,49.0,50.130001068115234,49.529998779296875,49.7599983215332,ETF,GDXJ"
"2024-10-02 13:30:00,48.9900016784668,50.060001373291016,49.709999084472656,49.5,ETF,GDXJ"
"2024-10-03 13:30:00,48.099998474121094,48.849998474121094,48.75,48.52000045776367,ETF,GDXJ"
"2024-10-04 13:30:00,48.34000015258789,49.81999969482422,48.630001068115234,48.63999938964844,ETF,GDXJ"
"2024-10-07 13:30:00,47.45000076293945,48.22999954223633,48.20000076293945,47.779998779296875,ETF,GDXJ"
"2024-10-08 13:30:00,46.84000015258789,47.86000061035156,47.54999923706055,47.77000045776367,ETF,GDXJ"
"2024-10-09 13:30:00,46.709999084472656,47.560001373291016,47.2599983215332,47.5099983215332,ETF,GDXJ"
"2024-10-10 13:30:00,47.52000045776367,49.380001068115234,47.619998931884766,49.27000045776367,ETF,GDXJ"
"2024-10-11 13:30:00,49.470001220703125,50.130001068115234,49.54999923706055,49.529998779296875,ETF,GDXJ"
"2024-10-14 13:30:00,49.0,49.90999984741211,49.5,49.599998474121094,ETF,GDXJ"
"2024-10-15 13:30:00,49.33000183105469,50.34000015258789,49.689998626708984,50.310001373291016,ETF,GDXJ"
"2024-10-16 13:30:00,50.68000030517578,51.7400016784668,51.02000045776367,50.7400016784668,ETF,GDXJ"
"2024-10-17 13:30:00,50.959999084472656,51.95000076293945,51.38999938964844,51.349998474121094,ETF,GDXJ"
"2024-10-18 13:30:00,51.91999816894531,54.099998474121094,52.06999969482422,53.869998931884766,ETF,GDXJ"
"2024-10-21 13:30:00,53.90999984741211,55.25,55.0,54.04999923706055,ETF,GDXJ"
"2024-10-22 13:30:00,54.83000183105469,55.58000183105469,54.95000076293945,55.349998474121094,ETF,GDXJ"
"2024-10-23 13:30:00,53.47999954223633,54.68000030517578,54.619998931884766,54.06999969482422,ETF,GDXJ"
"2024-10-24 13:30:00,52.7400016784668,54.79999923706055,54.790000915527344,53.779998779296875,ETF,GDXJ"
"2024-10-25 13:30:00,52.68000030517578,53.970001220703125,53.68000030517578,52.869998931884766,ETF,GDXJ"
"2024-10-28 13:30:00,52.540000915527344,53.150001525878906,52.810001373291016,52.63999938964844,ETF,GDXJ"
"2024-10-29 13:30:00,52.90999984741211,53.869998931884766,53.13999938964844,53.77000045776367,ETF,GDXJ"
"2024-10-30 13:30:00,52.22999954223633,53.68000030517578,53.65999984741211,53.02000045776367,ETF,GDXJ"
"2024-10-31 13:30:00,50.72999954223633,52.27000045776367,52.18000030517578,51.58000183105469,ETF,GDXJ"
"2024-11-01 13:30:00,50.79999923706055,52.18000030517578,51.84000015258789,50.84000015258789,ETF,GDXJ"
"2024-11-04 14:30:00,50.5099983215332,51.560001373291016,51.38999938964844,50.650001525878906,ETF,GDXJ"
"2024-11-05 14:30:00,50.470001220703125,51.619998931884766,51.16999816894531,50.7400016784668,ETF,GDXJ"
"2024-11-06 14:30:00,47.65999984741211,49.59000015258789,48.209999084472656,49.0,ETF,GDXJ"
"2024-11-07 14:30:00,48.97999954223633,50.56999969482422,49.36000061035156,50.31999969482422,ETF,GDXJ"
"2024-11-08 14:30:00,48.86000061035156,50.060001373291016,49.93000030517578,49.52000045776367,ETF,GDXJ"
"2024-11-11 14:30:00,45.90999984741211,48.11000061035156,47.65999984741211,46.869998931884766,ETF,GDXJ"
"2024-11-12 14:30:00,45.40999984741211,46.68000030517578,46.529998779296875,45.97999954223633,ETF,GDXJ"
"2024-11-13 14:30:00,45.099998474121094,46.81999969482422,46.70000076293945,45.130001068115234,ETF,GDXJ"
"2024-11-14 14:30:00,44.7599983215332,45.709999084472656,44.869998931884766,45.36000061035156,ETF,GDXJ"
"2024-11-15 14:30:00,45.0,46.15999984741211,45.59000015258789,45.11000061035156,ETF,GDXJ"
"2024-11-18 14:30:00,46.540000915527344,47.88999938964844,46.540000915527344,47.33000183105469,ETF,GDXJ"
"2024-11-19 14:30:00,47.209999084472656,48.220001220703125,48.0,48.18000030517578,ETF,GDXJ"
"2024-11-20 14:30:00,47.47999954223633,48.0099983215332,47.869998931884766,47.66999816894531,ETF,GDXJ"
"2024-11-21 14:30:00,47.619998931884766,48.5099983215332,48.2400016784668,48.43000030517578,ETF,GDXJ"
"2024-11-22 14:30:00,48.099998474121094,48.810001373291016,48.72999954223633,48.34000015258789,ETF,GDXJ"
"2024-11-25 14:30:00,46.38999938964844,47.25,46.86000061035156,46.81999969482422,ETF,GDXJ"
"2024-11-26 14:30:00,46.41999816894531,46.9900016784668,46.88999938964844,46.66999816894531,ETF,GDXJ"
"2024-11-27 14:30:00,46.9900016784668,47.81999969482422,47.25,47.16999816894531,ETF,GDXJ"
"2024-11-29 14:30:00,47.52000045776367,48.060001373291016,47.77000045776367,47.68000030517578,ETF,GDXJ"
"2024-12-02 14:30:00,46.7599983215332,47.68000030517578,47.630001068115234,46.86000061035156,ETF,GDXJ"
"2024-12-03 14:30:00,47.29999923706055,48.88999938964844,47.40999984741211,48.27000045776367,ETF,GDXJ"
"2024-12-04 14:30:00,48.119998931884766,48.849998474121094,48.36000061035156,48.2599983215332,ETF,GDXJ"
"2024-12-05 14:30:00,48.060001373291016,49.11000061035156,48.5,48.5099983215332,ETF,GDXJ"
"2024-12-06 14:30:00,47.13999938964844,48.279998779296875,48.209999084472656,47.310001373291016,ETF,GDXJ"
"2024-12-09 14:30:00,48.849998474121094,50.54999923706055,48.880001068115234,49.2599983215332,ETF,GDXJ"
"2024-12-10 14:30:00,49.2400016784668,50.279998779296875,49.83000183105469,49.29999923706055,ETF,GDXJ"
"2024-12-11 14:30:00,49.439998626708984,51.029998779296875,49.79999923706055,50.84000015258789,ETF,GDXJ"
"2024-12-12 14:30:00,48.36000061035156,49.56999969482422,49.36000061035156,48.380001068115234,ETF,GDXJ"
"2024-12-13 14:30:00,46.810001373291016,48.16999816894531,48.16999816894531,47.0099983215332,ETF,GDXJ"
"2024-12-16 14:30:00,46.599998474121094,47.36000061035156,47.2400016784668,46.66999816894531,ETF,GDXJ"
"2024-12-17 14:30:00,45.88999938964844,46.779998779296875,46.13999938964844,46.5099983215332,ETF,GDXJ"
"2024-12-18 14:30:00,44.099998474121094,46.470001220703125,46.369998931884766,44.25,ETF,GDXJ"
"2024-12-19 14:30:00,43.869998931884766,44.939998626708984,44.72999954223633,44.029998779296875,ETF,GDXJ"
"2024-12-20 14:30:00,44.13999938964844,45.08000183105469,44.2599983215332,44.369998931884766,ETF,GDXJ"
"2024-12-23 14:30:00,42.72999954223633,43.540000915527344,43.150001525878906,43.47999954223633,ETF,GDXJ"
"2024-12-24 14:30:00,42.91999816894531,43.7400016784668,43.650001525878906,43.27000045776367,ETF,GDXJ"
"2024-12-26 14:30:00,43.22999954223633,43.77000045776367,43.59000015258789,43.54999923706055,ETF,GDXJ"
"2024-12-27 14:30:00,42.599998474121094,43.13999938964844,42.880001068115234,43.04999923706055,ETF,GDXJ"
"2024-12-30 14:30:00,41.849998474121094,42.75,42.56999969482422,42.31999969482422,ETF,GDXJ"
"2024-12-31 14:30:00,42.150001525878906,42.95000076293945,42.189998626708984,42.75,ETF,GDXJ"
"2025-01-02 14:30:00,43.459999084472656,44.90999984741211,43.470001220703125,44.83000183105469,ETF,GDXJ"
"2025-01-03 14:30:00,44.209999084472656,44.72999954223633,44.630001068115234,44.25,ETF,GDXJ"
"2025-01-06 14:30:00,43.72999954223633,44.709999084472656,44.220001220703125,43.790000915527344,ETF,GDXJ"
"2025-01-07 14:30:00,44.04999923706055,45.43000030517578,44.90999984741211,44.34000015258789,ETF,GDXJ"
"2025-01-08 14:30:00,44.61000061035156,45.41999816894531,44.810001373291016,45.349998474121094,ETF,GDXJ"
"2025-01-10 14:30:00,45.04999923706055,46.47999954223633,46.150001525878906,45.31999969482422,ETF,GDXJ"
"2025-01-13 14:30:00,43.95000076293945,44.709999084472656,44.70000076293945,44.31999969482422,ETF,GDXJ"
"2025-01-14 14:30:00,44.52000045776367,46.060001373291016,44.59000015258789,45.849998474121094,ETF,GDXJ"
"2025-01-15 14:30:00,45.369998931884766,46.630001068115234,46.630001068115234,46.09000015258789,ETF,GDXJ"
"2025-01-16 14:30:00,45.79999923706055,46.66999816894531,46.34000015258789,45.79999923706055,ETF,GDXJ"
"2025-01-17 14:30:00,45.220001220703125,46.36000061035156,45.630001068115234,46.02000045776367,ETF,GDXJ"
"2025-01-21 14:30:00,46.459999084472656,47.470001220703125,46.459999084472656,47.04999923706055,ETF,GDXJ"
"2025-01-22 14:30:00,46.72999954223633,47.79999923706055,47.380001068115234,47.08000183105469,ETF,GDXJ"
"2025-01-23 14:30:00,46.06999969482422,47.029998779296875,46.459999084472656,47.0099983215332,ETF,GDXJ"
"2025-01-24 14:30:00,47.43000030517578,47.880001068115234,47.68000030517578,47.630001068115234,ETF,GDXJ"
"2025-01-27 14:30:00,45.689998626708984,46.939998626708984,46.880001068115234,46.22999954223633,ETF,GDXJ"
"2025-01-28 14:30:00,46.220001220703125,47.08000183105469,46.43000030517578,46.93000030517578,ETF,GDXJ"
"2025-01-29 14:30:00,46.63999938964844,47.72999954223633,46.83000183105469,47.369998931884766,ETF,GDXJ"
"2025-01-30 14:30:00,48.25,49.7599983215332,48.349998474121094,49.20000076293945,ETF,GDXJ"
"2025-01-31 14:30:00,48.18000030517578,49.45000076293945,49.34000015258789,48.369998931884766,ETF,GDXJ"
"2025-02-03 14:30:00,48.40999984741211,49.900001525878906,48.650001525878906,49.130001068115234,ETF,GDXJ"
"2025-02-04 14:30:00,49.560001373291016,50.43000030517578,49.599998474121094,50.27000045776367,ETF,GDXJ"
"2025-02-05 14:30:00,50.70000076293945,52.189998626708984,50.7599983215332,51.52000045776367,ETF,GDXJ"
"2025-02-06 14:30:00,50.83000183105469,51.4900016784668,51.380001068115234,51.33000183105469,ETF,GDXJ"
"2025-02-07 14:30:00,50.900001525878906,52.09000015258789,51.599998474121094,50.939998626708984,ETF,GDXJ"
"2025-02-10 14:30:00,51.84000015258789,52.630001068115234,52.470001220703125,52.099998474121094,ETF,GDXJ"
"2025-02-11 14:30:00,51.34000015258789,52.06999969482422,51.65999984741211,51.34000015258789,ETF,GDXJ"
"2025-02-12 14:30:00,50.97999954223633,52.599998474121094,51.060001373291016,52.22999954223633,ETF,GDXJ"
"2025-02-13 14:30:00,51.540000915527344,52.54999923706055,52.119998931884766,52.54999923706055,ETF,GDXJ"
"2025-02-14 14:30:00,50.56999969482422,52.84000015258789,52.65999984741211,50.68000030517578,ETF,GDXJ"
"2025-02-18 14:30:00,50.869998931884766,51.59000015258789,51.41999816894531,51.220001220703125,ETF,GDXJ"
"2025-02-19 14:30:00,50.630001068115234,51.22999954223633,51.18000030517578,51.02000045776367,ETF,GDXJ"
"2025-02-20 14:30:00,51.25,52.90999984741211,51.25,52.4900016784668,ETF,GDXJ"
"2025-02-21 14:30:00,50.2400016784668,52.349998474121094,52.25,50.369998931884766,ETF,GDXJ"
"2025-02-24 14:30:00,49.619998931884766,51.0,50.88999938964844,50.77000045776367,ETF,GDXJ"
"2025-02-25 14:30:00,48.970001220703125,50.689998626708984,50.5,49.95000076293945,ETF,GDXJ"
"2025-02-26 14:30:00,49.18000030517578,50.959999084472656,49.279998779296875,50.61000061035156,ETF,GDXJ"
"2025-02-27 14:30:00,48.34000015258789,50.13999938964844,49.849998474121094,48.380001068115234,ETF,GDXJ"
"2025-02-28 14:30:00,47.290000915527344,48.720001220703125,47.63999938964844,48.65999984741211,ETF,GDXJ"
"2025-03-03 14:30:00,48.279998779296875,50.16999816894531,49.40999984741211,48.619998931884766,ETF,GDXJ"
"2025-03-04 14:30:00,48.11000061035156,50.04999923706055,49.45000076293945,49.41999816894531,ETF,GDXJ"
"2025-03-05 14:30:00,49.41999816894531,51.689998626708984,49.52000045776367,51.68000030517578,ETF,GDXJ"
"2025-03-06 14:30:00,51.06999969482422,52.189998626708984,51.150001525878906,51.31999969482422,ETF,GDXJ"
"2025-03-07 14:30:00,50.790000915527344,52.56999969482422,51.2400016784668,51.970001220703125,ETF,GDXJ"
"2025-03-10 13:30:00,49.36000061035156,51.70000076293945,51.279998779296875,49.779998779296875,ETF,GDXJ"
"2025-03-11 13:30:00,50.2599983215332,52.040000915527344,50.310001373291016,51.88999938964844,ETF,GDXJ"
"2025-03-12 13:30:00,51.290000915527344,52.81999969482422,51.36000061035156,52.630001068115234,ETF,GDXJ"
"2025-03-13 13:30:00,52.810001373291016,54.720001220703125,53.0,54.459999084472656,ETF,GDXJ"
"2025-03-14 13:30:00,54.45000076293945,55.349998474121094,55.06999969482422,54.9900016784668,ETF,GDXJ"
"2025-03-17 13:30:00,55.11000061035156,56.529998779296875,55.16999816894531,56.4900016784668,ETF,GDXJ"
"2025-03-18 13:30:00,56.29999923706055,57.650001525878906,57.220001220703125,56.38999938964844,ETF,GDXJ"
"2025-03-19 13:30:00,55.70000076293945,56.779998779296875,56.33000183105469,56.540000915527344,ETF,GDXJ"
"2025-03-20 13:30:00,55.380001068115234,56.619998931884766,55.70000076293945,56.380001068115234,ETF,GDXJ"
"2025-03-21 13:30:00,54.68000030517578,55.72999954223633,55.529998779296875,55.529998779296875,ETF,GDXJ"
"2025-03-24 13:30:00,55.16999816894531,56.02000045776367,55.849998474121094,55.220001220703125,ETF,GDXJ"
"2025-03-25 13:30:00,56.08000183105469,57.349998474121094,56.15999984741211,56.220001220703125,ETF,GDXJ"
"2025-03-26 13:30:00,55.61000061035156,56.65999984741211,56.470001220703125,55.720001220703125,ETF,GDXJ"
"2025-03-27 13:30:00,56.09000015258789,57.56999969482422,56.599998474121094,57.459999084472656,ETF,GDXJ"
"2025-03-28 13:30:00,56.59000015258789,58.599998474121094,57.849998474121094,56.849998474121094,ETF,GDXJ"
"2025-03-31 13:30:00,55.13999938964844,57.279998779296875,57.099998474121094,57.20000076293945,ETF,GDXJ"
"2025-04-01 13:30:00,56.2599983215332,57.45000076293945,57.11000061035156,56.90999984741211,ETF,GDXJ"
"2025-04-02 13:30:00,56.040000915527344,57.15999984741211,56.619998931884766,56.72999954223633,ETF,GDXJ"
"2025-04-03 13:30:00,54.060001373291016,57.77000045776367,54.459999084472656,56.56999969482422,ETF,GDXJ"
"2025-04-04 13:30:00,50.83000183105469,54.91999816894531,54.880001068115234,51.380001068115234,ETF,GDXJ"
"2025-04-07 13:30:00,49.33000183105469,53.83000183105469,50.2599983215332,50.5099983215332,ETF,GDXJ"
"2025-04-08 13:30:00,50.13999938964844,53.36000061035156,53.13999938964844,50.5,ETF,GDXJ"
"2025-04-09 13:30:00,52.130001068115234,56.18000030517578,52.869998931884766,55.79999923706055,ETF,GDXJ"
"2025-04-10 13:30:00,55.630001068115234,58.81999969482422,55.77000045776367,58.22999954223633,ETF,GDXJ"
"2025-04-11 13:30:00,60.16999816894531,61.58000183105469,60.40999984741211,61.220001220703125,ETF,GDXJ"
"2025-04-14 13:30:00,60.099998474121094,62.33000183105469,60.529998779296875,62.189998626708984,ETF,GDXJ"
"2025-04-15 13:30:00,62.439998626708984,63.34000015258789,62.84000015258789,62.970001220703125,ETF,GDXJ"
"2025-04-16 13:30:00,64.4000015258789,66.18000030517578,65.37999725341797,65.13999938964844,ETF,GDXJ"
"2025-04-17 13:30:00,63.150001525878906,64.8499984741211,64.5199966430664,64.12000274658203,ETF,GDXJ"
"2025-04-21 13:30:00,64.04000091552734,66.80000305175781,66.22000122070312,65.11000061035156,ETF,GDXJ"
"2025-04-22 13:30:00,62.439998626708984,65.4000015258789,65.3499984741211,62.630001068115234,ETF,GDXJ"
"2025-04-23 13:30:00,60.04999923706055,61.81999969482422,60.7400016784668,60.869998931884766,ETF,GDXJ"
"2025-04-24 13:30:00,61.16999816894531,62.45000076293945,62.25,62.2599983215332,ETF,GDXJ"
"2025-04-25 13:30:00,60.130001068115234,61.11000061035156,60.25,61.040000915527344,ETF,GDXJ"
"2025-04-28 13:30:00,60.130001068115234,61.59000015258789,60.77000045776367,61.56999969482422,ETF,GDXJ"
"2025-04-29 13:30:00,60.59000015258789,61.650001525878906,60.959999084472656,60.650001525878906,ETF,GDXJ"
"2025-04-30 13:30:00,60.04999923706055,61.41999816894531,60.04999923706055,61.400001525878906,ETF,GDXJ"
"2025-05-01 13:30:00,58.560001373291016,59.81999969482422,59.81999969482422,58.72999954223633,ETF,GDXJ"
"2025-05-02 13:30:00,58.380001068115234,60.209999084472656,59.93000030517578,58.709999084472656,ETF,GDXJ"
"2025-05-05 13:30:00,60.08000183105469,61.189998626708984,61.08000183105469,61.06999969482422,ETF,GDXJ"
"2025-05-06 13:30:00,62.400001525878906,64.7699966430664,62.84000015258789,64.63999938964844,ETF,GDXJ"
"2025-05-07 13:30:00,62.40999984741211,63.709999084472656,63.0099983215332,62.869998931884766,ETF,GDXJ"
"2025-05-08 13:30:00,61.83000183105469,63.560001373291016,63.2599983215332,61.91999816894531,ETF,GDXJ"
"2025-05-09 13:30:00,62.439998626708984,64.4800033569336,62.91999816894531,64.33000183105469,ETF,GDXJ"
"2025-05-12 13:30:00,58.90999984741211,61.310001373291016,61.2400016784668,59.119998931884766,ETF,GDXJ"
"2025-05-13 13:30:00,58.689998626708984,59.720001220703125,59.29999923706055,59.310001373291016,ETF,GDXJ"
"2025-05-14 13:30:00,57.400001525878906,58.2599983215332,57.97999954223633,57.880001068115234,ETF,GDXJ"
"2025-05-15 13:30:00,57.84000015258789,59.2400016784668,58.599998474121094,59.209999084472656,ETF,GDXJ"
"2025-05-16 13:30:00,57.459999084472656,58.709999084472656,57.630001068115234,58.709999084472656,ETF,GDXJ"
"2025-05-19 13:30:00,59.2599983215332,60.27000045776367,59.63999938964844,60.2400016784668,ETF,GDXJ"
"2025-05-20 13:30:00,60.099998474121094,62.369998931884766,60.25,62.27000045776367,ETF,GDXJ"
"2025-05-21 13:30:00,62.41999816894531,63.5099983215332,62.41999816894531,63.18000030517578,ETF,GDXJ"
"2025-05-22 13:30:00,62.27000045776367,63.43000030517578,63.119998931884766,62.81999969482422,ETF,GDXJ"
"2025-05-23 13:30:00,63.56999969482422,65.01000213623047,64.33999633789062,64.66999816894531,ETF,GDXJ"
"2025-05-27 13:30:00,63.189998626708984,64.44000244140625,63.29999923706055,63.720001220703125,ETF,GDXJ"
"2025-05-28 13:30:00,63.86000061035156,64.66999816894531,63.91999816894531,64.6500015258789,ETF,GDXJ"
"2025-05-29 13:30:00,64.19000244140625,65.4800033569336,65.13999938964844,64.58000183105469,ETF,GDXJ"
"2025-05-30 13:30:00,63.880001068115234,65.33999633789062,64.0199966430664,65.31999969482422,ETF,GDXJ"
"2025-06-02 13:30:00,66.6500015258789,69.76000213623047,66.68000030517578,69.44000244140625,ETF,GDXJ"
"2025-06-03 13:30:00,67.66000366210938,68.7300033569336,68.3499984741211,68.69999694824219,ETF,GDXJ"
"2025-06-04 13:30:00,68.66000366210938,69.6500015258789,69.16999816894531,69.2300033569336,ETF,GDXJ"
"2025-06-05 13:30:00,69.80000305175781,71.83999633789062,70.36000061035156,70.72000122070312,ETF,GDXJ"
"2025-06-06 13:30:00,68.80000305175781,70.87999725341797,70.41000366210938,69.0,ETF,GDXJ"
"2025-06-09 13:30:00,69.08000183105469,70.04000091552734,69.31999969482422,69.61000061035156,ETF,GDXJ"
"2025-06-10 13:30:00,68.04000091552734,70.13999938964844,69.87999725341797,68.51000213623047,ETF,GDXJ"
"2025-06-11 13:30:00,68.41000366210938,69.1500015258789,68.62000274658203,68.97000122070312,ETF,GDXJ"
"2025-06-12 13:30:00,69.83000183105469,71.02999877929688,69.94000244140625,70.61000061035156,ETF,GDXJ"
"2025-06-13 13:30:00,70.87999725341797,71.70999908447266,71.55000305175781,71.2300033569336,ETF,GDXJ"
"2025-06-16 13:30:00,69.4000015258789,70.8499984741211,70.5199966430664,69.62000274658203,ETF,GDXJ"
"2025-06-17 13:30:00,69.1500015258789,70.20999908447266,70.0,69.7300033569336,ETF,GDXJ"
"2025-06-18 13:30:00,68.5199966430664,69.77999877929688,69.62000274658203,68.83999633789062,ETF,GDXJ"
"2025-06-20 13:30:00,67.16000366210938,68.94999694824219,68.05000305175781,67.19999694824219,ETF,GDXJ"
"2025-06-23 13:30:00,67.1500015258789,69.08999633789062,67.30000305175781,68.08000183105469,ETF,GDXJ"
"2025-06-24 13:30:00,65.19000244140625,66.9000015258789,66.44999694824219,66.79000091552734,ETF,GDXJ"
"2025-06-25 13:30:00,66.05999755859375,66.95999908447266,66.27999877929688,66.77999877929688,ETF,GDXJ"
"2025-06-26 13:30:00,66.62999725341797,67.77999877929688,66.7699966430664,67.75,ETF,GDXJ"
"2025-06-27 13:30:00,64.91999816894531,65.77999877929688,65.58999633789062,65.5,ETF,GDXJ"
"2025-06-30 13:30:00,65.80000305175781,67.69000244140625,65.94999694824219,67.58999633789062,ETF,GDXJ"
"2025-07-01 13:30:00,67.51000213623047,68.98999786376953,68.61000061035156,67.58000183105469,ETF,GDXJ"
"2025-07-02 13:30:00,67.0199966430664,68.31999969482422,68.12999725341797,68.25,ETF,GDXJ"
"2025-07-03 13:30:00,67.52999877929688,68.47000122070312,67.52999877929688,68.44999694824219,ETF,GDXJ"
"2025-07-07 13:30:00,66.33999633789062,69.05000305175781,67.55999755859375,69.0199966430664,ETF,GDXJ"
"2025-07-08 13:30:00,65.69000244140625,68.95999908447266,68.94000244140625,66.38999938964844,ETF,GDXJ"
"2025-07-09 13:30:00,66.12999725341797,67.48999786376953,66.38999938964844,67.22000122070312,ETF,GDXJ"
"2025-07-10 13:30:00,66.51000213623047,67.58000183105469,67.48999786376953,67.5199966430664,ETF,GDXJ"
"2025-07-11 13:30:00,68.0,69.13999938964844,68.26000213623047,68.83999633789062,ETF,GDXJ"
"2025-07-14 13:30:00,68.4000015258789,70.04000091552734,69.13999938964844,68.58000183105469,ETF,GDXJ"
"2025-07-15 13:30:00,66.86000061035156,68.66999816894531,68.56999969482422,67.62999725341797,ETF,GDXJ"
"2025-07-16 13:30:00,66.33999633789062,68.30000305175781,67.68000030517578,67.48999786376953,ETF,GDXJ"
"2025-07-17 13:30:00,65.52999877929688,67.01000213623047,66.23999786376953,66.76000213623047,ETF,GDXJ"
"2025-07-18 13:30:00,66.19000244140625,67.41999816894531,67.29000091552734,66.19000244140625,ETF,GDXJ"
"2025-07-21 13:30:00,67.16999816894531,69.30999755859375,67.16999816894531,68.58999633789062,ETF,GDXJ"
"2025-07-22 13:30:00,68.62000274658203,70.52999877929688,69.20999908447266,70.27999877929688,ETF,GDXJ"
"2025-07-23 13:30:00,68.55000305175781,70.0199966430664,69.75,69.06999969482422,ETF,GDXJ"
"2025-07-24 13:30:00,67.5,68.93000030517578,68.18000030517578,68.20999908447266,ETF,GDXJ"
"2025-07-25 13:30:00,66.54000091552734,67.87999725341797,67.33000183105469,67.81999969482422,ETF,GDXJ"
"2025-07-28 13:30:00,65.5199966430664,66.83999633789062,66.83000183105469,66.12000274658203,ETF,GDXJ"
"2025-07-29 13:30:00,65.87999725341797,66.81999969482422,66.16000366210938,66.54000091552734,ETF,GDXJ"
"2025-07-30 13:30:00,64.38999938964844,66.19999694824219,65.62999725341797,64.73999786376953,ETF,GDXJ"
"2025-07-31 13:30:00,63.900001525878906,65.16999816894531,64.95999908447266,64.22000122070312,ETF,GDXJ"
"2025-08-01 13:30:00,64.52999877929688,66.0,65.62000274658203,65.02999877929688,ETF,GDXJ"
"2025-08-04 13:30:00,66.23999786376953,67.76000213623047,66.23999786376953,67.58999633789062,ETF,GDXJ"
"2025-08-05 13:30:00,67.05000305175781,69.68000030517578,67.19000244140625,69.58000183105469,ETF,GDXJ"
"2025-08-06 13:30:00,69.5,71.29000091552734,69.5,71.23999786376953,ETF,GDXJ"
"2025-08-07 13:30:00,71.8499984741211,72.98999786376953,71.9000015258789,72.37000274658203,ETF,GDXJ"
"2025-08-08 13:30:00,71.9000015258789,73.16999816894531,72.9000015258789,72.2300033569336,ETF,GDXJ"
"2025-08-11 13:30:00,70.01000213623047,72.33000183105469,70.5199966430664,71.88999938964844,ETF,GDXJ"
"2025-08-12 13:30:00,71.73999786376953,72.94000244140625,72.1500015258789,72.93000030517578,ETF,GDXJ"
"2025-08-13 13:30:00,72.79000091552734,73.98999786376953,73.6500015258789,73.04000091552734,ETF,GDXJ"
"2025-08-14 13:30:00,72.41000366210938,73.87000274658203,72.54000091552734,72.7699966430664,ETF,GDXJ"
"2025-08-15 13:30:00,72.56999969482422,74.22000122070312,72.94999694824219,73.87999725341797,ETF,GDXJ"
"2025-08-18 13:30:00,72.80000305175781,73.95999908447266,73.62999725341797,73.69999694824219,ETF,GDXJ"
"2025-08-19 13:30:00,71.18000030517578,73.5999984741211,73.37999725341797,71.22000122070312,ETF,GDXJ"
"2025-08-20 13:30:00,72.0999984741211,73.41000366210938,72.29000091552734,73.27999877929688,ETF,GDXJ"
"2025-08-21 13:30:00,72.91000366210938,75.13999938964844,72.91000366210938,74.7699966430664,ETF,GDXJ"
"2025-08-22 13:30:00,73.63999938964844,76.94000244140625,73.95999908447266,76.2699966430664,ETF,GDXJ"
"2025-08-25 13:30:00,75.83000183105469,76.62000274658203,75.9800033569336,76.0,ETF,GDXJ"
"2025-08-26 13:30:00,76.04000091552734,77.55999755859375,76.12999725341797,77.54000091552734,ETF,GDXJ"
"2025-08-27 13:30:00,75.98999786376953,77.58000183105469,76.7300033569336,77.54000091552734,ETF,GDXJ"
"2025-08-28 13:30:00,76.45999908447266,77.66000366210938,77.63999938964844,77.13999938964844,ETF,GDXJ"
"2025-08-29 13:30:00,77.11000061035156,80.05999755859375,77.22000122070312,80.05000305175781,ETF,GDXJ"
"2025-09-02 13:30:00,80.05999755859375,83.27999877929688,81.87999725341797,82.95999908447266,ETF,GDXJ"
"2025-09-03 13:30:00,83.0999984741211,84.7699966430664,84.56999969482422,83.80000305175781,ETF,GDXJ"
"2025-09-04 13:30:00,82.12999725341797,83.6500015258789,83.05000305175781,82.68000030517578,ETF,GDXJ"
"2025-09-05 13:30:00,83.69999694824219,85.66999816894531,84.56999969482422,84.86000061035156,ETF,GDXJ"
"2025-09-08 13:30:00,85.55999755859375,86.86000061035156,86.4800033569336,86.37999725341797,ETF,GDXJ"
"2025-09-09 13:30:00,85.11000061035156,87.29000091552734,87.19000244140625,85.5999984741211,ETF,GDXJ"
"2025-09-10 13:30:00,86.19000244140625,88.12000274658203,86.19000244140625,88.08999633789062,ETF,GDXJ"
"2025-09-11 13:30:00,87.87000274658203,90.19999694824219,88.19999694824219,90.01000213623047,ETF,GDXJ"
"2025-09-12 13:30:00,89.4800033569336,90.9000015258789,90.5199966430664,90.02999877929688,ETF,GDXJ"
"2025-09-15 13:30:00,89.51000213623047,92.41999816894531,89.91999816894531,91.48999786376953,ETF,GDXJ"
"2025-09-16 13:30:00,88.47000122070312,91.87000274658203,91.87000274658203,88.8499984741211,ETF,GDXJ"
"2025-09-17 13:30:00,86.66000366210938,90.08999633789062,87.43000030517578,87.61000061035156,ETF,GDXJ"
"2025-09-18 13:30:00,85.5999984741211,87.5999984741211,87.41999816894531,87.56999969482422,ETF,GDXJ"
"2025-09-19 13:30:00,87.7300033569336,92.23999786376953,87.7300033569336,91.9800033569336,ETF,GDXJ"
"2025-09-22 13:30:00,92.9800033569336,95.30999755859375,93.97000122070312,95.18000030517578,ETF,GDXJ"
"2025-09-23 13:30:00,94.62999725341797,96.76000213623047,96.43000030517578,95.01000213623047,ETF,GDXJ"
"2025-09-24 13:30:00,92.76000213623047,95.56999969482422,94.8499984741211,92.77999877929688,ETF,GDXJ"
"2025-09-25 13:30:00,92.70999908447266,94.0199966430664,93.06999969482422,93.98999786376953,ETF,GDXJ"
"2025-09-26 13:30:00,94.2300033569336,96.79000091552734,94.83999633789062,96.20999908447266,ETF,GDXJ"
"2025-09-29 13:30:00,97.86000061035156,99.5199966430664,98.93000030517578,98.23999786376953,ETF,GDXJ"
"2025-09-30 13:30:00,96.62999725341797,100.29000091552734,96.8499984741211,99.02999877929688,ETF,GDXJ"
"2025-10-01 13:30:00,99.05000305175781,101.27999877929688,100.44999694824219,99.9000015258789,ETF,GDXJ"
"2025-10-02 13:30:00,95.70999908447266,101.36000061035156,100.9800033569336,99.63999938964844,ETF,GDXJ"
"2025-10-03 13:30:00,98.94999694824219,100.8499984741211,100.05999755859375,99.73999786376953,ETF,GDXJ"
"2025-10-06 13:30:00,100.9000015258789,104.05000305175781,101.16999816894531,102.4800033569336,ETF,GDXJ"
"2025-10-07 13:30:00,100.26000213623047,102.61000061035156,102.61000061035156,100.68000030517578,ETF,GDXJ"
"2025-10-08 13:30:00,102.22000122070312,104.94999694824219,103.11000061035156,104.80999755859375,ETF,GDXJ"
"2025-10-09 13:30:00,98.44000244140625,105.23999786376953,105.18000030517578,99.88999938964844,ETF,GDXJ"
"2025-10-10 13:30:00,98.54000091552734,101.25,100.23999786376953,99.9000015258789,ETF,GDXJ"
"2024-09-09 13:30:00,103.69000244140625,106.55000305175781,104.87999725341797,106.47000122070312,EQUITY,NVDA"
"2024-09-10 13:30:00,104.94999694824219,109.4000015258789,107.80999755859375,108.0999984741211,EQUITY,NVDA"
"2024-09-11 13:30:00,107.41999816894531,117.19000244140625,109.38999938964844,116.91000366210938,EQUITY,NVDA"
"2024-09-12 13:30:00,115.37999725341797,120.79000091552734,116.83999633789062,119.13999938964844,EQUITY,NVDA"
"2024-09-13 13:30:00,117.5999984741211,119.95999908447266,119.08000183105469,119.0999984741211,EQUITY,NVDA"
"2024-09-16 13:30:00,114.36000061035156,118.18000030517578,116.79000091552734,116.77999877929688,EQUITY,NVDA"
"2024-09-17 13:30:00,114.83000183105469,118.80000305175781,118.16999816894531,115.58999633789062,EQUITY,NVDA"
"2024-09-18 13:30:00,113.22000122070312,117.69999694824219,115.88999938964844,113.37000274658203,EQUITY,NVDA"
"2024-09-19 13:30:00,117.25,119.66000366210938,117.3499984741211,117.87000274658203,EQUITY,NVDA"
"2024-09-20 13:30:00,115.38999938964844,118.62000274658203,117.05999755859375,116.0,EQUITY,NVDA"
"2024-09-23 13:30:00,114.86000061035156,116.98999786376953,116.55000305175781,116.26000213623047,EQUITY,NVDA"
"2024-09-24 13:30:00,115.37999725341797,121.80000305175781,116.5199966430664,120.87000274658203,EQUITY,NVDA"
"2024-09-25 13:30:00,121.61000061035156,124.94000244140625,122.0199966430664,123.51000213623047,EQUITY,NVDA"
"2024-09-26 13:30:00,121.80000305175781,127.66999816894531,126.80000305175781,124.04000091552734,EQUITY,NVDA"
"2024-09-27 13:30:00,119.26000213623047,124.02999877929688,123.97000122070312,121.4000015258789,EQUITY,NVDA"
"2024-09-30 13:30:00,118.1500015258789,121.5,118.30999755859375,121.44000244140625,EQUITY,NVDA"
"2024-10-01 13:30:00,115.79000091552734,122.44000244140625,121.7699966430664,117.0,EQUITY,NVDA"
"2024-10-02 13:30:00,115.13999938964844,119.37999725341797,116.44000244140625,118.8499984741211,EQUITY,NVDA"
"2024-10-03 13:30:00,120.33999633789062,124.36000061035156,120.91999816894531,122.8499984741211,EQUITY,NVDA"
"2024-10-04 13:30:00,121.83000183105469,125.04000091552734,124.94000244140625,124.91999816894531,EQUITY,NVDA"
"2024-10-07 13:30:00,124.94999694824219,130.63999938964844,124.98999786376953,127.72000122070312,EQUITY,NVDA"
"2024-10-08 13:30:00,129.4199981689453,133.47999572753906,130.25999450683594,132.88999938964844,EQUITY,NVDA"
"2024-10-09 13:30:00,131.3800048828125,134.52000427246094,134.11000061035156,132.64999389648438,EQUITY,NVDA"
"2024-10-10 13:30:00,131.0,135.0,131.91000366210938,134.80999755859375,EQUITY,NVDA"
"2024-10-11 13:30:00,133.66000366210938,135.77999877929688,134.00999450683594,134.8000030517578,EQUITY,NVDA"
"2024-10-14 13:30:00,136.3000030517578,139.60000610351562,136.47000122070312,138.07000732421875,EQUITY,NVDA"
"2024-10-15 13:30:00,128.74000549316406,138.57000732421875,137.8699951171875,131.60000610351562,EQUITY,NVDA"
"2024-10-16 13:30:00,131.5800018310547,136.6199951171875,133.97999572753906,135.72000122070312,EQUITY,NVDA"
"2024-10-17 13:30:00,136.8699951171875,140.88999938964844,139.33999633789062,136.92999267578125,EQUITY,NVDA"
"2024-10-18 13:30:00,137.27999877929688,138.89999389648438,138.6699981689453,138.0,EQUITY,NVDA"
"2024-10-21 13:30:00,138.0,143.7100067138672,138.1300048828125,143.7100067138672,EQUITY,NVDA"
"2024-10-22 13:30:00,141.77999877929688,144.4199981689453,142.91000366210938,143.58999633789062,EQUITY,NVDA"
"2024-10-23 13:30:00,137.4600067138672,142.42999267578125,142.02999877929688,139.55999755859375,EQUITY,NVDA"
"2024-10-24 13:30:00,138.4600067138672,141.35000610351562,140.82000732421875,140.41000366210938,EQUITY,NVDA"
"2024-10-25 13:30:00,140.8000030517578,144.1300048828125,140.92999267578125,141.5399932861328,EQUITY,NVDA"
"2024-10-28 13:30:00,140.0500030517578,143.13999938964844,143.0,140.52000427246094,EQUITY,NVDA"
"2024-10-29 13:30:00,138.89999389648438,142.25999450683594,140.2899932861328,141.25,EQUITY,NVDA"
"2024-10-30 13:30:00,136.80999755859375,140.3300018310547,139.5399932861328,139.33999633789062,EQUITY,NVDA"
"2024-10-31 13:30:00,132.11000061035156,137.61000061035156,137.60000610351562,132.75999450683594,EQUITY,NVDA"
"2024-11-01 13:30:00,134.57000732421875,137.30999755859375,134.6999969482422,135.39999389648438,EQUITY,NVDA"
"2024-11-04 14:30:00,135.57000732421875,138.9600067138672,137.2100067138672,136.0500030517578,EQUITY,NVDA"
"2024-11-05 14:30:00,137.3300018310547,140.3699951171875,137.4499969482422,139.91000366210938,EQUITY,NVDA"
"2024-11-06 14:30:00,141.9600067138672,146.49000549316406,142.9600067138672,145.61000061035156,EQUITY,NVDA"
"2024-11-07 14:30:00,146.1699981689453,148.92999267578125,146.38999938964844,148.8800048828125,EQUITY,NVDA"
"2024-11-08 14:30:00,146.25999450683594,149.77000427246094,148.77000427246094,147.6300048828125,EQUITY,NVDA"
"2024-11-11 14:30:00,143.57000732421875,148.85000610351562,148.67999267578125,145.25999450683594,EQUITY,NVDA"
"2024-11-12 14:30:00,146.00999450683594,149.64999389648438,146.77999877929688,148.2899932861328,EQUITY,NVDA"
"2024-11-13 14:30:00,145.89999389648438,149.3300018310547,149.07000732421875,146.27000427246094,EQUITY,NVDA"
"2024-11-14 14:30:00,145.5500030517578,149.0,147.63999938964844,146.75999450683594,EQUITY,NVDA"
"2024-11-15 14:30:00,140.0800018310547,145.24000549316406,144.8699951171875,141.97999572753906,EQUITY,NVDA"
"2024-11-18 14:30:00,137.14999389648438,141.5500030517578,139.5,140.14999389648438,EQUITY,NVDA"
"2024-11-19 14:30:00,140.99000549316406,147.1300048828125,141.32000732421875,147.00999450683594,EQUITY,NVDA"
"2024-11-20 14:30:00,142.72999572753906,147.55999755859375,147.41000366210938,145.88999938964844,EQUITY,NVDA"
"2024-11-21 14:30:00,140.6999969482422,152.88999938964844,149.35000610351562,146.6699981689453,EQUITY,NVDA"
"2024-11-22 14:30:00,141.10000610351562,147.16000366210938,145.92999267578125,141.9499969482422,EQUITY,NVDA"
"2024-11-25 14:30:00,135.82000732421875,142.0500030517578,141.99000549316406,136.02000427246094,EQUITY,NVDA"
"2024-11-26 14:30:00,135.6699981689453,139.3000030517578,137.6999969482422,136.9199981689453,EQUITY,NVDA"
"2024-11-27 14:30:00,131.8000030517578,137.22000122070312,135.00999450683594,135.33999633789062,EQUITY,NVDA"
"2024-11-29 14:30:00,136.0500030517578,139.35000610351562,136.77999877929688,138.25,EQUITY,NVDA"
"2024-12-02 14:30:00,137.82000732421875,140.4499969482422,138.8300018310547,138.6300048828125,EQUITY,NVDA"
"2024-12-03 14:30:00,137.9499969482422,140.5399932861328,138.25999450683594,140.25999450683594,EQUITY,NVDA"
"2024-12-04 14:30:00,140.2899932861328,145.7899932861328,142.0,145.13999938964844,EQUITY,NVDA"
"2024-12-05 14:30:00,143.9499969482422,146.5399932861328,145.11000061035156,145.05999755859375,EQUITY,NVDA"
"2024-12-06 14:30:00,141.30999755859375,145.6999969482422,144.60000610351562,142.44000244140625,EQUITY,NVDA"
"2024-12-09 14:30:00,137.1300048828125,139.9499969482422,138.97000122070312,138.80999755859375,EQUITY,NVDA"
"2024-12-10 14:30:00,133.7899932861328,141.82000732421875,139.00999450683594,135.07000732421875,EQUITY,NVDA"
"2024-12-11 14:30:00,135.2100067138672,140.1699981689453,137.36000061035156,139.30999755859375,EQUITY,NVDA"
"2024-12-12 14:30:00,135.8000030517578,138.44000244140625,137.0800018310547,137.33999633789062,EQUITY,NVDA"
"2024-12-13 14:30:00,132.5399932861328,139.60000610351562,138.94000244140625,134.25,EQUITY,NVDA"
"2024-12-16 14:30:00,130.4199981689453,134.39999389648438,134.17999267578125,132.0,EQUITY,NVDA"
"2024-12-17 14:30:00,126.86000061035156,131.58999633789062,129.08999633789062,130.38999938964844,EQUITY,NVDA"
"2024-12-18 14:30:00,128.27999877929688,136.6999969482422,133.86000061035156,128.91000366210938,EQUITY,NVDA"
"2024-12-19 14:30:00,129.5500030517578,134.02999877929688,131.75999450683594,130.67999267578125,EQUITY,NVDA"
"2024-12-20 14:30:00,128.22000122070312,135.27999877929688,129.80999755859375,134.6999969482422,EQUITY,NVDA"
"2024-12-23 14:30:00,135.1199951171875,139.7899932861328,136.27999877929688,139.6699981689453,EQUITY,NVDA"
"2024-12-24 14:30:00,138.64999389648438,141.89999389648438,140.0,140.22000122070312,EQUITY,NVDA"
"2024-12-26 14:30:00,137.72999572753906,140.85000610351562,139.6999969482422,139.92999267578125,EQUITY,NVDA"
"2024-12-27 14:30:00,134.7100067138672,139.02000427246094,138.5500030517578,137.00999450683594,EQUITY,NVDA"
"2024-12-30 14:30:00,134.02000427246094,140.27000427246094,134.8300018310547,137.49000549316406,EQUITY,NVDA"
"2024-12-31 14:30:00,133.8300018310547,138.07000732421875,138.02999877929688,134.2899932861328,EQUITY,NVDA"
"2025-01-02 14:30:00,134.6300048828125,138.8800048828125,136.0,138.30999755859375,EQUITY,NVDA"
"2025-01-03 14:30:00,139.72999572753906,144.89999389648438,140.00999450683594,144.47000122070312,EQUITY,NVDA"
"2025-01-06 14:30:00,147.82000732421875,152.16000366210938,148.58999633789062,149.42999267578125,EQUITY,NVDA"
"2025-01-07 14:30:00,140.00999450683594,153.1300048828125,153.02999877929688,140.13999938964844,EQUITY,NVDA"
"2025-01-08 14:30:00,137.55999755859375,143.9499969482422,142.5800018310547,140.11000061035156,EQUITY,NVDA"
"2025-01-10 14:30:00,134.22000122070312,139.9199981689453,137.4499969482422,135.91000366210938,EQUITY,NVDA"
"2025-01-13 14:30:00,129.50999450683594,133.49000549316406,129.99000549316406,133.22999572753906,EQUITY,NVDA"
"2025-01-14 14:30:00,130.0500030517578,136.3800048828125,136.0500030517578,131.75999450683594,EQUITY,NVDA"
"2025-01-15 14:30:00,131.2899932861328,136.4499969482422,133.64999389648438,136.24000549316406,EQUITY,NVDA"
"2025-01-16 14:30:00,133.49000549316406,138.75,138.63999938964844,133.57000732421875,EQUITY,NVDA"
"2025-01-17 14:30:00,135.4600067138672,138.5,136.69000244140625,137.7100067138672,EQUITY,NVDA"
"2025-01-21 14:30:00,137.08999633789062,141.8300018310547,139.16000366210938,140.8300018310547,EQUITY,NVDA"
"2025-01-22 14:30:00,143.6699981689453,147.7899932861328,144.66000366210938,147.07000732421875,EQUITY,NVDA"
"2025-01-23 14:30:00,143.72000122070312,147.22999572753906,145.0500030517578,147.22000122070312,EQUITY,NVDA"
"2025-01-24 14:30:00,141.8800048828125,148.97000122070312,148.3699951171875,142.6199951171875,EQUITY,NVDA"
"2025-01-27 14:30:00,116.69999694824219,128.39999389648438,124.80000305175781,118.41999816894531,EQUITY,NVDA"
"2025-01-28 14:30:00,116.25,129.0,121.80999755859375,128.99000549316406,EQUITY,NVDA"
"2025-01-29 14:30:00,120.05000305175781,126.88999938964844,126.5,123.69999694824219,EQUITY,NVDA"
"2025-01-30 14:30:00,118.0999984741211,125.0,123.0999984741211,124.6500015258789,EQUITY,NVDA"
"2025-01-31 14:30:00,119.19000244140625,127.8499984741211,123.77999877929688,120.06999969482422,EQUITY,NVDA"
"2025-02-03 14:30:00,113.01000213623047,118.56999969482422,114.75,116.66000366210938,EQUITY,NVDA"
"2025-02-04 14:30:00,116.69999694824219,121.19999694824219,116.95999908447266,118.6500015258789,EQUITY,NVDA"
"2025-02-05 14:30:00,120.76000213623047,125.0,121.76000213623047,124.83000183105469,EQUITY,NVDA"
"2025-02-06 14:30:00,125.20999908447266,128.77000427246094,127.41999816894531,128.67999267578125,EQUITY,NVDA"
"2025-02-07 14:30:00,125.0,130.3699951171875,129.22000122070312,129.83999633789062,EQUITY,NVDA"
"2025-02-10 14:30:00,129.9600067138672,135.0,130.08999633789062,133.57000732421875,EQUITY,NVDA"
"2025-02-11 14:30:00,131.02000427246094,134.47999572753906,132.5800018310547,132.8000030517578,EQUITY,NVDA"
"2025-02-12 14:30:00,129.0800018310547,132.24000549316406,130.02000427246094,131.13999938964844,EQUITY,NVDA"
"2025-02-13 14:30:00,131.1699981689453,136.5,131.55999755859375,135.2899932861328,EQUITY,NVDA"
"2025-02-14 14:30:00,135.5,139.25,136.47999572753906,138.85000610351562,EQUITY,NVDA"
"2025-02-18 14:30:00,137.92999267578125,143.44000244140625,141.27000427246094,139.39999389648438,EQUITY,NVDA"
"2025-02-19 14:30:00,137.22000122070312,141.36000061035156,139.50999450683594,139.22999572753906,EQUITY,NVDA"
"2025-02-20 14:30:00,136.7899932861328,140.66000366210938,140.02999877929688,140.11000061035156,EQUITY,NVDA"
"2025-02-21 14:30:00,134.02999877929688,141.4600067138672,140.0399932861328,134.42999267578125,EQUITY,NVDA"
"2025-02-24 14:30:00,130.0800018310547,138.58999633789062,136.55999755859375,130.27999877929688,EQUITY,NVDA"
"2025-02-25 14:30:00,124.44000244140625,130.1999969482422,129.97999572753906,126.62999725341797,EQUITY,NVDA"
"2025-02-26 14:30:00,128.49000549316406,133.72999572753906,129.99000549316406,131.27999877929688,EQUITY,NVDA"
"2025-02-27 14:30:00,120.01000213623047,135.00999450683594,135.0,120.1500015258789,EQUITY,NVDA"
"2025-02-28 14:30:00,116.4000015258789,125.08999633789062,118.0199966430664,124.91999816894531,EQUITY,NVDA"
"2025-03-03 14:30:00,112.27999877929688,123.69999694824219,123.51000213623047,114.05999755859375,EQUITY,NVDA"
"2025-03-04 14:30:00,110.11000061035156,119.30999755859375,110.6500015258789,115.98999786376953,EQUITY,NVDA"
"2025-03-05 14:30:00,114.51000213623047,118.27999877929688,117.58000183105469,117.30000305175781,EQUITY,NVDA"
"2025-03-06 14:30:00,110.22000122070312,115.3499984741211,113.52999877929688,110.56999969482422,EQUITY,NVDA"
"2025-03-07 14:30:00,107.55999755859375,113.4800033569336,111.25,112.69000244140625,EQUITY,NVDA"
"2025-03-10 13:30:00,105.45999908447266,111.8499984741211,109.9000015258789,106.9800033569336,EQUITY,NVDA"
"2025-03-11 13:30:00,104.7699966430664,112.23999786376953,106.98999786376953,108.76000213623047,EQUITY,NVDA"
"2025-03-12 13:30:00,112.87999725341797,116.76000213623047,114.12000274658203,115.73999786376953,EQUITY,NVDA"
"2025-03-13 13:30:00,113.79000091552734,117.76000213623047,117.02999877929688,115.58000183105469,EQUITY,NVDA"
"2025-03-14 13:30:00,118.1500015258789,121.87999725341797,118.61000061035156,121.66999816894531,EQUITY,NVDA"
"2025-03-17 13:30:00,118.02999877929688,122.88999938964844,122.73999786376953,119.52999877929688,EQUITY,NVDA"
"2025-03-18 13:30:00,114.54000091552734,119.0199966430664,118.0,115.43000030517578,EQUITY,NVDA"
"2025-03-19 13:30:00,115.68000030517578,120.44999694824219,117.2699966430664,117.5199966430664,EQUITY,NVDA"
"2025-03-20 13:30:00,116.47000122070312,120.19999694824219,116.55000305175781,118.52999877929688,EQUITY,NVDA"
"2025-03-21 13:30:00,115.41999816894531,117.98999786376953,116.94000244140625,117.69999694824219,EQUITY,NVDA"
"2025-03-24 13:30:00,119.33999633789062,122.22000122070312,119.87999725341797,121.41000366210938,EQUITY,NVDA"
"2025-03-25 13:30:00,118.91999816894531,121.29000091552734,120.55000305175781,120.69000244140625,EQUITY,NVDA"
"2025-03-26 13:30:00,112.70999908447266,118.83999633789062,118.7300033569336,113.76000213623047,EQUITY,NVDA"
"2025-03-27 13:30:00,110.66000366210938,114.44999694824219,111.3499984741211,111.43000030517578,EQUITY,NVDA"
"2025-03-28 13:30:00,109.06999969482422,112.87000274658203,111.48999786376953,109.66999816894531,EQUITY,NVDA"
"2025-03-31 13:30:00,103.6500015258789,110.95999908447266,105.12999725341797,108.37999725341797,EQUITY,NVDA"
"2025-04-01 13:30:00,106.47000122070312,110.19999694824219,108.5199966430664,110.1500015258789,EQUITY,NVDA"
"2025-04-02 13:30:00,106.79000091552734,111.9800033569336,107.29000091552734,110.41999816894531,EQUITY,NVDA"
"2025-04-03 13:30:00,101.5999984741211,105.62999725341797,103.51000213623047,101.80000305175781,EQUITY,NVDA"
"2025-04-04 13:30:00,92.11000061035156,100.12999725341797,98.91000366210938,94.30999755859375,EQUITY,NVDA"
"2025-04-07 13:30:00,86.62000274658203,101.75,87.45999908447266,97.63999938964844,EQUITY,NVDA"
"2025-04-08 13:30:00,94.45999908447266,105.8499984741211,103.80999755859375,96.30000305175781,EQUITY,NVDA"
"2025-04-09 13:30:00,97.52999877929688,115.0999984741211,98.88999938964844,114.33000183105469,EQUITY,NVDA"
"2025-04-10 13:30:00,99.1500015258789,110.86000061035156,109.37000274658203,107.56999969482422,EQUITY,NVDA"
"2025-04-11 13:30:00,107.4800033569336,111.55000305175781,108.5,110.93000030517578,EQUITY,NVDA"
"2025-04-14 13:30:00,109.06999969482422,114.29000091552734,114.11000061035156,110.70999908447266,EQUITY,NVDA"
"2025-04-15 13:30:00,110.5,113.62000274658203,110.97000122070312,112.19999694824219,EQUITY,NVDA"
"2025-04-16 13:30:00,100.44999694824219,106.79000091552734,104.55000305175781,104.48999786376953,EQUITY,NVDA"
"2025-04-17 13:30:00,100.05000305175781,104.47000122070312,104.44999694824219,101.48999786376953,EQUITY,NVDA"
"2025-04-21 13:30:00,95.04000091552734,99.44000244140625,98.7699966430664,96.91000366210938,EQUITY,NVDA"
"2025-04-22 13:30:00,97.27999877929688,99.80999755859375,98.77999877929688,98.88999938964844,EQUITY,NVDA"
"2025-04-23 13:30:00,102.0199966430664,104.80000305175781,104.5199966430664,102.70999908447266,EQUITY,NVDA"
"2025-04-24 13:30:00,103.11000061035156,106.54000091552734,103.4800033569336,106.43000030517578,EQUITY,NVDA"
"2025-04-25 13:30:00,105.7300033569336,111.91999816894531,106.8499984741211,111.01000213623047,EQUITY,NVDA"
"2025-04-28 13:30:00,106.0199966430664,110.37000274658203,109.69000244140625,108.7300033569336,EQUITY,NVDA"
"2025-04-29 13:30:00,107.44000244140625,110.19999694824219,107.66999816894531,109.0199966430664,EQUITY,NVDA"
"2025-04-30 13:30:00,104.08000183105469,108.91999816894531,104.47000122070312,108.91999816894531,EQUITY,NVDA"
"2025-05-01 13:30:00,111.30000305175781,114.94000244140625,113.08000183105469,111.61000061035156,EQUITY,NVDA"
"2025-05-02 13:30:00,113.37000274658203,115.4000015258789,114.18000030517578,114.5,EQUITY,NVDA"
"2025-05-05 13:30:00,112.66000366210938,114.66999816894531,112.91000366210938,113.81999969482422,EQUITY,NVDA"
"2025-05-06 13:30:00,110.81999969482422,114.73999786376953,111.4800033569336,113.54000091552734,EQUITY,NVDA"
"2025-05-07 13:30:00,112.27999877929688,117.68000030517578,113.05000305175781,117.05999755859375,EQUITY,NVDA"
"2025-05-08 13:30:00,115.8499984741211,118.68000030517578,118.25,117.37000274658203,EQUITY,NVDA"
"2025-05-09 13:30:00,115.20999908447266,118.2300033569336,117.3499984741211,116.6500015258789,EQUITY,NVDA"
"2025-05-12 13:30:00,120.27999877929688,123.0,121.97000122070312,123.0,EQUITY,NVDA"
"2025-05-13 13:30:00,124.47000122070312,131.22000122070312,124.9800033569336,129.92999267578125,EQUITY,NVDA"
"2025-05-14 13:30:00,131.67999267578125,135.44000244140625,133.1999969482422,135.33999633789062,EQUITY,NVDA"
"2025-05-15 13:30:00,132.66000366210938,136.3000030517578,134.2899932861328,134.8300018310547,EQUITY,NVDA"
"2025-05-16 13:30:00,133.4600067138672,136.35000610351562,136.22000122070312,135.39999389648438,EQUITY,NVDA"
"2025-05-19 13:30:00,132.38999938964844,135.8699951171875,132.38999938964844,135.57000732421875,EQUITY,NVDA"
"2025-05-20 13:30:00,132.6199951171875,134.5800018310547,134.2899932861328,134.3800048828125,EQUITY,NVDA"
"2025-05-21 13:30:00,130.58999633789062,137.39999389648438,133.05999755859375,131.8000030517578,EQUITY,NVDA"
"2025-05-22 13:30:00,131.5500030517578,134.25,132.22999572753906,132.8300018310547,EQUITY,NVDA"
"2025-05-23 13:30:00,129.16000366210938,132.67999267578125,130.0,131.2899932861328,EQUITY,NVDA"
"2025-05-27 13:30:00,133.30999755859375,135.66000366210938,134.14999389648438,135.5,EQUITY,NVDA"
"2025-05-28 13:30:00,134.7899932861328,137.25,136.02999877929688,134.80999755859375,EQUITY,NVDA"
"2025-05-29 13:30:00,137.91000366210938,143.49000549316406,142.25,139.19000244140625,EQUITY,NVDA"
"2025-05-30 13:30:00,132.9199981689453,139.6199951171875,138.72000122070312,135.1300048828125,EQUITY,NVDA"
"2025-06-02 13:30:00,135.39999389648438,138.1199951171875,135.49000549316406,137.3800048828125,EQUITY,NVDA"
"2025-06-03 13:30:00,137.9499969482422,142.0,138.77999877929688,141.22000122070312,EQUITY,NVDA"
"2025-06-04 13:30:00,139.5399932861328,142.38999938964844,142.19000244140625,141.9199981689453,EQUITY,NVDA"
"2025-06-05 13:30:00,138.8300018310547,144.0,142.1699981689453,139.99000549316406,EQUITY,NVDA"
"2025-06-06 13:30:00,141.50999450683594,143.27000427246094,142.50999450683594,141.72000122070312,EQUITY,NVDA"
"2025-06-09 13:30:00,141.94000244140625,145.0,143.19000244140625,142.6300048828125,EQUITY,NVDA"
"2025-06-10 13:30:00,141.52999877929688,144.2899932861328,142.69000244140625,143.9600067138672,EQUITY,NVDA"
"2025-06-11 13:30:00,141.8699951171875,144.99000549316406,144.61000061035156,142.8300018310547,EQUITY,NVDA"
"2025-06-12 13:30:00,141.85000610351562,145.0,141.97000122070312,145.0,EQUITY,NVDA"
"2025-06-13 13:30:00,140.85000610351562,143.5800018310547,142.47999572753906,141.97000122070312,EQUITY,NVDA"
"2025-06-16 13:30:00,143.1999969482422,146.17999267578125,143.35000610351562,144.69000244140625,EQUITY,NVDA"
"2025-06-17 13:30:00,143.77999877929688,145.22000122070312,144.49000549316406,144.1199951171875,EQUITY,NVDA"
"2025-06-18 13:30:00,143.1199951171875,145.64999389648438,144.00999450683594,145.47999572753906,EQUITY,NVDA"
"2025-06-20 13:30:00,142.64999389648438,146.1999969482422,145.4499969482422,143.85000610351562,EQUITY,NVDA"
"2025-06-23 13:30:00,142.02999877929688,144.77999877929688,142.5,144.1699981689453,EQUITY,NVDA"
"2025-06-24 13:30:00,145.5,147.9600067138672,145.55999755859375,147.89999389648438,EQUITY,NVDA"
"2025-06-25 13:30:00,149.25999450683594,154.4499969482422,149.27000427246094,154.30999755859375,EQUITY,NVDA"
"2025-06-26 13:30:00,154.0,156.72000122070312,155.97999572753906,155.02000427246094,EQUITY,NVDA"
"2025-06-27 13:30:00,155.25999450683594,158.7100067138672,156.0399932861328,157.75,EQUITY,NVDA"
"2025-06-30 13:30:00,155.9600067138672,158.66000366210938,158.39999389648438,157.99000549316406,EQUITY,NVDA"
"2025-07-01 13:30:00,151.49000549316406,157.1999969482422,156.2899932861328,153.3000030517578,EQUITY,NVDA"
"2025-07-02 13:30:00,152.97000122070312,157.60000610351562,152.97999572753906,157.25,EQUITY,NVDA"
"2025-07-03 13:30:00,157.77000427246094,160.97999572753906,158.3699951171875,159.33999633789062,EQUITY,NVDA"
"2025-07-07 13:30:00,157.33999633789062,159.30999755859375,158.1999969482422,158.24000549316406,EQUITY,NVDA"
"2025-07-08 13:30:00,158.38999938964844,160.22000122070312,159.3300018310547,160.0,EQUITY,NVDA"
"2025-07-09 13:30:00,161.16000366210938,164.4199981689453,161.22000122070312,162.8800048828125,EQUITY,NVDA"
"2025-07-10 13:30:00,161.61000061035156,164.5,164.32000732421875,164.10000610351562,EQUITY,NVDA"
"2025-07-11 13:30:00,163.47000122070312,167.88999938964844,163.72000122070312,164.9199981689453,EQUITY,NVDA"
"2025-07-14 13:30:00,162.02000427246094,165.49000549316406,165.3699951171875,164.07000732421875,EQUITY,NVDA"
"2025-07-15 13:30:00,169.1999969482422,172.39999389648438,171.19000244140625,170.6999969482422,EQUITY,NVDA"
"2025-07-16 13:30:00,168.89999389648438,171.75,171.05999755859375,171.3699951171875,EQUITY,NVDA"
"2025-07-17 13:30:00,170.8300018310547,174.16000366210938,172.02000427246094,173.0,EQUITY,NVDA"
"2025-07-18 13:30:00,171.25999450683594,174.25,173.63999938964844,172.41000366210938,EQUITY,NVDA"
"2025-07-21 13:30:00,171.0,173.3800048828125,172.75,171.3800048828125,EQUITY,NVDA"
"2025-07-22 13:30:00,164.5800018310547,171.38999938964844,171.33999633789062,167.02999877929688,EQUITY,NVDA"
"2025-07-23 13:30:00,167.97000122070312,171.25999450683594,169.52999877929688,170.77999877929688,EQUITY,NVDA"
"2025-07-24 13:30:00,171.3000030517578,173.8300018310547,172.44000244140625,173.74000549316406,EQUITY,NVDA"
"2025-07-25 13:30:00,172.9600067138672,174.72000122070312,173.61000061035156,173.5,EQUITY,NVDA"
"2025-07-28 13:30:00,173.97000122070312,177.0,174.02000427246094,176.75,EQUITY,NVDA"
"2025-07-29 13:30:00,175.02000427246094,179.3800048828125,177.9600067138672,175.50999450683594,EQUITY,NVDA"
"2025-07-30 13:30:00,176.0399932861328,179.88999938964844,176.50999450683594,179.27000427246094,EQUITY,NVDA"
"2025-07-31 13:30:00,175.92999267578125,183.3000030517578,182.89999389648438,177.8699951171875,EQUITY,NVDA"
"2025-08-01 13:30:00,170.88999938964844,176.5399932861328,174.08999633789062,173.72000122070312,EQUITY,NVDA"
"2025-08-04 13:30:00,174.52000427246094,180.1999969482422,175.16000366210938,180.0,EQUITY,NVDA"
"2025-08-05 13:30:00,175.89999389648438,180.25999450683594,179.6199951171875,178.25999450683594,EQUITY,NVDA"
"2025-08-06 13:30:00,176.25,179.89999389648438,176.3300018310547,179.4199981689453,EQUITY,NVDA"
"2025-08-07 13:30:00,178.8000030517578,183.8800048828125,181.57000732421875,180.77000427246094,EQUITY,NVDA"
"2025-08-08 13:30:00,180.39999389648438,183.3000030517578,181.5500030517578,182.6999969482422,EQUITY,NVDA"
"2025-08-11 13:30:00,180.25,183.83999633789062,182.0500030517578,182.05999755859375,EQUITY,NVDA"
"2025-08-12 13:30:00,179.4600067138672,184.47999572753906,182.9600067138672,183.16000366210938,EQUITY,NVDA"
"2025-08-13 13:30:00,179.35000610351562,183.97000122070312,182.6199951171875,181.58999633789062,EQUITY,NVDA"
"2025-08-14 13:30:00,179.4600067138672,183.02000427246094,179.75,182.02000427246094,EQUITY,NVDA"
"2025-08-15 13:30:00,178.0399932861328,181.89999389648438,181.8800048828125,180.4499969482422,EQUITY,NVDA"
"2025-08-18 13:30:00,180.58999633789062,182.94000244140625,180.60000610351562,182.00999450683594,EQUITY,NVDA"
"2025-08-19 13:30:00,175.49000549316406,182.5,182.42999267578125,175.63999938964844,EQUITY,NVDA"
"2025-08-20 13:30:00,168.8000030517578,176.0,175.1699981689453,175.39999389648438,EQUITY,NVDA"
"2025-08-21 13:30:00,173.80999755859375,176.89999389648438,174.85000610351562,174.97999572753906,EQUITY,NVDA"
"2025-08-22 13:30:00,171.1999969482422,178.58999633789062,172.61000061035156,177.99000549316406,EQUITY,NVDA"
"2025-08-25 13:30:00,176.57000732421875,181.91000366210938,178.35000610351562,179.80999755859375,EQUITY,NVDA"
"2025-08-26 13:30:00,178.80999755859375,182.38999938964844,180.05999755859375,181.77000427246094,EQUITY,NVDA"
"2025-08-27 13:30:00,179.10000610351562,182.49000549316406,181.97999572753906,181.60000610351562,EQUITY,NVDA"
"2025-08-28 13:30:00,176.41000366210938,184.47000122070312,180.82000732421875,180.1699981689453,EQUITY,NVDA"
"2025-08-29 13:30:00,173.14999389648438,178.14999389648438,178.11000061035156,174.17999267578125,EQUITY,NVDA"
"2025-09-02 13:30:00,167.22000122070312,172.3800048828125,170.0,170.77999877929688,EQUITY,NVDA"
"2025-09-03 13:30:00,168.8800048828125,172.41000366210938,171.05999755859375,170.6199951171875,EQUITY,NVDA"
"2025-09-04 13:30:00,169.41000366210938,171.86000061035156,170.57000732421875,171.66000366210938,EQUITY,NVDA"
"2025-09-05 13:30:00,164.07000732421875,169.02999877929688,168.02999877929688,167.02000427246094,EQUITY,NVDA"
"2025-09-08 13:30:00,167.35000610351562,170.9600067138672,167.5500030517578,168.30999755859375,EQUITY,NVDA"
"2025-09-09 13:30:00,166.74000549316406,170.97999572753906,169.08999633789062,170.75999450683594,EQUITY,NVDA"
"2025-09-10 13:30:00,175.47000122070312,179.2899932861328,176.63999938964844,177.3300018310547,EQUITY,NVDA"
"2025-09-11 13:30:00,176.47999572753906,180.27999877929688,179.67999267578125,177.1699981689453,EQUITY,NVDA"
"2025-09-12 13:30:00,176.4499969482422,178.60000610351562,177.77000427246094,177.82000732421875,EQUITY,NVDA"
"2025-09-15 13:30:00,174.50999450683594,178.85000610351562,175.6699981689453,177.75,EQUITY,NVDA"
"2025-09-16 13:30:00,174.3800048828125,177.5,177.0,174.8800048828125,EQUITY,NVDA"
"2025-09-17 13:30:00,168.41000366210938,173.1999969482422,172.63999938964844,170.2899932861328,EQUITY,NVDA"
"2025-09-18 13:30:00,172.9600067138672,177.10000610351562,173.97999572753906,176.24000549316406,EQUITY,NVDA"
"2025-09-19 13:30:00,175.17999267578125,178.0800018310547,175.77000427246094,176.6699981689453,EQUITY,NVDA"
"2025-09-22 13:30:00,174.7100067138672,184.5500030517578,175.3000030517578,183.61000061035156,EQUITY,NVDA"
"2025-09-23 13:30:00,176.2100067138672,182.4199981689453,181.97000122070312,178.42999267578125,EQUITY,NVDA"
"2025-09-24 13:30:00,175.39999389648438,179.77999877929688,179.77000427246094,176.97000122070312,EQUITY,NVDA"
"2025-09-25 13:30:00,173.1300048828125,180.25999450683594,174.47999572753906,177.69000244140625,EQUITY,NVDA"
"2025-09-26 13:30:00,174.92999267578125,179.77000427246094,178.1699981689453,178.19000244140625,EQUITY,NVDA"
"2025-09-29 13:30:00,180.32000732421875,184.0,180.42999267578125,181.85000610351562,EQUITY,NVDA"
"2025-09-30 13:30:00,181.47999572753906,187.35000610351562,182.0800018310547,186.5800018310547,EQUITY,NVDA"
"2025-10-01 13:30:00,183.89999389648438,188.13999938964844,185.24000549316406,187.24000549316406,EQUITY,NVDA"
"2025-10-02 13:30:00,188.05999755859375,191.0500030517578,189.60000610351562,188.88999938964844,EQUITY,NVDA"
"2025-10-03 13:30:00,185.3800048828125,190.36000061035156,189.19000244140625,187.6199951171875,EQUITY,NVDA"
"2025-10-06 13:30:00,183.3300018310547,187.22999572753906,185.5,185.5399932861328,EQUITY,NVDA"
"2025-10-07 13:30:00,184.0,189.05999755859375,186.22999572753906,185.0399932861328,EQUITY,NVDA"
"2025-10-08 13:30:00,186.5399932861328,189.60000610351562,186.57000732421875,189.11000061035156,EQUITY,NVDA"
"2025-10-09 13:30:00,191.05999755859375,195.3000030517578,192.22999572753906,192.57000732421875,EQUITY,NVDA"
"2025-10-10 13:30:00,182.0500030517578,195.6199951171875,193.50999450683594,183.16000366210938,EQUITY,NVDA"
"2024-09-09 13:30:00,15.850000381469727,16.200000762939453,15.880000114440918,16.030000686645508,EQUITY,CCL"
"2024-09-10 13:30:00,15.489999771118164,16.170000076293945,16.1299991607666,16.139999389648438,EQUITY,CCL"
"2024-09-11 13:30:00,15.880000114440918,16.549999237060547,16.110000610351562,16.540000915527344,EQUITY,CCL"
"2024-09-12 13:30:00,16.610000610351562,17.170000076293945,16.639999389648438,16.920000076293945,EQUITY,CCL"
"2024-09-13 13:30:00,17.0,17.489999771118164,17.010000228881836,17.260000228881836,EQUITY,CCL"
"2024-09-16 13:30:00,17.270000457763672,17.940000534057617,17.3700008392334,17.829999923706055,EQUITY,CCL"
"2024-09-17 13:30:00,17.8700008392334,18.18000030517578,18.040000915527344,18.030000686645508,EQUITY,CCL"
"2024-09-18 13:30:00,18.1299991607666,18.739999771118164,18.1299991607666,18.360000610351562,EQUITY,CCL"
"2024-09-19 13:30:00,18.6200008392334,18.989999771118164,18.93000030517578,18.760000228881836,EQUITY,CCL"
"2024-09-20 13:30:00,18.549999237060547,19.09000015258789,18.700000762939453,19.0,EQUITY,CCL"
"2024-09-23 13:30:00,18.709999084472656,19.020000457763672,19.0,18.969999313354492,EQUITY,CCL"
"2024-09-24 13:30:00,18.3700008392334,19.010000228881836,19.0,18.729999542236328,EQUITY,CCL"
"2024-09-25 13:30:00,17.989999771118164,18.68000030517578,18.670000076293945,18.040000915527344,EQUITY,CCL"
"2024-09-26 13:30:00,18.3799991607666,18.899999618530273,18.43000030517578,18.68000030517578,EQUITY,CCL"
"2024-09-27 13:30:00,18.479999542236328,18.8700008392334,18.799999237060547,18.540000915527344,EQUITY,CCL"
"2024-09-30 13:30:00,17.329999923706055,18.719999313354492,18.670000076293945,18.479999542236328,EQUITY,CCL"
"2024-10-01 13:30:00,17.6200008392334,18.81999969482422,18.700000762939453,18.020000457763672,EQUITY,CCL"
"2024-10-02 13:30:00,17.479999542236328,17.860000610351562,17.709999084472656,17.709999084472656,EQUITY,CCL"
"2024-10-03 13:30:00,17.110000610351562,17.700000762939453,17.43000030517578,17.34000015258789,EQUITY,CCL"
"2024-10-04 13:30:00,17.549999237060547,18.149999618530273,17.68000030517578,18.020000457763672,EQUITY,CCL"
"2024-10-07 13:30:00,17.829999923706055,18.420000076293945,17.989999771118164,18.010000228881836,EQUITY,CCL"
"2024-10-08 13:30:00,18.06999969482422,18.989999771118164,18.079999923706055,18.8700008392334,EQUITY,CCL"
"2024-10-09 13:30:00,19.09000015258789,20.450000762939453,19.149999618530273,20.200000762939453,EQUITY,CCL"
"2024-10-10 13:30:00,19.719999313354492,20.5,19.860000610351562,20.389999389648438,EQUITY,CCL"
"2024-10-11 13:30:00,20.360000610351562,20.809999465942383,20.459999084472656,20.43000030517578,EQUITY,CCL"
"2024-10-14 13:30:00,19.969999313354492,20.43000030517578,20.329999923706055,20.209999084472656,EQUITY,CCL"
"2024-10-15 13:30:00,20.760000228881836,21.799999237060547,20.780000686645508,21.549999237060547,EQUITY,CCL"
"2024-10-16 13:30:00,21.290000915527344,21.670000076293945,21.56999969482422,21.399999618530273,EQUITY,CCL"
"2024-10-17 13:30:00,21.229999542236328,21.780000686645508,21.6200008392334,21.40999984741211,EQUITY,CCL"
"2024-10-18 13:30:00,21.049999237060547,21.420000076293945,21.360000610351562,21.31999969482422,EQUITY,CCL"
"2024-10-21 13:30:00,21.030000686645508,21.3799991607666,21.25,21.280000686645508,EQUITY,CCL"
"2024-10-22 13:30:00,20.780000686645508,21.559999465942383,21.170000076293945,21.450000762939453,EQUITY,CCL"
"2024-10-23 13:30:00,20.81999969482422,21.399999618530273,21.280000686645508,21.0,EQUITY,CCL"
"2024-10-24 13:30:00,20.610000610351562,21.25,21.049999237060547,20.90999984741211,EQUITY,CCL"
"2024-10-25 13:30:00,20.739999771118164,21.059999465942383,20.979999542236328,20.90999984741211,EQUITY,CCL"
"2024-10-28 13:30:00,21.549999237060547,22.389999389648438,21.719999313354492,21.920000076293945,EQUITY,CCL"
"2024-10-29 13:30:00,21.43000030517578,22.350000381469727,21.469999313354492,22.100000381469727,EQUITY,CCL"
"2024-10-30 13:30:00,21.719999313354492,22.299999237060547,21.920000076293945,22.15999984741211,EQUITY,CCL"
"2024-10-31 13:30:00,21.90999984741211,23.049999237060547,22.489999771118164,22.0,EQUITY,CCL"
"2024-11-01 13:30:00,21.75,22.149999618530273,22.0,21.899999618530273,EQUITY,CCL"
"2024-11-04 14:30:00,21.549999237060547,22.209999084472656,21.799999237060547,21.90999984741211,EQUITY,CCL"
"2024-11-05 14:30:00,21.940000534057617,22.670000076293945,21.940000534057617,22.450000762939453,EQUITY,CCL"
"2024-11-06 14:30:00,23.510000228881836,24.34000015258789,23.6299991607666,24.229999542236328,EQUITY,CCL"
"2024-11-07 14:30:00,23.68000030517578,24.190000534057617,23.829999923706055,23.68000030517578,EQUITY,CCL"
"2024-11-08 14:30:00,23.670000076293945,24.40999984741211,23.700000762939453,24.06999969482422,EQUITY,CCL"
"2024-11-11 14:30:00,24.010000228881836,24.729999542236328,24.5,24.600000381469727,EQUITY,CCL"
"2024-11-12 14:30:00,24.209999084472656,24.780000686645508,24.219999313354492,24.59000015258789,EQUITY,CCL"
"2024-11-13 14:30:00,24.31999969482422,24.829999923706055,24.579999923706055,24.549999237060547,EQUITY,CCL"
"2024-11-14 14:30:00,24.260000228881836,24.989999771118164,24.56999969482422,24.309999465942383,EQUITY,CCL"
"2024-11-15 14:30:00,23.920000076293945,24.40999984741211,24.010000228881836,24.309999465942383,EQUITY,CCL"
"2024-11-18 14:30:00,23.950000762939453,24.639999389648438,24.219999313354492,24.510000228881836,EQUITY,CCL"
"2024-11-19 14:30:00,23.860000610351562,25.219999313354492,24.0,25.1299991607666,EQUITY,CCL"
"2024-11-20 14:30:00,24.889999389648438,25.450000762939453,25.18000030517578,25.079999923706055,EQUITY,CCL"
"2024-11-21 14:30:00,25.0,25.600000381469727,25.1299991607666,25.350000381469727,EQUITY,CCL"
"2024-11-22 14:30:00,24.850000381469727,25.579999923706055,25.350000381469727,24.899999618530273,EQUITY,CCL"
"2024-11-25 14:30:00,25.049999237060547,25.440000534057617,25.200000762939453,25.190000534057617,EQUITY,CCL"
"2024-11-26 14:30:00,24.969999313354492,25.799999237060547,25.079999923706055,25.34000015258789,EQUITY,CCL"
"2024-11-27 14:30:00,25.139999389648438,25.520000457763672,25.350000381469727,25.139999389648438,EQUITY,CCL"
"2024-11-29 14:30:00,25.260000228881836,25.579999923706055,25.270000457763672,25.43000030517578,EQUITY,CCL"
"2024-12-02 14:30:00,25.6299991607666,26.65999984741211,25.670000076293945,25.989999771118164,EQUITY,CCL"
"2024-12-03 14:30:00,25.93000030517578,26.56999969482422,26.09000015258789,26.110000610351562,EQUITY,CCL"
"2024-12-04 14:30:00,26.260000228881836,26.790000915527344,26.260000228881836,26.780000686645508,EQUITY,CCL"
"2024-12-05 14:30:00,26.420000076293945,27.170000076293945,26.989999771118164,26.450000762939453,EQUITY,CCL"
"2024-12-06 14:30:00,25.889999389648438,26.649999618530273,26.489999771118164,26.610000610351562,EQUITY,CCL"
"2024-12-09 14:30:00,25.329999923706055,26.600000381469727,26.559999465942383,25.389999389648438,EQUITY,CCL"
"2024-12-10 14:30:00,25.639999389648438,26.360000610351562,25.959999084472656,25.829999923706055,EQUITY,CCL"
"2024-12-11 14:30:00,25.93000030517578,26.6200008392334,25.93000030517578,26.610000610351562,EQUITY,CCL"
"2024-12-12 14:30:00,26.18000030517578,26.780000686645508,26.5,26.18000030517578,EQUITY,CCL"
"2024-12-13 14:30:00,25.780000686645508,26.40999984741211,26.290000915527344,25.899999618530273,EQUITY,CCL"
"2024-12-16 14:30:00,25.850000381469727,26.459999084472656,26.280000686645508,25.90999984741211,EQUITY,CCL"
"2024-12-17 14:30:00,25.399999618530273,25.989999771118164,25.8700008392334,25.719999313354492,EQUITY,CCL"
"2024-12-18 14:30:00,24.549999237060547,26.190000534057617,26.110000610351562,24.81999969482422,EQUITY,CCL"
"2024-12-19 14:30:00,24.770000457763672,25.450000762939453,25.0,25.18000030517578,EQUITY,CCL"
"2024-12-20 14:30:00,25.440000534057617,27.139999389648438,25.780000686645508,26.799999237060547,EQUITY,CCL"
"2024-12-23 14:30:00,25.260000228881836,26.540000915527344,26.520000457763672,25.729999542236328,EQUITY,CCL"
"2024-12-24 14:30:00,25.420000076293945,26.049999237060547,26.0,25.790000915527344,EQUITY,CCL"
"2024-12-26 14:30:00,25.3700008392334,25.829999923706055,25.479999542236328,25.65999984741211,EQUITY,CCL"
"2024-12-27 14:30:00,24.889999389648438,25.540000915527344,25.40999984741211,25.079999923706055,EQUITY,CCL"
"2024-12-30 14:30:00,24.309999465942383,25.350000381469727,24.540000915527344,25.049999237060547,EQUITY,CCL"
"2024-12-31 14:30:00,24.860000610351562,25.3799991607666,24.860000610351562,24.920000076293945,EQUITY,CCL"
"2025-01-02 14:30:00,24.600000381469727,25.399999618530273,25.1299991607666,25.010000228881836,EQUITY,CCL"
"2025-01-03 14:30:00,23.93000030517578,25.100000381469727,25.030000686645508,24.3799991607666,EQUITY,CCL"
"2025-01-06 14:30:00,24.059999465942383,24.739999771118164,24.649999618530273,24.1299991607666,EQUITY,CCL"
"2025-01-07 14:30:00,23.270000457763672,24.170000076293945,24.079999923706055,23.84000015258789,EQUITY,CCL"
"2025-01-08 14:30:00,23.399999618530273,24.270000457763672,23.510000228881836,24.18000030517578,EQUITY,CCL"
"2025-01-10 14:30:00,23.34000015258789,24.520000457763672,23.549999237060547,24.270000457763672,EQUITY,CCL"
"2025-01-13 14:30:00,23.559999465942383,24.18000030517578,23.729999542236328,23.889999389648438,EQUITY,CCL"
"2025-01-14 14:30:00,23.829999923706055,24.59000015258789,24.079999923706055,24.510000228881836,EQUITY,CCL"
"2025-01-15 14:30:00,24.670000076293945,25.280000686645508,25.219999313354492,24.940000534057617,EQUITY,CCL"
"2025-01-16 14:30:00,24.59000015258789,25.110000610351562,24.90999984741211,25.049999237060547,EQUITY,CCL"
"2025-01-17 14:30:00,25.170000076293945,26.110000610351562,25.200000762939453,25.850000381469727,EQUITY,CCL"
"2025-01-21 14:30:00,25.530000686645508,26.770000457763672,26.440000534057617,25.600000381469727,EQUITY,CCL"
"2025-01-22 14:30:00,25.110000610351562,25.920000076293945,25.8700008392334,25.25,EQUITY,CCL"
"2025-01-23 14:30:00,24.950000762939453,25.649999618530273,25.25,25.610000610351562,EQUITY,CCL"
"2025-01-24 14:30:00,25.350000381469727,25.739999771118164,25.520000457763672,25.420000076293945,EQUITY,CCL"
"2025-01-27 14:30:00,24.8799991607666,25.8700008392334,25.010000228881836,25.68000030517578,EQUITY,CCL"
"2025-01-28 14:30:00,25.760000228881836,27.81999969482422,25.790000915527344,27.770000457763672,EQUITY,CCL"
"2025-01-29 14:30:00,27.3700008392334,28.1200008392334,27.770000457763672,27.90999984741211,EQUITY,CCL"
"2025-01-30 14:30:00,28.010000228881836,28.5,28.15999984741211,28.489999771118164,EQUITY,CCL"
"2025-01-31 14:30:00,27.600000381469727,28.719999313354492,28.530000686645508,27.670000076293945,EQUITY,CCL"
"2025-02-03 14:30:00,26.270000457763672,27.530000686645508,26.520000457763672,27.049999237060547,EQUITY,CCL"
"2025-02-04 14:30:00,26.610000610351562,27.34000015258789,27.18000030517578,27.09000015258789,EQUITY,CCL"
"2025-02-05 14:30:00,26.739999771118164,27.59000015258789,27.290000915527344,27.190000534057617,EQUITY,CCL"
"2025-02-06 14:30:00,26.940000534057617,27.56999969482422,27.280000686645508,27.440000534057617,EQUITY,CCL"
"2025-02-07 14:30:00,26.670000076293945,27.81999969482422,27.540000915527344,26.75,EQUITY,CCL"
"2025-02-10 14:30:00,26.010000228881836,26.93000030517578,26.75,26.100000381469727,EQUITY,CCL"
"2025-02-11 14:30:00,25.329999923706055,25.850000381469727,25.799999237060547,25.610000610351562,EQUITY,CCL"
"2025-02-12 14:30:00,25.059999465942383,25.899999618530273,25.200000762939453,25.889999389648438,EQUITY,CCL"
"2025-02-13 14:30:00,25.3799991607666,26.34000015258789,25.989999771118164,25.860000610351562,EQUITY,CCL"
"2025-02-14 14:30:00,25.479999542236328,26.25,25.979999542236328,26.229999542236328,EQUITY,CCL"
"2025-02-18 14:30:00,25.3799991607666,26.389999389648438,26.149999618530273,25.729999542236328,EQUITY,CCL"
"2025-02-19 14:30:00,25.200000762939453,26.100000381469727,25.530000686645508,26.09000015258789,EQUITY,CCL"
"2025-02-20 14:30:00,23.420000076293945,25.68000030517578,25.59000015258789,24.559999465942383,EQUITY,CCL"
"2025-02-21 14:30:00,22.81999969482422,24.700000762939453,24.700000762939453,23.219999313354492,EQUITY,CCL"
"2025-02-24 14:30:00,23.260000228881836,24.049999237060547,23.719999313354492,23.6299991607666,EQUITY,CCL"
"2025-02-25 14:30:00,23.309999465942383,24.110000610351562,24.079999923706055,23.739999771118164,EQUITY,CCL"
"2025-02-26 14:30:00,23.81999969482422,24.600000381469727,24.079999923706055,24.1200008392334,EQUITY,CCL"
"2025-02-27 14:30:00,23.229999542236328,24.56999969482422,24.40999984741211,23.5,EQUITY,CCL"
"2025-02-28 14:30:00,23.280000686645508,23.950000762939453,23.549999237060547,23.93000030517578,EQUITY,CCL"
"2025-03-03 14:30:00,23.020000457763672,24.469999313354492,23.81999969482422,23.260000228881836,EQUITY,CCL"
"2025-03-04 14:30:00,21.440000534057617,22.649999618530273,22.530000686645508,21.90999984741211,EQUITY,CCL"
"2025-03-05 14:30:00,21.729999542236328,22.3700008392334,22.049999237060547,22.34000015258789,EQUITY,CCL"
"2025-03-06 14:30:00,20.799999237060547,21.8700008392334,21.559999465942383,20.8700008392334,EQUITY,CCL"
"2025-03-07 14:30:00,19.829999923706055,20.860000610351562,20.860000610351562,20.639999389648438,EQUITY,CCL"
"2025-03-10 13:30:00,18.65999984741211,20.0,19.959999084472656,19.079999923706055,EQUITY,CCL"
"2025-03-11 13:30:00,18.15999984741211,19.200000762939453,18.889999389648438,19.100000381469727,EQUITY,CCL"
"2025-03-12 13:30:00,19.219999313354492,19.950000762939453,19.440000534057617,19.5,EQUITY,CCL"
"2025-03-13 13:30:00,18.780000686645508,19.790000915527344,19.520000457763672,19.1200008392334,EQUITY,CCL"
"2025-03-14 13:30:00,19.25,19.940000534057617,19.40999984741211,19.920000076293945,EQUITY,CCL"
"2025-03-17 13:30:00,20.25,21.020000457763672,20.270000457763672,20.889999389648438,EQUITY,CCL"
"2025-03-18 13:30:00,19.860000610351562,20.739999771118164,20.59000015258789,20.1200008392334,EQUITY,CCL"
"2025-03-19 13:30:00,20.270000457763672,21.3700008392334,20.299999237060547,21.049999237060547,EQUITY,CCL"
"2025-03-20 13:30:00,20.729999542236328,21.559999465942383,20.739999771118164,21.200000762939453,EQUITY,CCL"
"2025-03-21 13:30:00,19.81999969482422,21.530000686645508,20.389999389648438,20.940000534057617,EQUITY,CCL"
"2025-03-24 13:30:00,21.049999237060547,21.75,21.530000686645508,21.440000534057617,EQUITY,CCL"
"2025-03-25 13:30:00,21.049999237060547,21.780000686645508,21.56999969482422,21.260000228881836,EQUITY,CCL"
"2025-03-26 13:30:00,20.75,21.389999389648438,21.170000076293945,20.93000030517578,EQUITY,CCL"
"2025-03-27 13:30:00,20.530000686645508,21.170000076293945,20.75,20.780000686645508,EQUITY,CCL"
"2025-03-28 13:30:00,19.65999984741211,20.700000762939453,20.700000762939453,19.8700008392334,EQUITY,CCL"
"2025-03-31 13:30:00,18.770000457763672,19.68000030517578,19.15999984741211,19.530000686645508,EQUITY,CCL"
"2025-04-01 13:30:00,18.860000610351562,19.670000076293945,19.600000381469727,19.389999389648438,EQUITY,CCL"
"2025-04-02 13:30:00,19.030000686645508,20.049999237060547,19.030000686645508,20.020000457763672,EQUITY,CCL"
"2025-04-03 13:30:00,17.25,18.450000762939453,18.40999984741211,17.280000686645508,EQUITY,CCL"
"2025-04-04 13:30:00,15.609999656677246,16.739999771118164,16.489999771118164,16.5,EQUITY,CCL"
"2025-04-07 13:30:00,15.069999694824219,17.450000762939453,15.329999923706055,16.43000030517578,EQUITY,CCL"
"2025-04-08 13:30:00,16.34000015258789,18.0,17.780000686645508,16.690000534057617,EQUITY,CCL"
"2025-04-09 13:30:00,16.610000610351562,19.979999542236328,16.770000457763672,19.610000610351562,EQUITY,CCL"
"2025-04-10 13:30:00,17.079999923706055,18.600000381469727,18.31999969482422,17.600000381469727,EQUITY,CCL"
"2025-04-11 13:30:00,17.100000381469727,17.81999969482422,17.520000457763672,17.639999389648438,EQUITY,CCL"
"2025-04-14 13:30:00,17.420000076293945,18.3799991607666,18.280000686645508,17.81999969482422,EQUITY,CCL"
"2025-04-15 13:30:00,17.59000015258789,18.030000686645508,17.920000076293945,18.0,EQUITY,CCL"
"2025-04-16 13:30:00,17.520000457763672,18.25,17.850000381469727,17.8700008392334,EQUITY,CCL"
"2025-04-17 13:30:00,17.690000534057617,18.219999313354492,17.889999389648438,17.989999771118164,EQUITY,CCL"
"2025-04-21 13:30:00,17.049999237060547,17.84000015258789,17.59000015258789,17.239999771118164,EQUITY,CCL"
"2025-04-22 13:30:00,17.469999313354492,17.989999771118164,17.549999237060547,17.979999542236328,EQUITY,CCL"
"2025-04-23 13:30:00,18.399999618530273,19.520000457763672,18.8799991607666,18.479999542236328,EQUITY,CCL"
"2025-04-24 13:30:00,18.309999465942383,18.799999237060547,18.43000030517578,18.700000762939453,EQUITY,CCL"
"2025-04-25 13:30:00,18.389999389648438,18.8799991607666,18.700000762939453,18.600000381469727,EQUITY,CCL"
"2025-04-28 13:30:00,18.729999542236328,19.329999923706055,18.84000015258789,18.860000610351562,EQUITY,CCL"
"2025-04-29 13:30:00,18.309999465942383,19.219999313354492,19.170000076293945,18.709999084472656,EQUITY,CCL"
"2025-04-30 13:30:00,17.329999923706055,18.350000381469727,17.790000915527344,18.34000015258789,EQUITY,CCL"
"2025-05-01 13:30:00,18.510000228881836,18.799999237060547,18.68000030517578,18.6299991607666,EQUITY,CCL"
"2025-05-02 13:30:00,19.020000457763672,19.639999389648438,19.040000915527344,19.56999969482422,EQUITY,CCL"
"2025-05-05 13:30:00,19.059999465942383,19.889999389648438,19.1200008392334,19.559999465942383,EQUITY,CCL"
"2025-05-06 13:30:00,19.219999313354492,19.719999313354492,19.219999313354492,19.530000686645508,EQUITY,CCL"
"2025-05-07 13:30:00,19.440000534057617,20.010000228881836,19.709999084472656,19.690000534057617,EQUITY,CCL"
"2025-05-08 13:30:00,19.899999618530273,20.5,19.979999542236328,20.25,EQUITY,CCL"
"2025-05-09 13:30:00,19.920000076293945,20.3700008392334,20.229999542236328,20.190000534057617,EQUITY,CCL"
"2025-05-12 13:30:00,21.549999237060547,22.360000610351562,21.59000015258789,22.1299991607666,EQUITY,CCL"
"2025-05-13 13:30:00,21.979999542236328,22.780000686645508,22.219999313354492,22.739999771118164,EQUITY,CCL"
"2025-05-14 13:30:00,22.700000762939453,23.229999542236328,22.719999313354492,22.989999771118164,EQUITY,CCL"
"2025-05-15 13:30:00,22.5,23.110000610351562,22.75,23.0,EQUITY,CCL"
"2025-05-16 13:30:00,23.049999237060547,23.459999084472656,23.260000228881836,23.389999389648438,EQUITY,CCL"
"2025-05-19 13:30:00,22.75,23.40999984741211,22.979999542236328,23.389999389648438,EQUITY,CCL"
"2025-05-20 13:30:00,22.600000381469727,23.09000015258789,22.969999313354492,22.899999618530273,EQUITY,CCL"
"2025-05-21 13:30:00,21.84000015258789,22.600000381469727,22.530000686645508,22.040000915527344,EQUITY,CCL"
"2025-05-22 13:30:00,22.030000686645508,22.540000915527344,22.049999237060547,22.43000030517578,EQUITY,CCL"
"2025-05-23 13:30:00,21.6200008392334,22.299999237060547,21.729999542236328,22.25,EQUITY,CCL"
"2025-05-27 13:30:00,22.59000015258789,23.670000076293945,22.59000015258789,23.600000381469727,EQUITY,CCL"
"2025-05-28 13:30:00,22.959999084472656,23.450000762939453,23.440000534057617,23.0,EQUITY,CCL"
"2025-05-29 13:30:00,22.920000076293945,23.34000015258789,23.049999237060547,23.15999984741211,EQUITY,CCL"
"2025-05-30 13:30:00,22.899999618530273,23.34000015258789,23.049999237060547,23.219999313354492,EQUITY,CCL"
"2025-06-02 13:30:00,22.899999618530273,23.59000015258789,23.06999969482422,23.540000915527344,EQUITY,CCL"
"2025-06-03 13:30:00,23.479999542236328,24.030000686645508,23.610000610351562,23.93000030517578,EQUITY,CCL"
"2025-06-04 13:30:00,23.59000015258789,24.010000228881836,23.920000076293945,23.829999923706055,EQUITY,CCL"
"2025-06-05 13:30:00,23.68000030517578,24.399999618530273,23.770000457763672,24.020000457763672,EQUITY,CCL"
"2025-06-06 13:30:00,24.0,24.31999969482422,24.290000915527344,24.280000686645508,EQUITY,CCL"
"2025-06-09 13:30:00,24.15999984741211,24.65999984741211,24.459999084472656,24.209999084472656,EQUITY,CCL"
"2025-06-10 13:30:00,24.1200008392334,24.520000457763672,24.260000228881836,24.510000228881836,EQUITY,CCL"
"2025-06-11 13:30:00,23.780000686645508,24.6299991607666,24.610000610351562,23.8700008392334,EQUITY,CCL"
"2025-06-12 13:30:00,23.239999771118164,23.739999771118164,23.579999923706055,23.56999969482422,EQUITY,CCL"
"2025-06-13 13:30:00,22.110000610351562,22.829999923706055,22.280000686645508,22.40999984741211,EQUITY,CCL"
"2025-06-16 13:30:00,22.889999389648438,23.850000381469727,23.110000610351562,23.84000015258789,EQUITY,CCL"
"2025-06-17 13:30:00,23.200000762939453,23.950000762939453,23.639999389648438,23.280000686645508,EQUITY,CCL"
"2025-06-18 13:30:00,23.190000534057617,23.809999465942383,23.190000534057617,23.610000610351562,EQUITY,CCL"
"2025-06-20 13:30:00,23.6299991607666,23.899999618530273,23.780000686645508,23.770000457763672,EQUITY,CCL"
"2025-06-23 13:30:00,22.579999923706055,24.100000381469727,23.350000381469727,24.040000915527344,EQUITY,CCL"
"2025-06-24 13:30:00,24.950000762939453,26.530000686645508,25.06999969482422,25.700000762939453,EQUITY,CCL"
"2025-06-25 13:30:00,25.229999542236328,25.799999237060547,25.780000686645508,25.479999542236328,EQUITY,CCL"
"2025-06-26 13:30:00,25.530000686645508,26.270000457763672,25.709999084472656,26.170000076293945,EQUITY,CCL"
"2025-06-27 13:30:00,26.209999084472656,27.350000381469727,26.360000610351562,27.260000228881836,EQUITY,CCL"
"2025-06-30 13:30:00,27.18000030517578,28.18000030517578,27.360000610351562,28.1200008392334,EQUITY,CCL"
"2025-07-01 13:30:00,28.06999969482422,28.829999923706055,28.079999923706055,28.639999389648438,EQUITY,CCL"
"2025-07-02 13:30:00,28.6200008392334,29.719999313354492,28.6299991607666,29.649999618530273,EQUITY,CCL"
"2025-07-03 13:30:00,29.65999984741211,30.239999771118164,29.790000915527344,29.959999084472656,EQUITY,CCL"
"2025-07-07 13:30:00,28.959999084472656,30.459999084472656,29.780000686645508,29.309999465942383,EQUITY,CCL"
"2025-07-08 13:30:00,28.799999237060547,29.739999771118164,29.6200008392334,28.84000015258789,EQUITY,CCL"
"2025-07-09 13:30:00,28.729999542236328,29.290000915527344,29.200000762939453,28.829999923706055,EQUITY,CCL"
"2025-07-10 13:30:00,28.940000534057617,29.40999984741211,29.059999465942383,29.100000381469727,EQUITY,CCL"
"2025-07-11 13:30:00,28.649999618530273,29.190000534057617,29.059999465942383,28.65999984741211,EQUITY,CCL"
"2025-07-14 13:30:00,28.59000015258789,29.3799991607666,28.65999984741211,29.31999969482422,EQUITY,CCL"
"2025-07-15 13:30:00,28.610000610351562,29.290000915527344,29.229999542236328,28.969999313354492,EQUITY,CCL"
"2025-07-16 13:30:00,28.829999923706055,29.510000228881836,29.270000457763672,29.040000915527344,EQUITY,CCL"
"2025-07-17 13:30:00,28.8799991607666,29.510000228881836,29.350000381469727,29.450000762939453,EQUITY,CCL"
"2025-07-18 13:30:00,29.260000228881836,29.639999389648438,29.549999237060547,29.549999237060547,EQUITY,CCL"
"2025-07-21 13:30:00,29.65999984741211,30.229999542236328,29.719999313354492,29.790000915527344,EQUITY,CCL"
"2025-07-22 13:30:00,29.25,30.06999969482422,29.959999084472656,29.889999389648438,EQUITY,CCL"
"2025-07-23 13:30:00,30.290000915527344,31.010000228881836,30.299999237060547,30.739999771118164,EQUITY,CCL"
"2025-07-24 13:30:00,29.739999771118164,30.520000457763672,30.450000762939453,29.780000686645508,EQUITY,CCL"
"2025-07-25 13:30:00,29.3799991607666,29.959999084472656,29.899999618530273,29.75,EQUITY,CCL"
"2025-07-28 13:30:00,29.479999542236328,29.8799991607666,29.829999923706055,29.729999542236328,EQUITY,CCL"
"2025-07-29 13:30:00,29.0,29.889999389648438,29.520000457763672,29.700000762939453,EQUITY,CCL"
"2025-07-30 13:30:00,29.670000076293945,30.43000030517578,29.940000534057617,30.139999389648438,EQUITY,CCL"
"2025-07-31 13:30:00,29.709999084472656,30.920000076293945,30.639999389648438,29.770000457763672,EQUITY,CCL"
"2025-08-01 13:30:00,28.06999969482422,29.190000534057617,29.040000915527344,29.06999969482422,EQUITY,CCL"
"2025-08-04 13:30:00,29.360000610351562,29.8700008392334,29.459999084472656,29.719999313354492,EQUITY,CCL"
"2025-08-05 13:30:00,28.93000030517578,30.0,29.979999542236328,29.280000686645508,EQUITY,CCL"
"2025-08-06 13:30:00,29.079999923706055,29.459999084472656,29.43000030517578,29.239999771118164,EQUITY,CCL"
"2025-08-07 13:30:00,28.639999389648438,29.709999084472656,29.610000610351562,29.010000228881836,EQUITY,CCL"
"2025-08-08 13:30:00,28.31999969482422,29.139999389648438,29.100000381469727,28.3700008392334,EQUITY,CCL"
"2025-08-11 13:30:00,28.1200008392334,28.850000381469727,28.200000762939453,28.610000610351562,EQUITY,CCL"
"2025-08-12 13:30:00,28.860000610351562,29.649999618530273,28.989999771118164,29.639999389648438,EQUITY,CCL"
"2025-08-13 13:30:00,29.700000762939453,30.65999984741211,29.719999313354492,30.639999389648438,EQUITY,CCL"
"2025-08-14 13:30:00,29.850000381469727,30.299999237060547,30.25,30.25,EQUITY,CCL"
"2025-08-15 13:30:00,29.579999923706055,30.290000915527344,30.270000457763672,29.760000228881836,EQUITY,CCL"
"2025-08-18 13:30:00,29.239999771118164,30.1200008392334,29.600000381469727,29.969999313354492,EQUITY,CCL"
"2025-08-19 13:30:00,29.399999618530273,29.920000076293945,29.920000076293945,29.56999969482422,EQUITY,CCL"
"2025-08-20 13:30:00,28.649999618530273,29.3799991607666,29.299999237060547,29.260000228881836,EQUITY,CCL"
"2025-08-21 13:30:00,28.8799991607666,29.479999542236328,29.100000381469727,29.270000457763672,EQUITY,CCL"
"2025-08-22 13:30:00,29.389999389648438,31.3799991607666,29.5,31.299999237060547,EQUITY,CCL"
"2025-08-25 13:30:00,30.969999313354492,31.3799991607666,31.110000610351562,31.25,EQUITY,CCL"
"2025-08-26 13:30:00,31.110000610351562,31.90999984741211,31.190000534057617,31.8700008392334,EQUITY,CCL"
"2025-08-27 13:30:00,31.770000457763672,32.400001525878906,31.770000457763672,32.34000015258789,EQUITY,CCL"
"2025-08-28 13:30:00,32.279998779296875,32.77000045776367,32.459999084472656,32.4900016784668,EQUITY,CCL"
"2025-08-29 13:30:00,31.75,32.619998931884766,32.290000915527344,31.889999389648438,EQUITY,CCL"
"2025-09-02 13:30:00,30.540000915527344,31.200000762939453,30.700000762939453,31.15999984741211,EQUITY,CCL"
"2025-09-03 13:30:00,31.0,31.75,31.219999313354492,31.329999923706055,EQUITY,CCL"
"2025-09-04 13:30:00,31.18000030517578,31.920000076293945,31.40999984741211,31.760000228881836,EQUITY,CCL"
"2025-09-05 13:30:00,31.360000610351562,32.2400016784668,32.0,31.56999969482422,EQUITY,CCL"
"2025-09-08 13:30:00,31.5,32.09000015258789,31.700000762939453,31.559999465942383,EQUITY,CCL"
"2025-09-09 13:30:00,31.079999923706055,32.06999969482422,31.459999084472656,31.56999969482422,EQUITY,CCL"
"2025-09-10 13:30:00,30.559999465942383,31.8799991607666,31.56999969482422,31.360000610351562,EQUITY,CCL"
"2025-09-11 13:30:00,31.489999771118164,32.79999923706055,31.510000228881836,32.470001220703125,EQUITY,CCL"
"2025-09-12 13:30:00,31.510000228881836,32.41999816894531,32.400001525878906,31.510000228881836,EQUITY,CCL"
"2025-09-15 13:30:00,30.709999084472656,31.540000915527344,31.520000457763672,31.239999771118164,EQUITY,CCL"
"2025-09-16 13:30:00,30.549999237060547,31.25,31.25,31.200000762939453,EQUITY,CCL"
"2025-09-17 13:30:00,30.760000228881836,31.579999923706055,31.389999389648438,31.190000534057617,EQUITY,CCL"
"2025-09-18 13:30:00,31.040000915527344,31.59000015258789,31.360000610351562,31.450000762939453,EQUITY,CCL"
"2025-09-19 13:30:00,30.280000686645508,31.719999313354492,31.610000610351562,30.520000457763672,EQUITY,CCL"
"2025-09-22 13:30:00,30.360000610351562,30.889999389648438,30.56999969482422,30.709999084472656,EQUITY,CCL"
"2025-09-23 13:30:00,30.600000381469727,31.670000076293945,31.309999465942383,30.709999084472656,EQUITY,CCL"
"2025-09-24 13:30:00,30.18000030517578,30.850000381469727,30.709999084472656,30.3700008392334,EQUITY,CCL"
"2025-09-25 13:30:00,29.920000076293945,30.729999542236328,30.06999969482422,30.479999542236328,EQUITY,CCL"
"2025-09-26 13:30:00,30.239999771118164,30.75,30.549999237060547,30.6200008392334,EQUITY,CCL"
"2025-09-29 13:30:00,28.81999969482422,32.5,32.209999084472656,29.399999618530273,EQUITY,CCL"
"2025-09-30 13:30:00,28.59000015258789,30.149999618530273,29.780000686645508,28.90999984741211,EQUITY,CCL"
"2025-10-01 13:30:00,28.31999969482422,29.110000610351562,28.8799991607666,28.360000610351562,EQUITY,CCL"
"2025-10-02 13:30:00,28.34000015258789,29.0,28.5,28.850000381469727,EQUITY,CCL"
"2025-10-03 13:30:00,28.469999313354492,29.239999771118164,29.0,28.56999969482422,EQUITY,CCL"
"2025-10-06 13:30:00,28.020000457763672,29.149999618530273,28.65999984741211,29.09000015258789,EQUITY,CCL"
"2025-10-07 13:30:00,27.940000534057617,29.030000686645508,29.020000457763672,28.709999084472656,EQUITY,CCL"
"2025-10-08 13:30:00,28.469999313354492,29.260000228881836,28.790000915527344,28.920000076293945,EQUITY,CCL"
"2025-10-09 13:30:00,28.309999465942383,29.229999542236328,29.170000076293945,28.450000762939453,EQUITY,CCL"
"2025-10-10 13:30:00,27.610000610351562,28.790000915527344,28.399999618530273,27.690000534057617,EQUITY,CCL"
"2024-09-09 13:30:00,257.8599853515625,262.20001220703125,259.2300109863281,259.25,EQUITY,ROK"
"2024-09-10 13:30:00,257.04998779296875,262.2699890136719,260.5,261.989990234375,EQUITY,ROK"
"2024-09-11 13:30:00,249.32000732421875,258.6000061035156,258.2699890136719,256.8500061035156,EQUITY,ROK"
"2024-09-12 13:30:00,252.19000244140625,258.4599914550781,257.67999267578125,258.0,EQUITY,ROK"
"2024-09-13 13:30:00,258.07000732421875,264.489990234375,259.4800109863281,262.9200134277344,EQUITY,ROK"
"2024-09-16 13:30:00,261.8699951171875,266.19000244140625,264.95001220703125,262.0799865722656,EQUITY,ROK"
"2024-09-17 13:30:00,260.9800109863281,265.2099914550781,262.7900085449219,263.20001220703125,EQUITY,ROK"
"2024-09-18 13:30:00,261.9200134277344,268.5799865722656,265.7799987792969,262.739990234375,EQUITY,ROK"
"2024-09-19 13:30:00,264.6000061035156,270.32000732421875,270.0,268.2300109863281,EQUITY,ROK"
"2024-09-20 13:30:00,260.010009765625,265.92999267578125,265.3500061035156,261.6000061035156,EQUITY,ROK"
"2024-09-23 13:30:00,258.6499938964844,262.54998779296875,262.07000732421875,261.05999755859375,EQUITY,ROK"
"2024-09-24 13:30:00,259.20001220703125,263.5799865722656,261.8299865722656,261.9800109863281,EQUITY,ROK"
"2024-09-25 13:30:00,257.1400146484375,261.7799987792969,261.69000244140625,258.0400085449219,EQUITY,ROK"
"2024-09-26 13:30:00,262.3900146484375,271.8800048828125,262.3900146484375,271.1600036621094,EQUITY,ROK"
"2024-09-27 13:30:00,270.4700012207031,277.94000244140625,274.3500061035156,270.6099853515625,EQUITY,ROK"
"2024-09-30 13:30:00,265.510009765625,270.5,270.5,268.4599914550781,EQUITY,ROK"
"2024-10-01 13:30:00,263.1499938964844,269.2300109863281,268.239990234375,265.260009765625,EQUITY,ROK"
"2024-10-02 13:30:00,260.30999755859375,266.5299987792969,263.8800048828125,266.2799987792969,EQUITY,ROK"
"2024-10-03 13:30:00,261.0,265.0,264.739990234375,264.9700012207031,EQUITY,ROK"
"2024-10-04 13:30:00,264.25,269.8900146484375,269.1300048828125,267.010009765625,EQUITY,ROK"
"2024-10-07 13:30:00,264.67999267578125,267.6099853515625,264.67999267578125,267.2200012207031,EQUITY,ROK"
"2024-10-08 13:30:00,261.75,267.760009765625,267.760009765625,266.1600036621094,EQUITY,ROK"
"2024-10-09 13:30:00,265.2900085449219,271.1000061035156,266.8699951171875,269.80999755859375,EQUITY,ROK"
"2024-10-10 13:30:00,265.739990234375,269.6000061035156,267.0199890136719,268.1499938964844,EQUITY,ROK"
"2024-10-11 13:30:00,268.3299865722656,273.8399963378906,268.4800109863281,271.1600036621094,EQUITY,ROK"
"2024-10-14 13:30:00,269.95001220703125,275.8399963378906,271.9200134277344,275.2699890136719,EQUITY,ROK"
"2024-10-15 13:30:00,271.4200134277344,277.04998779296875,275.17999267578125,272.2200012207031,EQUITY,ROK"
"2024-10-16 13:30:00,272.989990234375,276.3900146484375,273.67999267578125,274.239990234375,EQUITY,ROK"
"2024-10-17 13:30:00,270.4800109863281,274.010009765625,272.6600036621094,272.6300048828125,EQUITY,ROK"
"2024-10-18 13:30:00,272.7200012207031,275.79998779296875,275.79998779296875,272.82000732421875,EQUITY,ROK"
"2024-10-21 13:30:00,268.9100036621094,273.3299865722656,271.94000244140625,269.94000244140625,EQUITY,ROK"
"2024-10-22 13:30:00,266.70001220703125,269.8999938964844,269.2200012207031,268.7900085449219,EQUITY,ROK"
"2024-10-23 13:30:00,263.6199951171875,269.7900085449219,268.1700134277344,266.44000244140625,EQUITY,ROK"
"2024-10-24 13:30:00,264.3800048828125,268.67999267578125,267.4200134277344,267.67999267578125,EQUITY,ROK"
"2024-10-25 13:30:00,267.8999938964844,271.2099914550781,270.2900085449219,269.8599853515625,EQUITY,ROK"
"2024-10-28 13:30:00,271.17999267578125,273.6099853515625,272.0,271.3299865722656,EQUITY,ROK"
"2024-10-29 13:30:00,267.8500061035156,271.7699890136719,270.8900146484375,268.42999267578125,EQUITY,ROK"
"2024-10-30 13:30:00,266.2699890136719,270.67999267578125,267.989990234375,266.6300048828125,EQUITY,ROK"
"2024-10-31 13:30:00,265.510009765625,268.1199951171875,265.510009765625,266.7099914550781,EQUITY,ROK"
"2024-11-01 13:30:00,265.82000732421875,270.2900085449219,268.0,268.7200012207031,EQUITY,ROK"
"2024-11-04 14:30:00,262.67999267578125,267.92999267578125,266.0299987792969,264.6499938964844,EQUITY,ROK"
"2024-11-05 14:30:00,263.20001220703125,269.67999267578125,263.8299865722656,269.20001220703125,EQUITY,ROK"
"2024-11-06 14:30:00,280.1700134277344,294.94000244140625,283.0,294.0,EQUITY,ROK"
"2024-11-07 14:30:00,275.9200134277344,292.6700134277344,292.3500061035156,277.0899963378906,EQUITY,ROK"
"2024-11-08 14:30:00,271.7699890136719,276.32000732421875,275.510009765625,272.1400146484375,EQUITY,ROK"
"2024-11-11 14:30:00,272.3500061035156,281.69000244140625,272.3500061035156,277.82000732421875,EQUITY,ROK"
"2024-11-12 14:30:00,275.4700012207031,280.7300109863281,276.989990234375,277.8800048828125,EQUITY,ROK"
"2024-11-13 14:30:00,279.82000732421875,288.5400085449219,280.8500061035156,286.57000732421875,EQUITY,ROK"
"2024-11-14 14:30:00,283.260009765625,290.0799865722656,285.8999938964844,286.42999267578125,EQUITY,ROK"
"2024-11-15 14:30:00,284.739990234375,290.9700012207031,286.32000732421875,286.1499938964844,EQUITY,ROK"
"2024-11-18 14:30:00,281.0299987792969,286.05999755859375,284.0899963378906,283.1300048828125,EQUITY,ROK"
"2024-11-19 14:30:00,277.3299865722656,280.6199951171875,279.54998779296875,278.1400146484375,EQUITY,ROK"
"2024-11-20 14:30:00,277.7699890136719,281.54998779296875,281.45001220703125,280.0799865722656,EQUITY,ROK"
"2024-11-21 14:30:00,276.94000244140625,281.7900085449219,281.7900085449219,278.29998779296875,EQUITY,ROK"
"2024-11-22 14:30:00,278.3800048828125,296.0,280.0,290.8599853515625,EQUITY,ROK"
"2024-11-25 14:30:00,293.20001220703125,303.54998779296875,293.75,298.70001220703125,EQUITY,ROK"
"2024-11-26 14:30:00,293.0,298.3999938964844,295.8500061035156,296.0,EQUITY,ROK"
"2024-11-27 14:30:00,292.8599853515625,299.95001220703125,296.7300109863281,294.95001220703125,EQUITY,ROK"
"2024-11-29 14:30:00,294.6099853515625,298.7200012207031,295.5,295.1400146484375,EQUITY,ROK"
"2024-12-02 14:30:00,294.2900085449219,298.75,295.5,297.1199951171875,EQUITY,ROK"
"2024-12-03 14:30:00,290.8299865722656,297.0,295.4800109863281,291.55999755859375,EQUITY,ROK"
"2024-12-04 14:30:00,290.6300048828125,294.239990234375,292.3599853515625,293.8299865722656,EQUITY,ROK"
"2024-12-05 14:30:00,295.8500061035156,302.9599914550781,298.260009765625,297.1000061035156,EQUITY,ROK"
"2024-12-06 14:30:00,293.1000061035156,300.45001220703125,298.8500061035156,295.4200134277344,EQUITY,ROK"
"2024-12-09 14:30:00,297.0,302.7200012207031,298.5,298.7200012207031,EQUITY,ROK"
"2024-12-10 14:30:00,293.1499938964844,299.0,297.45001220703125,293.70001220703125,EQUITY,ROK"
"2024-12-11 14:30:00,295.6099853515625,299.9200134277344,297.9100036621094,297.3800048828125,EQUITY,ROK"
"2024-12-12 14:30:00,297.32000732421875,303.8999938964844,298.79998779296875,302.9200134277344,EQUITY,ROK"
"2024-12-13 14:30:00,296.20001220703125,304.2900085449219,301.6400146484375,297.20001220703125,EQUITY,ROK"
"2024-12-16 14:30:00,292.260009765625,296.9599914550781,294.6099853515625,296.0899963378906,EQUITY,ROK"
"2024-12-17 14:30:00,290.4700012207031,295.7799987792969,295.0,293.489990234375,EQUITY,ROK"
"2024-12-18 14:30:00,287.25,296.4800109863281,293.8399963378906,287.69000244140625,EQUITY,ROK"
"2024-12-19 14:30:00,279.8599853515625,293.79998779296875,290.5199890136719,286.0,EQUITY,ROK"
"2024-12-20 14:30:00,282.6300048828125,292.3800048828125,284.3900146484375,289.7900085449219,EQUITY,ROK"
"2024-12-23 14:30:00,285.1600036621094,289.95001220703125,288.4599914550781,289.2099914550781,EQUITY,ROK"
"2024-12-24 14:30:00,287.4700012207031,292.4800109863281,288.9800109863281,292.20001220703125,EQUITY,ROK"
"2024-12-26 14:30:00,289.4599914550781,294.3599853515625,290.6000061035156,293.8800048828125,EQUITY,ROK"
"2024-12-27 14:30:00,289.05999755859375,294.7099914550781,291.9200134277344,290.5,EQUITY,ROK"
"2024-12-30 14:30:00,282.9599914550781,287.82000732421875,286.989990234375,285.6400146484375,EQUITY,ROK"
"2024-12-31 14:30:00,284.9599914550781,287.80999755859375,286.6499938964844,285.7900085449219,EQUITY,ROK"
"2025-01-02 14:30:00,279.989990234375,288.44000244140625,286.9599914550781,280.8900146484375,EQUITY,ROK"
"2025-01-03 14:30:00,279.0199890136719,283.8699951171875,280.8900146484375,282.7900085449219,EQUITY,ROK"
"2025-01-06 14:30:00,281.0299987792969,287.4800109863281,285.3900146484375,281.4599914550781,EQUITY,ROK"
"2025-01-07 14:30:00,279.67999267578125,284.67999267578125,282.07000732421875,281.30999755859375,EQUITY,ROK"
"2025-01-08 14:30:00,276.5199890136719,281.0799865722656,277.739990234375,279.55999755859375,EQUITY,ROK"
"2025-01-10 14:30:00,272.0799865722656,278.1499938964844,274.3800048828125,273.3999938964844,EQUITY,ROK"
"2025-01-13 14:30:00,269.5400085449219,276.2699890136719,270.0,275.5299987792969,EQUITY,ROK"
"2025-01-14 14:30:00,274.3900146484375,278.29998779296875,276.7099914550781,276.9800109863281,EQUITY,ROK"
"2025-01-15 14:30:00,274.54998779296875,282.9599914550781,282.07000732421875,276.1099853515625,EQUITY,ROK"
"2025-01-16 14:30:00,276.6499938964844,282.260009765625,279.4800109863281,280.9599914550781,EQUITY,ROK"
"2025-01-17 14:30:00,281.6099853515625,287.4800109863281,283.739990234375,286.6000061035156,EQUITY,ROK"
"2025-01-21 14:30:00,289.1300048828125,292.9800109863281,289.1499938964844,290.7699890136719,EQUITY,ROK"
"2025-01-22 14:30:00,288.5400085449219,292.94000244140625,292.94000244140625,288.95001220703125,EQUITY,ROK"
"2025-01-23 14:30:00,286.2200012207031,291.010009765625,288.5,290.70001220703125,EQUITY,ROK"
"2025-01-24 14:30:00,287.29998779296875,291.760009765625,290.69000244140625,288.42999267578125,EQUITY,ROK"
"2025-01-27 14:30:00,281.7200012207031,289.7099914550781,288.07000732421875,284.2200012207031,EQUITY,ROK"
"2025-01-28 14:30:00,278.0,284.05999755859375,282.6600036621094,282.239990234375,EQUITY,ROK"
"2025-01-29 14:30:00,278.6700134277344,282.5199890136719,280.6700134277344,278.8999938964844,EQUITY,ROK"
"2025-01-30 14:30:00,274.45001220703125,280.95001220703125,277.32000732421875,279.0,EQUITY,ROK"
"2025-01-31 14:30:00,276.55999755859375,280.9200134277344,279.95001220703125,278.42999267578125,EQUITY,ROK"
"2025-02-03 14:30:00,266.1700134277344,273.54998779296875,272.07000732421875,271.04998779296875,EQUITY,ROK"
"2025-02-04 14:30:00,269.9599914550781,274.7099914550781,272.9100036621094,270.3399963378906,EQUITY,ROK"
"2025-02-05 14:30:00,267.8399963378906,271.9599914550781,271.8699951171875,270.55999755859375,EQUITY,ROK"
"2025-02-06 14:30:00,266.3900146484375,273.489990234375,272.3299865722656,268.7200012207031,EQUITY,ROK"
"2025-02-07 14:30:00,266.75,271.8299865722656,271.44000244140625,268.3999938964844,EQUITY,ROK"
"2025-02-10 14:30:00,284.5,308.70001220703125,290.6700134277344,302.3399963378906,EQUITY,ROK"
"2025-02-11 14:30:00,299.7200012207031,307.0,304.989990234375,303.75,EQUITY,ROK"
"2025-02-12 14:30:00,298.79998779296875,303.29998779296875,301.4800109863281,301.95001220703125,EQUITY,ROK"
"2025-02-13 14:30:00,297.6199951171875,301.4100036621094,301.239990234375,298.6600036621094,EQUITY,ROK"
"2025-02-14 14:30:00,293.5,300.1199951171875,300.1199951171875,294.3999938964844,EQUITY,ROK"
"2025-02-18 14:30:00,292.67999267578125,301.2300109863281,295.3699951171875,301.1499938964844,EQUITY,ROK"
"2025-02-19 14:30:00,298.510009765625,301.9800109863281,301.9800109863281,299.3399963378906,EQUITY,ROK"
"2025-02-20 14:30:00,295.3800048828125,303.5799865722656,299.1700134277344,303.17999267578125,EQUITY,ROK"
"2025-02-21 14:30:00,294.6700134277344,304.04998779296875,304.04998779296875,295.2200012207031,EQUITY,ROK"
"2025-02-24 14:30:00,290.79998779296875,296.3800048828125,296.0899963378906,292.6300048828125,EQUITY,ROK"
"2025-02-25 14:30:00,287.6199951171875,294.3699951171875,290.7799987792969,288.75,EQUITY,ROK"
"2025-02-26 14:30:00,286.8299865722656,291.04998779296875,290.7799987792969,287.0899963378906,EQUITY,ROK"
"2025-02-27 14:30:00,284.04998779296875,293.2699890136719,288.3699951171875,284.3299865722656,EQUITY,ROK"
"2025-02-28 14:30:00,281.2099914550781,287.5899963378906,285.3299865722656,287.1499938964844,EQUITY,ROK"
"2025-03-03 14:30:00,277.8500061035156,292.1700134277344,289.9599914550781,278.6300048828125,EQUITY,ROK"
"2025-03-04 14:30:00,263.6099853515625,273.3999938964844,271.8299865722656,267.8699951171875,EQUITY,ROK"
"2025-03-05 14:30:00,266.4700012207031,274.7099914550781,269.1099853515625,273.6600036621094,EQUITY,ROK"
"2025-03-06 14:30:00,268.1199951171875,273.55999755859375,269.5899963378906,271.82000732421875,EQUITY,ROK"
"2025-03-07 14:30:00,266.7099914550781,277.2300109863281,269.1099853515625,276.5400085449219,EQUITY,ROK"
"2025-03-10 13:30:00,269.0400085449219,276.0299987792969,271.989990234375,270.3699951171875,EQUITY,ROK"
"2025-03-11 13:30:00,262.9599914550781,270.42999267578125,268.6199951171875,265.1499938964844,EQUITY,ROK"
"2025-03-12 13:30:00,258.57000732421875,268.6499938964844,267.80999755859375,261.9800109863281,EQUITY,ROK"
"2025-03-13 13:30:00,254.99000549316406,260.92999267578125,260.5199890136719,255.2899932861328,EQUITY,ROK"
"2025-03-14 13:30:00,255.4499969482422,260.8399963378906,259.3699951171875,260.19000244140625,EQUITY,ROK"
"2025-03-17 13:30:00,258.3399963378906,263.8299865722656,258.6499938964844,261.989990234375,EQUITY,ROK"
"2025-03-18 13:30:00,255.88999938964844,261.32000732421875,261.0,258.1300048828125,EQUITY,ROK"
"2025-03-19 13:30:00,258.260009765625,262.8399963378906,258.5299987792969,260.0299987792969,EQUITY,ROK"
"2025-03-20 13:30:00,256.3900146484375,261.25,257.1400146484375,258.0899963378906,EQUITY,ROK"
"2025-03-21 13:30:00,252.74000549316406,258.8900146484375,254.9499969482422,258.7900085449219,EQUITY,ROK"
"2025-03-24 13:30:00,262.6099853515625,268.3500061035156,262.9200134277344,267.9599914550781,EQUITY,ROK"
"2025-03-25 13:30:00,267.6499938964844,274.17999267578125,268.54998779296875,272.8500061035156,EQUITY,ROK"
"2025-03-26 13:30:00,267.54998779296875,274.5,271.7200012207031,269.2799987792969,EQUITY,ROK"
"2025-03-27 13:30:00,265.1000061035156,271.0899963378906,267.3299865722656,268.0799865722656,EQUITY,ROK"
"2025-03-28 13:30:00,257.4599914550781,266.2900085449219,265.739990234375,258.6300048828125,EQUITY,ROK"
"2025-03-31 13:30:00,249.0500030517578,259.55999755859375,255.1300048828125,258.3800048828125,EQUITY,ROK"
"2025-04-01 13:30:00,254.0,259.9599914550781,257.5799865722656,258.739990234375,EQUITY,ROK"
"2025-04-02 13:30:00,253.7899932861328,262.6199951171875,255.27999877929688,260.8599853515625,EQUITY,ROK"
"2025-04-03 13:30:00,237.5,250.47999572753906,250.42999267578125,239.16000366210938,EQUITY,ROK"
"2025-04-04 13:30:00,218.47999572753906,232.10000610351562,232.10000610351562,227.11000061035156,EQUITY,ROK"
"2025-04-07 13:30:00,215.7100067138672,238.5500030517578,220.22000122070312,227.6199951171875,EQUITY,ROK"
"2025-04-08 13:30:00,215.2899932861328,234.24000549316406,233.11000061035156,218.97000122070312,EQUITY,ROK"
"2025-04-09 13:30:00,215.0,244.19000244140625,216.8699951171875,242.42999267578125,EQUITY,ROK"
"2025-04-10 13:30:00,224.22999572753906,236.47999572753906,236.32000732421875,230.16000366210938,EQUITY,ROK"
"2025-04-11 13:30:00,222.2899932861328,232.13999938964844,229.1699981689453,229.3800048828125,EQUITY,ROK"
"2025-04-14 13:30:00,228.8699951171875,236.07000732421875,233.75,233.4199981689453,EQUITY,ROK"
"2025-04-15 13:30:00,231.60000610351562,238.1699981689453,233.02999877929688,233.0500030517578,EQUITY,ROK"
"2025-04-16 13:30:00,225.11000061035156,232.24000549316406,229.89999389648438,228.11000061035156,EQUITY,ROK"
"2025-04-17 13:30:00,230.0,236.8000030517578,230.0,232.2899932861328,EQUITY,ROK"
"2025-04-21 13:30:00,222.05999755859375,231.47000122070312,228.8800048828125,226.92999267578125,EQUITY,ROK"
"2025-04-22 13:30:00,227.63999938964844,234.49000549316406,230.33999633789062,234.4199981689453,EQUITY,ROK"
"2025-04-23 13:30:00,239.13999938964844,249.8800048828125,243.77000427246094,239.8300018310547,EQUITY,ROK"
"2025-04-24 13:30:00,239.57000732421875,248.9600067138672,240.8800048828125,248.5399932861328,EQUITY,ROK"
"2025-04-25 13:30:00,247.0,250.36000061035156,247.1999969482422,248.3800048828125,EQUITY,ROK"
"2025-04-28 13:30:00,244.14999389648438,251.38999938964844,248.72000122070312,246.5399932861328,EQUITY,ROK"
"2025-04-29 13:30:00,244.77000427246094,249.0399932861328,245.63999938964844,247.64999389648438,EQUITY,ROK"
"2025-04-30 13:30:00,240.1300048828125,247.75,244.35000610351562,247.67999267578125,EQUITY,ROK"
"2025-05-01 13:30:00,246.97999572753906,252.8699951171875,249.0500030517578,249.17999267578125,EQUITY,ROK"
"2025-05-02 13:30:00,252.5800018310547,257.2699890136719,253.60000610351562,253.64999389648438,EQUITY,ROK"
"2025-05-05 13:30:00,251.1999969482422,256.54998779296875,251.1999969482422,253.83999633789062,EQUITY,ROK"
"2025-05-06 13:30:00,250.32000732421875,254.9199981689453,250.6300048828125,253.0500030517578,EQUITY,ROK"
"2025-05-07 13:30:00,277.6600036621094,286.5,280.0,283.1700134277344,EQUITY,ROK"
"2025-05-08 13:30:00,285.95001220703125,294.2699890136719,288.260009765625,291.239990234375,EQUITY,ROK"
"2025-05-09 13:30:00,290.1400146484375,296.04998779296875,294.1499938964844,294.79998779296875,EQUITY,ROK"
"2025-05-12 13:30:00,299.239990234375,305.5400085449219,304.45001220703125,299.7799987792969,EQUITY,ROK"
"2025-05-13 13:30:00,300.0400085449219,310.7799987792969,302.0,308.510009765625,EQUITY,ROK"
"2025-05-14 13:30:00,305.0,309.1000061035156,308.0,307.5400085449219,EQUITY,ROK"
"2025-05-15 13:30:00,305.8999938964844,309.6400146484375,306.0,307.8599853515625,EQUITY,ROK"
"2025-05-16 13:30:00,305.80999755859375,309.04998779296875,308.2900085449219,309.04998779296875,EQUITY,ROK"
"2025-05-19 13:30:00,302.0899963378906,309.19000244140625,303.6700134277344,308.20001220703125,EQUITY,ROK"
"2025-05-20 13:30:00,305.5199890136719,308.70001220703125,306.8299865722656,308.0899963378906,EQUITY,ROK"
"2025-05-21 13:30:00,301.4700012207031,309.0,304.9700012207031,301.7699890136719,EQUITY,ROK"
"2025-05-22 13:30:00,298.70001220703125,308.7300109863281,301.0,306.29998779296875,EQUITY,ROK"
"2025-05-23 13:30:00,301.7900085449219,306.9200134277344,301.7900085449219,305.5400085449219,EQUITY,ROK"
"2025-05-27 13:30:00,306.7099914550781,313.2099914550781,309.1000061035156,313.0899963378906,EQUITY,ROK"
"2025-05-28 13:30:00,311.4700012207031,314.94000244140625,313.8299865722656,312.3900146484375,EQUITY,ROK"
"2025-05-29 13:30:00,310.239990234375,315.04998779296875,315.0,314.92999267578125,EQUITY,ROK"
"2025-05-30 13:30:00,312.260009765625,316.2200012207031,315.2200012207031,315.54998779296875,EQUITY,ROK"
"2025-06-02 13:30:00,311.17999267578125,317.8399963378906,315.0,317.2799987792969,EQUITY,ROK"
"2025-06-03 13:30:00,314.30999755859375,319.2799987792969,317.2799987792969,316.6199951171875,EQUITY,ROK"
"2025-06-04 13:30:00,316.0899963378906,320.32000732421875,319.3800048828125,318.8900146484375,EQUITY,ROK"
"2025-06-05 13:30:00,319.6700134277344,323.1499938964844,321.0,320.5,EQUITY,ROK"
"2025-06-06 13:30:00,320.94000244140625,324.79998779296875,323.5,324.3299865722656,EQUITY,ROK"
"2025-06-09 13:30:00,323.8800048828125,328.4700012207031,325.5400085449219,324.3500061035156,EQUITY,ROK"
"2025-06-10 13:30:00,321.6099853515625,328.8999938964844,325.3999938964844,325.2200012207031,EQUITY,ROK"
"2025-06-11 13:30:00,323.2699890136719,326.7799987792969,325.3500061035156,325.0400085449219,EQUITY,ROK"
"2025-06-12 13:30:00,320.80999755859375,325.1400146484375,323.0,325.1400146484375,EQUITY,ROK"
"2025-06-13 13:30:00,317.0299987792969,323.5299987792969,321.3800048828125,317.8500061035156,EQUITY,ROK"
"2025-06-16 13:30:00,320.8900146484375,325.8299865722656,322.5799865722656,324.29998779296875,EQUITY,ROK"
"2025-06-17 13:30:00,319.75,324.19000244140625,320.92999267578125,320.4100036621094,EQUITY,ROK"
"2025-06-18 13:30:00,319.5799865722656,324.8399963378906,320.1000061035156,321.79998779296875,EQUITY,ROK"
"2025-06-20 13:30:00,318.69000244140625,326.0,324.7200012207031,321.3900146484375,EQUITY,ROK"
"2025-06-23 13:30:00,316.8399963378906,323.92999267578125,321.7300109863281,323.80999755859375,EQUITY,ROK"
"2025-06-24 13:30:00,324.3500061035156,327.9599914550781,327.0799865722656,325.95001220703125,EQUITY,ROK"
"2025-06-25 13:30:00,321.94000244140625,325.9599914550781,325.9100036621094,322.4700012207031,EQUITY,ROK"
"2025-06-26 13:30:00,323.32000732421875,326.8299865722656,323.92999267578125,326.2099914550781,EQUITY,ROK"
"2025-06-27 13:30:00,326.44000244140625,331.2699890136719,329.0,329.95001220703125,EQUITY,ROK"
"2025-06-30 13:30:00,328.7099914550781,332.67999267578125,331.3399963378906,332.1700134277344,EQUITY,ROK"
"2025-07-01 13:30:00,329.92999267578125,339.8999938964844,330.3999938964844,338.6099853515625,EQUITY,ROK"
"2025-07-02 13:30:00,336.4599914550781,343.2900085449219,338.30999755859375,342.739990234375,EQUITY,ROK"
"2025-07-03 13:30:00,344.8599853515625,348.42999267578125,345.0,347.07000732421875,EQUITY,ROK"
"2025-07-07 13:30:00,338.260009765625,347.6000061035156,345.7300109863281,338.92999267578125,EQUITY,ROK"
"2025-07-08 13:30:00,338.1499938964844,342.3599853515625,340.29998779296875,338.1499938964844,EQUITY,ROK"
"2025-07-09 13:30:00,337.5400085449219,342.0,342.0,340.260009765625,EQUITY,ROK"
"2025-07-10 13:30:00,336.80999755859375,346.25,340.8699951171875,344.95001220703125,EQUITY,ROK"
"2025-07-11 13:30:00,338.42999267578125,344.3999938964844,341.25,343.07000732421875,EQUITY,ROK"
"2025-07-14 13:30:00,340.29998779296875,344.8500061035156,341.8900146484375,343.1700134277344,EQUITY,ROK"
"2025-07-15 13:30:00,344.5400085449219,351.07000732421875,345.5,346.5899963378906,EQUITY,ROK"
"2025-07-16 13:30:00,346.3599853515625,353.7200012207031,352.0,351.6700134277344,EQUITY,ROK"
"2025-07-17 13:30:00,352.9800109863281,357.6400146484375,353.8500061035156,356.489990234375,EQUITY,ROK"
"2025-07-18 13:30:00,353.4100036621094,359.1600036621094,358.25,356.0,EQUITY,ROK"
"2025-07-21 13:30:00,350.54998779296875,357.9599914550781,356.5,350.7099914550781,EQUITY,ROK"
"2025-07-22 13:30:00,348.0199890136719,355.19000244140625,350.0,353.6199951171875,EQUITY,ROK"
"2025-07-23 13:30:00,354.1600036621094,359.6600036621094,355.7300109863281,357.989990234375,EQUITY,ROK"
"2025-07-24 13:30:00,356.1600036621094,360.9200134277344,358.3599853515625,357.010009765625,EQUITY,ROK"
"2025-07-25 13:30:00,355.4200134277344,359.1000061035156,357.6600036621094,358.5199890136719,EQUITY,ROK"
"2025-07-28 13:30:00,355.8399963378906,359.9700012207031,359.9700012207031,356.0299987792969,EQUITY,ROK"
"2025-07-29 13:30:00,352.04998779296875,358.75,357.8599853515625,353.8999938964844,EQUITY,ROK"
"2025-07-30 13:30:00,349.29998779296875,355.260009765625,354.6300048828125,351.19000244140625,EQUITY,ROK"
"2025-07-31 13:30:00,347.29998779296875,355.44000244140625,351.739990234375,351.7099914550781,EQUITY,ROK"
"2025-08-01 13:30:00,336.3699951171875,345.0299987792969,342.9100036621094,344.5,EQUITY,ROK"
"2025-08-04 13:30:00,344.32000732421875,350.4599914550781,347.0199890136719,350.1600036621094,EQUITY,ROK"
"2025-08-05 13:30:00,340.8699951171875,350.489990234375,349.6000061035156,346.0,EQUITY,ROK"
"2025-08-06 13:30:00,305.44000244140625,332.9200134277344,332.239990234375,328.6700134277344,EQUITY,ROK"
"2025-08-07 13:30:00,329.6000061035156,337.0299987792969,333.8500061035156,332.5899963378906,EQUITY,ROK"
"2025-08-08 13:30:00,330.510009765625,338.1099853515625,332.760009765625,333.2300109863281,EQUITY,ROK"
"2025-08-11 13:30:00,328.70001220703125,336.2099914550781,333.4700012207031,329.760009765625,EQUITY,ROK"
"2025-08-12 13:30:00,329.1000061035156,340.739990234375,330.75,339.75,EQUITY,ROK"
"2025-08-13 13:30:00,341.2200012207031,349.2099914550781,341.2200012207031,349.010009765625,EQUITY,ROK"
"2025-08-14 13:30:00,344.7799987792969,351.2200012207031,350.6499938964844,347.510009765625,EQUITY,ROK"
"2025-08-15 13:30:00,342.25,347.55999755859375,346.760009765625,342.2799987792969,EQUITY,ROK"
"2025-08-18 13:30:00,339.05999755859375,343.75,339.760009765625,342.82000732421875,EQUITY,ROK"
"2025-08-19 13:30:00,342.1300048828125,347.1700134277344,343.0,343.510009765625,EQUITY,ROK"
"2025-08-20 13:30:00,337.1600036621094,343.1199951171875,341.94000244140625,339.6199951171875,EQUITY,ROK"
"2025-08-21 13:30:00,337.30999755859375,342.4599914550781,339.8900146484375,339.5199890136719,EQUITY,ROK"
"2025-08-22 13:30:00,341.8699951171875,353.5199890136719,342.7300109863281,351.19000244140625,EQUITY,ROK"
"2025-08-25 13:30:00,349.45001220703125,351.8800048828125,350.75,349.9700012207031,EQUITY,ROK"
"2025-08-26 13:30:00,348.4100036621094,357.3599853515625,349.4800109863281,355.6700134277344,EQUITY,ROK"
"2025-08-27 13:30:00,347.8800048828125,356.1499938964844,353.6499938964844,349.20001220703125,EQUITY,ROK"
"2025-08-28 13:30:00,348.44000244140625,351.94000244140625,351.6099853515625,349.1300048828125,EQUITY,ROK"
"2025-08-29 13:30:00,342.010009765625,349.75,348.44000244140625,343.42999267578125,EQUITY,ROK"
"2025-09-02 13:30:00,334.29998779296875,340.6499938964844,338.7099914550781,337.8399963378906,EQUITY,ROK"
"2025-09-03 13:30:00,335.1600036621094,338.7900085449219,338.07000732421875,338.6600036621094,EQUITY,ROK"
"2025-09-04 13:30:00,337.04998779296875,342.1499938964844,339.9200134277344,341.8599853515625,EQUITY,ROK"
"2025-09-05 13:30:00,337.3900146484375,345.6700134277344,343.5,339.760009765625,EQUITY,ROK"
"2025-09-08 13:30:00,340.7300109863281,347.70001220703125,344.7699890136719,344.6700134277344,EQUITY,ROK"
"2025-09-09 13:30:00,338.2200012207031,344.1600036621094,344.1600036621094,342.95001220703125,EQUITY,ROK"
"2025-09-10 13:30:00,336.9800109863281,347.3299865722656,341.9200134277344,339.3900146484375,EQUITY,ROK"
"2025-09-11 13:30:00,340.510009765625,351.510009765625,340.92999267578125,350.5400085449219,EQUITY,ROK"
"2025-09-12 13:30:00,344.8999938964844,349.3900146484375,349.3900146484375,344.92999267578125,EQUITY,ROK"
"2025-09-15 13:30:00,343.95001220703125,348.05999755859375,346.20001220703125,346.44000244140625,EQUITY,ROK"
"2025-09-16 13:30:00,338.80999755859375,346.30999755859375,346.0,342.260009765625,EQUITY,ROK"
"2025-09-17 13:30:00,340.2099914550781,348.0199890136719,342.5,344.6600036621094,EQUITY,ROK"
"2025-09-18 13:30:00,344.8599853515625,350.80999755859375,345.9200134277344,348.55999755859375,EQUITY,ROK"
"2025-09-19 13:30:00,343.8299865722656,350.2200012207031,349.45001220703125,347.82000732421875,EQUITY,ROK"
"2025-09-22 13:30:00,343.5299987792969,347.8299865722656,347.5799865722656,345.3599853515625,EQUITY,ROK"
"2025-09-23 13:30:00,341.44000244140625,349.04998779296875,346.82000732421875,342.7300109863281,EQUITY,ROK"
"2025-09-24 13:30:00,340.6300048828125,346.7799987792969,345.67999267578125,342.4800109863281,EQUITY,ROK"
"2025-09-25 13:30:00,336.7900085449219,341.0799865722656,339.1499938964844,340.0299987792969,EQUITY,ROK"
"2025-09-26 13:30:00,339.45001220703125,344.7099914550781,341.1000061035156,343.5799865722656,EQUITY,ROK"
"2025-09-29 13:30:00,343.1099853515625,346.7200012207031,343.2799987792969,344.5299987792969,EQUITY,ROK"
"2025-09-30 13:30:00,342.70001220703125,350.1600036621094,343.5400085449219,349.5299987792969,EQUITY,ROK"
"2025-10-01 13:30:00,345.54998779296875,351.8800048828125,347.5400085449219,349.32000732421875,EQUITY,ROK"
"2025-10-02 13:30:00,345.6099853515625,354.9800109863281,351.67999267578125,348.69000244140625,EQUITY,ROK"
"2025-10-03 13:30:00,346.6099853515625,353.6199951171875,349.010009765625,349.3999938964844,EQUITY,ROK"
"2025-10-06 13:30:00,348.1400146484375,352.8900146484375,352.5199890136719,348.57000732421875,EQUITY,ROK"
"2025-10-07 13:30:00,342.17999267578125,350.8999938964844,349.1499938964844,344.2200012207031,EQUITY,ROK"
"2025-10-08 13:30:00,342.6300048828125,348.5299987792969,345.67999267578125,348.1099853515625,EQUITY,ROK"
"2025-10-09 13:30:00,340.7799987792969,350.9200134277344,350.9200134277344,342.79998779296875,EQUITY,ROK"
"2025-10-10 13:30:00,332.7099914550781,347.6000061035156,344.94000244140625,333.75,EQUITY,ROK"
"2024-09-09 13:30:00,46.417232513427734,47.4527587890625,46.795162200927734,47.32426452636719,EQUITY,WDC"
"2024-09-10 13:30:00,46.90098190307617,47.86848068237305,47.286468505859375,47.4603157043457,EQUITY,WDC"
"2024-09-11 13:30:00,46.06953811645508,47.95918273925781,47.8306884765625,47.853363037109375,EQUITY,WDC"
"2024-09-12 13:30:00,47.120182037353516,48.45049285888672,47.853363037109375,47.80801010131836,EQUITY,WDC"
"2024-09-13 13:30:00,48.06500244140625,49.2365837097168,48.06500244140625,49.14588165283203,EQUITY,WDC"
"2024-09-16 13:30:00,47.82312774658203,48.62434005737305,48.43537521362305,48.44293212890625,EQUITY,WDC"
"2024-09-17 13:30:00,48.69992446899414,50.075584411621094,48.88132858276367,49.8034782409668,EQUITY,WDC"
"2024-09-18 13:30:00,48.45804977416992,49.924415588378906,49.43310546875,48.69236755371094,EQUITY,WDC"
"2024-09-19 13:30:00,49.402870178222656,50.32501983642578,50.18140411376953,49.86394500732422,EQUITY,WDC"
"2024-09-20 13:30:00,49.11564636230469,50.55177688598633,49.31972885131836,50.453514099121094,EQUITY,WDC"
"2024-09-23 13:30:00,50.098262786865234,50.899471282958984,50.66515350341797,50.10581970214844,EQUITY,WDC"
"2024-09-24 13:30:00,48.51852035522461,50.536659240722656,50.10581970214844,50.234317779541016,EQUITY,WDC"
"2024-09-25 13:30:00,49.32728576660156,50.143611907958984,49.81859588623047,49.886619567871094,EQUITY,WDC"
"2024-09-26 13:30:00,51.7838249206543,53.990928649902344,53.15192794799805,53.257747650146484,EQUITY,WDC"
"2024-09-27 13:30:00,52.025699615478516,53.257747650146484,53.257747650146484,52.471656799316406,EQUITY,WDC"
"2024-09-30 13:30:00,51.38322067260742,52.577476501464844,52.07105255126953,51.61753463745117,EQUITY,WDC"
"2024-10-01 13:30:00,50.24943161010742,51.602420806884766,51.466365814208984,50.46107482910156,EQUITY,WDC"
"2024-10-02 13:30:00,50.20408248901367,51.47392272949219,50.36281204223633,50.279666900634766,EQUITY,WDC"
"2024-10-03 13:30:00,49.75056838989258,51.156463623046875,49.886619567871094,50.32501983642578,EQUITY,WDC"
"2024-10-04 13:30:00,49.8034782409668,51.36810302734375,51.28495788574219,50.15117263793945,EQUITY,WDC"
"2024-10-07 13:30:00,49.788360595703125,50.85411834716797,50.090702056884766,50.219200134277344,EQUITY,WDC"
"2024-10-08 13:30:00,49.64474868774414,50.453514099121094,50.29478454589844,50.01511764526367,EQUITY,WDC"
"2024-10-09 13:30:00,48.49584197998047,49.765682220458984,49.70521545410156,48.73771667480469,EQUITY,WDC"
"2024-10-10 13:30:00,47.95918273925781,49.055179595947266,48.08012008666992,48.412696838378906,EQUITY,WDC"
"2024-10-11 13:30:00,48.13302993774414,49.410430908203125,48.17082214355469,49.04005813598633,EQUITY,WDC"
"2024-10-14 13:30:00,49.43310546875,50.55933380126953,49.463340759277344,50.51398468017578,EQUITY,WDC"
"2024-10-15 13:30:00,50.52910232543945,51.94255447387695,50.642478942871094,50.60468673706055,EQUITY,WDC"
"2024-10-16 13:30:00,50.279666900634766,51.443687438964844,50.642478942871094,51.23960876464844,EQUITY,WDC"
"2024-10-17 13:30:00,50.755859375,52.12396240234375,52.003021240234375,50.90702819824219,EQUITY,WDC"
"2024-10-18 13:30:00,50.3854866027832,51.54950714111328,51.337867736816406,50.66515350341797,EQUITY,WDC"
"2024-10-21 13:30:00,49.93952941894531,51.1413459777832,50.39304733276367,50.8390007019043,EQUITY,WDC"
"2024-10-22 13:30:00,49.856388092041016,51.526832580566406,50.49886703491211,51.2169303894043,EQUITY,WDC"
"2024-10-23 13:30:00,49.833709716796875,51.23960876464844,50.73318099975586,50.347694396972656,EQUITY,WDC"
"2024-10-24 13:30:00,50.03779220581055,51.05064010620117,50.87679672241211,50.12849426269531,EQUITY,WDC"
"2024-10-25 13:30:00,52.39606857299805,55.55555725097656,54.860164642333984,52.49433135986328,EQUITY,WDC"
"2024-10-28 13:30:00,51.602420806884766,53.756614685058594,52.61526870727539,52.690853118896484,EQUITY,WDC"
"2024-10-29 13:30:00,51.2169303894043,52.91005325317383,52.80423355102539,51.62509536743164,EQUITY,WDC"
"2024-10-30 13:30:00,50.61980438232422,52.32048416137695,51.23204803466797,50.657596588134766,EQUITY,WDC"
"2024-10-31 13:30:00,49.13076400756836,50.99017333984375,50.27210998535156,49.36507797241211,EQUITY,WDC"
"2024-11-01 13:30:00,49.58427810668945,50.725624084472656,49.69765853881836,49.79591751098633,EQUITY,WDC"
"2024-11-04 14:30:00,49.21390914916992,50.25699234008789,49.6220703125,49.29705047607422,EQUITY,WDC"
"2024-11-05 14:30:00,49.50869369506836,50.74074172973633,49.50869369506836,50.51398468017578,EQUITY,WDC"
"2024-11-06 14:30:00,51.5948600769043,53.05366516113281,52.04837417602539,52.84202575683594,EQUITY,WDC"
"2024-11-07 14:30:00,52.68329620361328,53.839759826660156,53.28798294067383,53.24263000488281,EQUITY,WDC"
"2024-11-08 14:30:00,52.29024887084961,53.24263000488281,52.91005325317383,52.61526870727539,EQUITY,WDC"
"2024-11-11 14:30:00,50.85411834716797,53.015872955322266,52.96296310424805,50.92970657348633,EQUITY,WDC"
"2024-11-12 14:30:00,47.65684127807617,50.27210998535156,50.03779220581055,48.344669342041016,EQUITY,WDC"
"2024-11-13 14:30:00,47.08994674682617,48.18593978881836,48.18593978881836,47.41496658325195,EQUITY,WDC"
"2024-11-14 14:30:00,47.407405853271484,48.14059066772461,47.430084228515625,47.785335540771484,EQUITY,WDC"
"2024-11-15 14:30:00,47.08994674682617,47.70975112915039,47.20332717895508,47.46787643432617,EQUITY,WDC"
"2024-11-18 14:30:00,47.309146881103516,48.88888931274414,47.50566864013672,48.81330490112305,EQUITY,WDC"
"2024-11-19 14:30:00,48.14059066772461,49.44066619873047,48.367347717285156,49.34996032714844,EQUITY,WDC"
"2024-11-20 14:30:00,47.482994079589844,49.64474868774414,49.6220703125,48.25396728515625,EQUITY,WDC"
"2024-11-21 14:30:00,48.299320220947266,50.27210998535156,48.730159759521484,49.79591751098633,EQUITY,WDC"
"2024-11-22 14:30:00,49.765682220458984,50.50642395019531,50.1965217590332,50.211639404296875,EQUITY,WDC"
"2024-11-25 14:30:00,50.68783187866211,52.85714340209961,50.71806335449219,52.47921371459961,EQUITY,WDC"
"2024-11-26 14:30:00,52.42630386352539,55.359031677246094,52.433860778808594,55.192745208740234,EQUITY,WDC"
"2024-11-27 14:30:00,53.36356735229492,55.54043960571289,55.207862854003906,54.04383850097656,EQUITY,WDC"
"2024-11-29 14:30:00,54.17233657836914,55.6689338684082,54.42176818847656,55.170066833496094,EQUITY,WDC"
"2024-12-02 14:30:00,54.928192138671875,55.873016357421875,55.313682556152344,55.502647399902344,EQUITY,WDC"
"2024-12-03 14:30:00,53.05366516113281,56.01662826538086,55.260772705078125,54.18745422363281,EQUITY,WDC"
"2024-12-04 14:30:00,53.35601043701172,54.86772537231445,54.86772537231445,54.67876052856445,EQUITY,WDC"
"2024-12-05 14:30:00,54.37641525268555,55.804988861083984,54.686317443847656,54.504913330078125,EQUITY,WDC"
"2024-12-06 14:30:00,53.41647720336914,54.935752868652344,54.73167037963867,53.71882247924805,EQUITY,WDC"
"2024-12-09 14:30:00,53.393802642822266,54.27059555053711,53.64323425292969,53.46938705444336,EQUITY,WDC"
"2024-12-10 14:30:00,51.632652282714844,53.65835189819336,53.514739990234375,52.01814270019531,EQUITY,WDC"
"2024-12-11 14:30:00,52.27513122558594,53.21239471435547,52.68329620361328,52.834468841552734,EQUITY,WDC"
"2024-12-12 14:30:00,49.12320327758789,52.94028854370117,52.834468841552734,49.87906265258789,EQUITY,WDC"
"2024-12-13 14:30:00,48.90400695800781,50.090702056884766,50.06047058105469,49.221466064453125,EQUITY,WDC"
"2024-12-16 14:30:00,48.412696838378906,50.34013748168945,48.775508880615234,49.357521057128906,EQUITY,WDC"
"2024-12-17 14:30:00,48.80574417114258,49.89418029785156,49.28193664550781,48.8586540222168,EQUITY,WDC"
"2024-12-18 14:30:00,47.69463348388672,50.79365158081055,50.219200134277344,48.0272102355957,EQUITY,WDC"
"2024-12-19 14:30:00,44.905517578125,47.09750747680664,46.80271911621094,45.064247131347656,EQUITY,WDC"
"2024-12-20 14:30:00,44.58805847167969,46.44746780395508,44.75434494018555,45.53287887573242,EQUITY,WDC"
"2024-12-23 14:30:00,45.359031677246094,46.56840515136719,45.359031677246094,46.53061294555664,EQUITY,WDC"
"2024-12-24 14:30:00,46.198036193847656,46.674224853515625,46.37944030761719,46.63643264770508,EQUITY,WDC"
"2024-12-26 14:30:00,46.46258544921875,47.01436233520508,46.492820739746094,46.64398956298828,EQUITY,WDC"
"2024-12-27 14:30:00,45.65381622314453,46.56840515136719,46.38699722290039,45.88057327270508,EQUITY,WDC"
"2024-12-30 14:30:00,44.45956039428711,45.45729446411133,45.094482421875,45.064247131347656,EQUITY,WDC"
"2024-12-31 14:30:00,44.875282287597656,45.69916915893555,45.1020393371582,45.071807861328125,EQUITY,WDC"
"2025-01-02 14:30:00,45.24565505981445,47.50566864013672,45.24565505981445,46.76492691040039,EQUITY,WDC"
"2025-01-03 14:30:00,46.90098190307617,48.465606689453125,46.90098190307617,48.42781448364258,EQUITY,WDC"
"2025-01-06 14:30:00,49.33484649658203,50.99773025512695,49.357521057128906,49.6220703125,EQUITY,WDC"
"2025-01-07 14:30:00,48.9720344543457,50.36281204223633,49.780799865722656,49.032501220703125,EQUITY,WDC"
"2025-01-08 14:30:00,47.91383361816406,49.01738357543945,48.45049285888672,48.420257568359375,EQUITY,WDC"
"2025-01-10 14:30:00,46.32653045654297,48.2086181640625,47.70219039916992,47.482994079589844,EQUITY,WDC"
"2025-01-13 14:30:00,46.37944030761719,47.55857849121094,46.681785583496094,46.8783073425293,EQUITY,WDC"
"2025-01-14 14:30:00,46.795162200927734,47.77021789550781,47.21844482421875,47.422523498535156,EQUITY,WDC"
"2025-01-15 14:30:00,48.37490463256836,49.70521545410156,48.420257568359375,48.851097106933594,EQUITY,WDC"
"2025-01-16 14:30:00,47.92894744873047,49.17611312866211,48.63189697265625,48.56386947631836,EQUITY,WDC"
"2025-01-17 14:30:00,48.22373580932617,50.143611907958984,49.38019561767578,49.1609992980957,EQUITY,WDC"
"2025-01-21 14:30:00,49.34996032714844,51.54195022583008,49.60695266723633,50.967498779296875,EQUITY,WDC"
"2025-01-22 14:30:00,51.60997772216797,53.28042221069336,51.77626419067383,51.87452697753906,EQUITY,WDC"
"2025-01-23 14:30:00,50.99017333984375,52.139076232910156,51.103553771972656,51.91231918334961,EQUITY,WDC"
"2025-01-24 14:30:00,50.914588928222656,52.48677062988281,52.08616638183594,50.9523811340332,EQUITY,WDC"
"2025-01-27 14:30:00,47.57369613647461,49.59183883666992,49.59183883666992,48.677249908447266,EQUITY,WDC"
"2025-01-28 14:30:00,46.727134704589844,48.896446228027344,48.80574417114258,47.52078628540039,EQUITY,WDC"
"2025-01-29 14:30:00,47.15797424316406,48.488285064697266,48.17082214355469,47.46787643432617,EQUITY,WDC"
"2025-01-30 14:30:00,48.14814758300781,51.088436126708984,50.22675704956055,49.720333099365234,EQUITY,WDC"
"2025-01-31 14:30:00,49.00226974487305,51.36810302734375,49.28193664550781,49.229026794433594,EQUITY,WDC"
"2025-02-03 14:30:00,48.0272102355957,50.098262786865234,48.397579193115234,48.69236755371094,EQUITY,WDC"
"2025-02-04 14:30:00,47.853363037109375,49.32728576660156,48.24641036987305,48.231292724609375,EQUITY,WDC"
"2025-02-05 14:30:00,47.92894744873047,49.32728576660156,48.231292724609375,48.919124603271484,EQUITY,WDC"
"2025-02-06 14:30:00,48.49584197998047,49.48601531982422,49.06273651123047,48.73771667480469,EQUITY,WDC"
"2025-02-07 14:30:00,48.049888610839844,49.546485900878906,48.93423843383789,48.722599029541016,EQUITY,WDC"
"2025-02-10 14:30:00,49.50113296508789,52.42630386352539,49.58427810668945,52.18442916870117,EQUITY,WDC"
"2025-02-11 14:30:00,51.45124816894531,53.439151763916016,52.003021240234375,52.093727111816406,EQUITY,WDC"
"2025-02-12 14:30:00,50.113380432128906,52.1693115234375,51.56462478637695,50.85411834716797,EQUITY,WDC"
"2025-02-13 14:30:00,50.39304733276367,51.60997772216797,50.914588928222656,51.06576156616211,EQUITY,WDC"
"2025-02-14 14:30:00,50.99773025512695,52.05593490600586,51.30007553100586,51.69312286376953,EQUITY,WDC"
"2025-02-18 14:30:00,52.826908111572266,54.48979568481445,53.068782806396484,54.44444274902344,EQUITY,WDC"
"2025-02-19 14:30:00,53.801963806152344,54.61829376220703,54.16477584838867,54.04383850097656,EQUITY,WDC"
"2025-02-20 14:30:00,52.84202575683594,54.23280334472656,54.04383850097656,53.885108947753906,EQUITY,WDC"
"2025-02-21 14:30:00,51.224491119384766,54.16477584838867,54.16477584838867,51.93499755859375,EQUITY,WDC"
"2025-02-24 14:30:00,48.22999954223633,52.66999816894531,52.61000061035156,49.02000045776367,EQUITY,WDC"
"2025-02-25 14:30:00,48.709999084472656,51.130001068115234,48.709999084472656,49.06999969482422,EQUITY,WDC"
"2025-02-26 14:30:00,48.77000045776367,50.709999084472656,49.77000045776367,50.15999984741211,EQUITY,WDC"
"2025-02-27 14:30:00,48.11000061035156,51.47999954223633,50.4900016784668,48.20000076293945,EQUITY,WDC"
"2025-02-28 14:30:00,48.0,50.08000183105469,48.33000183105469,48.93000030517578,EQUITY,WDC"
"2025-03-03 14:30:00,46.5,49.83000183105469,49.540000915527344,47.0099983215332,EQUITY,WDC"
"2025-03-04 14:30:00,44.25,46.349998474121094,46.209999084472656,44.630001068115234,EQUITY,WDC"
"2025-03-05 14:30:00,43.25,44.689998626708984,44.65999984741211,44.20000076293945,EQUITY,WDC"
"2025-03-06 14:30:00,41.36000061035156,43.119998931884766,42.91999816894531,41.45000076293945,EQUITY,WDC"
"2025-03-07 14:30:00,40.40999984741211,42.47999954223633,41.4900016784668,41.70000076293945,EQUITY,WDC"
"2025-03-10 13:30:00,39.41999816894531,40.88999938964844,40.68000030517578,40.540000915527344,EQUITY,WDC"
"2025-03-11 13:30:00,40.310001373291016,42.84000015258789,40.400001525878906,41.79999923706055,EQUITY,WDC"
"2025-03-12 13:30:00,42.2599983215332,43.70000076293945,42.61000061035156,42.959999084472656,EQUITY,WDC"
"2025-03-13 13:30:00,41.709999084472656,43.040000915527344,42.56999969482422,42.029998779296875,EQUITY,WDC"
"2025-03-14 13:30:00,42.95000076293945,44.849998474121094,43.189998626708984,44.529998779296875,EQUITY,WDC"
"2025-03-17 13:30:00,44.41999816894531,45.439998626708984,44.560001373291016,44.75,EQUITY,WDC"
"2025-03-18 13:30:00,43.66999816894531,44.560001373291016,44.540000915527344,44.34000015258789,EQUITY,WDC"
"2025-03-19 13:30:00,44.150001525878906,45.43000030517578,44.369998931884766,44.900001525878906,EQUITY,WDC"
"2025-03-20 13:30:00,44.25,45.529998779296875,44.2599983215332,44.5099983215332,EQUITY,WDC"
"2025-03-21 13:30:00,43.18000030517578,44.11000061035156,43.88999938964844,43.65999984741211,EQUITY,WDC"
"2025-03-24 13:30:00,43.45000076293945,44.86000061035156,44.70000076293945,44.310001373291016,EQUITY,WDC"
"2025-03-25 13:30:00,42.540000915527344,44.279998779296875,44.09000015258789,43.38999938964844,EQUITY,WDC"
"2025-03-26 13:30:00,42.209999084472656,43.630001068115234,43.5,42.619998931884766,EQUITY,WDC"
"2025-03-27 13:30:00,41.86000061035156,42.90999984741211,42.20000076293945,41.90999984741211,EQUITY,WDC"
"2025-03-28 13:30:00,40.4900016784668,41.9900016784668,41.400001525878906,40.619998931884766,EQUITY,WDC"
"2025-03-31 13:30:00,39.099998474121094,40.5099983215332,39.790000915527344,40.43000030517578,EQUITY,WDC"
"2025-04-01 13:30:00,39.849998474121094,40.970001220703125,40.099998474121094,40.88999938964844,EQUITY,WDC"
"2025-04-02 13:30:00,40.2599983215332,42.22999954223633,40.31999969482422,41.779998779296875,EQUITY,WDC"
"2025-04-03 13:30:00,34.0099983215332,38.900001525878906,38.7599983215332,34.150001525878906,EQUITY,WDC"
"2025-04-04 13:30:00,29.760000228881836,33.099998474121094,32.709999084472656,30.540000915527344,EQUITY,WDC"
"2025-04-07 13:30:00,28.829999923706055,33.40999984741211,29.6200008392334,31.15999984741211,EQUITY,WDC"
"2025-04-08 13:30:00,30.719999313354492,34.779998779296875,32.650001525878906,31.549999237060547,EQUITY,WDC"
"2025-04-09 13:30:00,30.56999969482422,37.369998931884766,31.34000015258789,36.29999923706055,EQUITY,WDC"
"2025-04-10 13:30:00,33.709999084472656,36.119998931884766,35.79999923706055,34.869998931884766,EQUITY,WDC"
"2025-04-11 13:30:00,33.41999816894531,35.06999969482422,34.36000061035156,34.400001525878906,EQUITY,WDC"
"2025-04-14 13:30:00,35.279998779296875,36.619998931884766,36.459999084472656,35.81999969482422,EQUITY,WDC"
"2025-04-15 13:30:00,35.47999954223633,36.33000183105469,35.810001373291016,35.93000030517578,EQUITY,WDC"
"2025-04-16 13:30:00,35.0,36.25,35.790000915527344,35.619998931884766,EQUITY,WDC"
"2025-04-17 13:30:00,35.5099983215332,36.70000076293945,36.18000030517578,36.5099983215332,EQUITY,WDC"
"2025-04-21 13:30:00,35.5099983215332,36.279998779296875,36.09000015258789,35.959999084472656,EQUITY,WDC"
"2025-04-22 13:30:00,35.97999954223633,37.0,36.36000061035156,36.68000030517578,EQUITY,WDC"
"2025-04-23 13:30:00,37.470001220703125,39.099998474121094,38.33000183105469,37.70000076293945,EQUITY,WDC"
"2025-04-24 13:30:00,38.189998626708984,40.36000061035156,38.22999954223633,40.16999816894531,EQUITY,WDC"
"2025-04-25 13:30:00,39.900001525878906,41.06999969482422,40.20000076293945,40.779998779296875,EQUITY,WDC"
"2025-04-28 13:30:00,40.18000030517578,41.130001068115234,40.59000015258789,40.90999984741211,EQUITY,WDC"
"2025-04-29 13:30:00,40.59000015258789,41.25,40.709999084472656,40.619998931884766,EQUITY,WDC"
"2025-04-30 13:30:00,41.83000183105469,44.06999969482422,42.97999954223633,43.86000061035156,EQUITY,WDC"
"2025-05-01 13:30:00,43.86000061035156,45.150001525878906,44.70000076293945,43.95000076293945,EQUITY,WDC"
"2025-05-02 13:30:00,44.47999954223633,45.380001068115234,44.9900016784668,44.689998626708984,EQUITY,WDC"
"2025-05-05 13:30:00,43.95000076293945,45.61000061035156,43.95000076293945,45.029998779296875,EQUITY,WDC"
"2025-05-06 13:30:00,44.11000061035156,44.90999984741211,44.58000183105469,44.290000915527344,EQUITY,WDC"
"2025-05-07 13:30:00,43.599998474121094,44.65999984741211,44.40999984741211,44.29999923706055,EQUITY,WDC"
"2025-05-08 13:30:00,44.16999816894531,45.130001068115234,44.95000076293945,44.29999923706055,EQUITY,WDC"
"2025-05-09 13:30:00,43.880001068115234,45.22999954223633,44.65999984741211,44.099998474121094,EQUITY,WDC"
"2025-05-12 13:30:00,46.400001525878906,47.4900016784668,46.880001068115234,46.56999969482422,EQUITY,WDC"
"2025-05-13 13:30:00,46.68000030517578,49.869998931884766,47.04999923706055,49.0099983215332,EQUITY,WDC"
"2025-05-14 13:30:00,48.58000183105469,49.84000015258789,48.83000183105469,49.20000076293945,EQUITY,WDC"
"2025-05-15 13:30:00,48.810001373291016,49.77000045776367,49.16999816894531,49.75,EQUITY,WDC"
"2025-05-16 13:30:00,49.540000915527344,50.27000045776367,50.0,49.9900016784668,EQUITY,WDC"
"2025-05-19 13:30:00,49.02000045776367,50.79999923706055,49.060001373291016,50.720001220703125,EQUITY,WDC"
"2025-05-20 13:30:00,50.349998474121094,51.59000015258789,50.720001220703125,50.630001068115234,EQUITY,WDC"
"2025-05-21 13:30:00,49.33000183105469,51.2599983215332,50.130001068115234,49.4900016784668,EQUITY,WDC"
"2025-05-22 13:30:00,49.279998779296875,51.09000015258789,49.560001373291016,49.84000015258789,EQUITY,WDC"
"2025-05-23 13:30:00,49.0,50.38999938964844,49.220001220703125,50.18000030517578,EQUITY,WDC"
"2025-05-27 13:30:00,50.619998931884766,51.9900016784668,51.06999969482422,51.81999969482422,EQUITY,WDC"
"2025-05-28 13:30:00,51.63999938964844,52.790000915527344,51.77000045776367,52.349998474121094,EQUITY,WDC"
"2025-05-29 13:30:00,51.9900016784668,53.349998474121094,53.220001220703125,52.54999923706055,EQUITY,WDC"
"2025-05-30 13:30:00,51.25,52.40999984741211,52.029998779296875,51.54999923706055,EQUITY,WDC"
"2025-06-02 13:30:00,51.16999816894531,52.40999984741211,51.43000030517578,52.189998626708984,EQUITY,WDC"
"2025-06-03 13:30:00,51.880001068115234,53.91999816894531,52.34000015258789,53.77000045776367,EQUITY,WDC"
"2025-06-04 13:30:00,53.470001220703125,54.7599983215332,54.0,54.43000030517578,EQUITY,WDC"
"2025-06-05 13:30:00,54.220001220703125,55.61000061035156,54.880001068115234,55.04999923706055,EQUITY,WDC"
"2025-06-06 13:30:00,55.41999816894531,56.75,55.90999984741211,55.45000076293945,EQUITY,WDC"
"2025-06-09 13:30:00,56.08000183105469,57.459999084472656,56.529998779296875,57.02000045776367,EQUITY,WDC"
"2025-06-10 13:30:00,55.56999969482422,57.38999938964844,57.20000076293945,55.95000076293945,EQUITY,WDC"
"2025-06-11 13:30:00,55.18000030517578,56.84000015258789,56.40999984741211,55.66999816894531,EQUITY,WDC"
"2025-06-12 13:30:00,55.130001068115234,56.04999923706055,55.279998779296875,55.779998779296875,EQUITY,WDC"
"2025-06-13 13:30:00,54.599998474121094,56.27000045776367,54.849998474121094,55.70000076293945,EQUITY,WDC"
"2025-06-16 13:30:00,56.27000045776367,57.689998626708984,56.4900016784668,57.40999984741211,EQUITY,WDC"
"2025-06-17 13:30:00,57.880001068115234,60.59000015258789,58.08000183105469,58.56999969482422,EQUITY,WDC"
"2025-06-18 13:30:00,58.529998779296875,59.93000030517578,58.689998626708984,59.189998626708984,EQUITY,WDC"
"2025-06-20 13:30:00,58.970001220703125,59.939998626708984,59.880001068115234,59.290000915527344,EQUITY,WDC"
"2025-06-23 13:30:00,58.65999984741211,60.5099983215332,59.0,60.380001068115234,EQUITY,WDC"
"2025-06-24 13:30:00,60.56999969482422,62.31999969482422,60.790000915527344,62.06999969482422,EQUITY,WDC"
"2025-06-25 13:30:00,62.130001068115234,62.88999938964844,62.529998779296875,62.54999923706055,EQUITY,WDC"
"2025-06-26 13:30:00,62.529998779296875,63.7599983215332,62.650001525878906,63.5099983215332,EQUITY,WDC"
"2025-06-27 13:30:00,62.650001525878906,63.65999984741211,63.5099983215332,63.290000915527344,EQUITY,WDC"
"2025-06-30 13:30:00,63.11000061035156,64.33999633789062,63.599998474121094,63.9900016784668,EQUITY,WDC"
"2025-07-01 13:30:00,62.939998626708984,64.20999908447266,63.68000030517578,63.84000015258789,EQUITY,WDC"
"2025-07-02 13:30:00,63.0099983215332,65.93000030517578,63.63999938964844,65.77999877929688,EQUITY,WDC"
"2025-07-03 13:30:00,65.7699966430664,66.83000183105469,65.93000030517578,66.08000183105469,EQUITY,WDC"
"2025-07-07 13:30:00,64.95999908447266,66.12999725341797,65.80000305175781,65.22000122070312,EQUITY,WDC"
"2025-07-08 13:30:00,63.66999816894531,66.0,65.93000030517578,64.0199966430664,EQUITY,WDC"
"2025-07-09 13:30:00,64.16000366210938,65.12000274658203,64.33999633789062,64.63999938964844,EQUITY,WDC"
"2025-07-10 13:30:00,64.58000183105469,65.61000061035156,64.95999908447266,65.05999755859375,EQUITY,WDC"
"2025-07-11 13:30:00,64.2300033569336,66.62999725341797,64.75,66.13999938964844,EQUITY,WDC"
"2025-07-14 13:30:00,65.23999786376953,67.3499984741211,66.04000091552734,66.93000030517578,EQUITY,WDC"
"2025-07-15 13:30:00,67.16999816894531,68.05999755859375,67.94999694824219,67.52999877929688,EQUITY,WDC"
"2025-07-16 13:30:00,65.80000305175781,67.5999984741211,67.52999877929688,66.52999877929688,EQUITY,WDC"
"2025-07-17 13:30:00,66.3499984741211,67.68000030517578,66.51000213623047,67.0199966430664,EQUITY,WDC"
"2025-07-18 13:30:00,67.2699966430664,68.5199966430664,67.86000061035156,68.0,EQUITY,WDC"
"2025-07-21 13:30:00,67.69999694824219,68.7699966430664,68.19000244140625,68.73999786376953,EQUITY,WDC"
"2025-07-22 13:30:00,66.04000091552734,68.7699966430664,68.52999877929688,67.05999755859375,EQUITY,WDC"
"2025-07-23 13:30:00,67.58000183105469,69.5999984741211,67.61000061035156,69.31999969482422,EQUITY,WDC"
"2025-07-24 13:30:00,68.33999633789062,69.62000274658203,69.19999694824219,69.0199966430664,EQUITY,WDC"
"2025-07-25 13:30:00,66.51000213623047,69.72000122070312,69.25,68.81999969482422,EQUITY,WDC"
"2025-07-28 13:30:00,68.66999816894531,69.62000274658203,69.4000015258789,68.98999786376953,EQUITY,WDC"
"2025-07-29 13:30:00,69.41000366210938,71.30999755859375,69.44999694824219,70.61000061035156,EQUITY,WDC"
"2025-07-30 13:30:00,69.30000305175781,71.80999755859375,69.44999694824219,71.43000030517578,EQUITY,WDC"
"2025-07-31 13:30:00,73.25,78.80000305175781,74.25,78.69000244140625,EQUITY,WDC"
"2025-08-01 13:30:00,74.48999786376953,77.0199966430664,75.70999908447266,76.55000305175781,EQUITY,WDC"
"2025-08-04 13:30:00,76.05000305175781,78.0199966430664,77.7699966430664,77.29000091552734,EQUITY,WDC"
"2025-08-05 13:30:00,74.20999908447266,78.20999908447266,77.94000244140625,75.83999633789062,EQUITY,WDC"
"2025-08-06 13:30:00,73.51000213623047,76.45999908447266,75.93000030517578,73.77999877929688,EQUITY,WDC"
"2025-08-07 13:30:00,73.44000244140625,74.61000061035156,73.70999908447266,74.44000244140625,EQUITY,WDC"
"2025-08-08 13:30:00,74.48999786376953,75.80000305175781,74.93000030517578,74.97000122070312,EQUITY,WDC"
"2025-08-11 13:30:00,74.37000274658203,76.66999816894531,75.31999969482422,74.63999938964844,EQUITY,WDC"
"2025-08-12 13:30:00,74.62000274658203,75.93000030517578,74.9000015258789,75.91000366210938,EQUITY,WDC"
"2025-08-13 13:30:00,75.66999816894531,77.18000030517578,76.27999877929688,76.06999969482422,EQUITY,WDC"
"2025-08-14 13:30:00,74.72000122070312,76.61000061035156,75.27999877929688,76.23999786376953,EQUITY,WDC"
"2025-08-15 13:30:00,74.54000091552734,76.58000183105469,76.5,75.05999755859375,EQUITY,WDC"
"2025-08-18 13:30:00,74.62999725341797,76.41999816894531,74.79000091552734,76.29000091552734,EQUITY,WDC"
"2025-08-19 13:30:00,75.11000061035156,76.45999908447266,75.9000015258789,75.86000061035156,EQUITY,WDC"
"2025-08-20 13:30:00,73.13999938964844,75.68000030517578,75.68000030517578,75.63999938964844,EQUITY,WDC"
"2025-08-21 13:30:00,74.41999816894531,76.0,75.75,74.66000366210938,EQUITY,WDC"
"2025-08-22 13:30:00,74.56999969482422,77.3499984741211,74.77999877929688,76.97000122070312,EQUITY,WDC"
"2025-08-25 13:30:00,76.69999694824219,79.83999633789062,76.97000122070312,79.22000122070312,EQUITY,WDC"
"2025-08-26 13:30:00,79.0999984741211,80.30000305175781,79.0999984741211,79.70999908447266,EQUITY,WDC"
"2025-08-27 13:30:00,79.55000305175781,80.80000305175781,80.25,80.66999816894531,EQUITY,WDC"
"2025-08-28 13:30:00,80.69999694824219,82.16000366210938,80.9000015258789,82.04000091552734,EQUITY,WDC"
"2025-08-29 13:30:00,79.80000305175781,82.31999969482422,81.56999969482422,80.33999633789062,EQUITY,WDC"
"2025-09-02 13:30:00,77.9000015258789,81.94000244140625,78.5199966430664,81.91000366210938,EQUITY,WDC"
"2025-09-03 13:30:00,83.33999633789062,86.27999877929688,84.0999984741211,86.0,EQUITY,WDC"
"2025-09-04 13:30:00,85.91999816894531,90.9000015258789,86.38999938964844,90.48999786376953,EQUITY,WDC"
"2025-09-05 13:30:00,91.43000030517578,93.0999984741211,92.48999786376953,92.04000091552734,EQUITY,WDC"
"2025-09-08 13:30:00,91.6500015258789,93.5,92.54000091552734,93.29000091552734,EQUITY,WDC"
"2025-09-09 13:30:00,92.69999694824219,95.37000274658203,93.0,94.54000091552734,EQUITY,WDC"
"2025-09-10 13:30:00,93.91999816894531,96.18000030517578,95.88999938964844,95.0199966430664,EQUITY,WDC"
"2025-09-11 13:30:00,94.41000366210938,97.77999877929688,96.87000274658203,96.1500015258789,EQUITY,WDC"
"2025-09-12 13:30:00,95.9800033569336,98.86000061035156,96.20999908447266,97.66000366210938,EQUITY,WDC"
"2025-09-15 13:30:00,100.0,103.77999877929688,100.44999694824219,102.38999938964844,EQUITY,WDC"
"2025-09-16 13:30:00,101.44000244140625,103.9800033569336,102.52999877929688,103.08999633789062,EQUITY,WDC"
"2025-09-17 13:30:00,99.72000122070312,102.4000015258789,102.2300033569336,100.94000244140625,EQUITY,WDC"
"2025-09-18 13:30:00,102.0,106.11000061035156,102.45999908447266,105.1500015258789,EQUITY,WDC"
"2025-09-19 13:30:00,105.31999969482422,107.18000030517578,105.87999725341797,106.62999725341797,EQUITY,WDC"
"2025-09-22 13:30:00,107.20999908447266,112.83000183105469,107.20999908447266,112.41000366210938,EQUITY,WDC"
"2025-09-23 13:30:00,109.4000015258789,113.76000213623047,112.4800033569336,110.25,EQUITY,WDC"
"2025-09-24 13:30:00,108.91000366210938,112.80999755859375,110.83999633789062,109.69000244140625,EQUITY,WDC"
"2025-09-25 13:30:00,106.29000091552734,108.69999694824219,106.62000274658203,107.20999908447266,EQUITY,WDC"
"2025-09-26 13:30:00,105.41999816894531,108.05999755859375,107.47000122070312,106.87999725341797,EQUITY,WDC"
"2025-09-29 13:30:00,111.83000183105469,118.13999938964844,112.0199966430664,116.73999786376953,EQUITY,WDC"
"2025-09-30 13:30:00,117.44999694824219,122.58999633789062,117.80999755859375,120.05999755859375,EQUITY,WDC"
"2025-10-01 13:30:00,117.51000213623047,131.1199951171875,118.18000030517578,130.58999633789062,EQUITY,WDC"
"2025-10-02 13:30:00,128.42999267578125,137.39999389648438,136.00999450683594,131.25999450683594,EQUITY,WDC"
"2025-10-03 13:30:00,129.92999267578125,136.22000122070312,131.74000549316406,131.30999755859375,EQUITY,WDC"
"2025-10-06 13:30:00,124.94000244140625,136.1999969482422,135.0,125.27999877929688,EQUITY,WDC"
"2025-10-07 13:30:00,117.80999755859375,127.63999938964844,127.47000122070312,119.93000030517578,EQUITY,WDC"
"2025-10-08 13:30:00,119.41000366210938,123.30000305175781,120.7699966430664,121.18000030517578,EQUITY,WDC"
"2025-10-09 13:30:00,118.0,120.83999633789062,119.77999877929688,119.69999694824219,EQUITY,WDC"
"2025-10-10 13:30:00,115.02999877929688,121.94999694824219,120.0,115.41999816894531,EQUITY,WDC"
"2024-09-09 13:30:00,126.91999816894531,128.3300018310547,126.95999908447266,127.81999969482422,ETF,XLI"
"2024-09-10 13:30:00,126.97000122070312,128.32000732421875,128.32000732421875,128.0399932861328,ETF,XLI"
"2024-09-11 13:30:00,125.11000061035156,128.42999267578125,127.7300033569336,128.27000427246094,ETF,XLI"
"2024-09-12 13:30:00,127.58999633789062,129.27000427246094,128.3000030517578,129.25999450683594,ETF,XLI"
"2024-09-13 13:30:00,129.55999755859375,131.05999755859375,129.82000732421875,130.57000732421875,ETF,XLI"
"2024-09-16 13:30:00,130.4499969482422,132.02999877929688,131.13999938964844,131.24000549316406,ETF,XLI"
"2024-09-17 13:30:00,131.22000122070312,132.42999267578125,131.5,131.9600067138672,ETF,XLI"
"2024-09-18 13:30:00,131.64999389648438,133.6699981689453,132.1699981689453,131.85000610351562,ETF,XLI"
"2024-09-19 13:30:00,132.97000122070312,134.3699951171875,134.00999450683594,134.1199951171875,ETF,XLI"
"2024-09-20 13:30:00,132.44000244140625,133.4600067138672,133.0800018310547,133.17999267578125,ETF,XLI"
"2024-09-23 13:30:00,132.75999450683594,133.85000610351562,133.25999450683594,133.63999938964844,ETF,XLI"
"2024-09-24 13:30:00,133.6999969482422,134.63999938964844,134.00999450683594,134.60000610351562,ETF,XLI"
"2024-09-25 13:30:00,133.8699951171875,135.14999389648438,135.00999450683594,133.97000122070312,ETF,XLI"
"2024-09-26 13:30:00,134.47000122070312,135.47000122070312,135.05999755859375,134.63999938964844,ETF,XLI"
"2024-09-27 13:30:00,134.6199951171875,135.6999969482422,135.0500030517578,134.8300018310547,ETF,XLI"
"2024-09-30 13:30:00,134.0399932861328,135.57000732421875,134.8300018310547,135.44000244140625,ETF,XLI"
"2024-10-01 13:30:00,134.2899932861328,136.16000366210938,135.3699951171875,135.50999450683594,ETF,XLI"
"2024-10-02 13:30:00,134.69000244140625,135.77999877929688,135.25999450683594,135.25999450683594,ETF,XLI"
"2024-10-03 13:30:00,134.07000732421875,135.25999450683594,134.8699951171875,134.57000732421875,ETF,XLI"
"2024-10-04 13:30:00,134.27000427246094,135.9199981689453,135.6300048828125,135.50999450683594,ETF,XLI"
"2024-10-07 13:30:00,134.50999450683594,135.74000549316406,134.83999633789062,135.17999267578125,ETF,XLI"
"2024-10-08 13:30:00,134.9600067138672,135.89999389648438,135.6999969482422,135.47999572753906,ETF,XLI"
"2024-10-09 13:30:00,135.3000030517578,136.77999877929688,135.49000549316406,136.69000244140625,ETF,XLI"
"2024-10-10 13:30:00,135.52999877929688,136.3699951171875,136.14999389648438,135.99000549316406,ETF,XLI"
"2024-10-11 13:30:00,136.49000549316406,138.47000122070312,136.49000549316406,138.4199981689453,ETF,XLI"
"2024-10-14 13:30:00,137.85000610351562,139.32000732421875,138.38999938964844,139.25,ETF,XLI"
"2024-10-15 13:30:00,138.05999755859375,139.77000427246094,139.39999389648438,138.17999267578125,ETF,XLI"
"2024-10-16 13:30:00,138.33999633789062,139.5500030517578,138.39999389648438,139.25,ETF,XLI"
"2024-10-17 13:30:00,138.60000610351562,139.47000122070312,139.27000427246094,138.85000610351562,ETF,XLI"
"2024-10-18 13:30:00,138.42999267578125,139.3300018310547,139.2100067138672,139.27000427246094,ETF,XLI"
"2024-10-21 13:30:00,138.22000122070312,139.4499969482422,139.25,138.77999877929688,ETF,XLI"
"2024-10-22 13:30:00,136.38999938964844,138.27999877929688,138.1699981689453,137.10000610351562,ETF,XLI"
"2024-10-23 13:30:00,136.0,137.5399932861328,136.9600067138672,136.6999969482422,ETF,XLI"
"2024-10-24 13:30:00,135.3699951171875,136.49000549316406,136.49000549316406,135.75999450683594,ETF,XLI"
"2024-10-25 13:30:00,135.1199951171875,136.75,136.3800048828125,135.39999389648438,ETF,XLI"
"2024-10-28 13:30:00,135.75999450683594,136.39999389648438,136.0800018310547,135.8000030517578,ETF,XLI"
"2024-10-29 13:30:00,134.58999633789062,136.14999389648438,135.38999938964844,135.6199951171875,ETF,XLI"
"2024-10-30 13:30:00,134.7899932861328,136.1199951171875,135.02000427246094,135.38999938964844,ETF,XLI"
"2024-10-31 13:30:00,133.41000366210938,134.6699981689453,134.32000732421875,133.8300018310547,ETF,XLI"
"2024-11-01 13:30:00,133.97999572753906,135.24000549316406,134.50999450683594,134.00999450683594,ETF,XLI"
"2024-11-04 14:30:00,133.49000549316406,134.8800048828125,134.14999389648438,133.86000061035156,ETF,XLI"
"2024-11-05 14:30:00,133.99000549316406,136.1300048828125,134.3300018310547,136.10000610351562,ETF,XLI"
"2024-11-06 14:30:00,139.1699981689453,141.67999267578125,140.6699981689453,141.42999267578125,ETF,XLI"
"2024-11-07 14:30:00,140.38999938964844,141.88999938964844,141.8300018310547,140.5800018310547,ETF,XLI"
"2024-11-08 14:30:00,140.72000122070312,142.52999877929688,140.99000549316406,142.08999633789062,ETF,XLI"
"2024-11-11 14:30:00,142.86000061035156,143.72000122070312,142.88999938964844,143.19000244140625,ETF,XLI"
"2024-11-12 14:30:00,141.3800048828125,143.6699981689453,143.52999877929688,141.9600067138672,ETF,XLI"
"2024-11-13 14:30:00,142.07000732421875,143.05999755859375,142.11000061035156,142.25999450683594,ETF,XLI"
"2024-11-14 14:30:00,139.7100067138672,142.30999755859375,142.1199951171875,139.86000061035156,ETF,XLI"
"2024-11-15 14:30:00,138.75,140.2100067138672,139.3699951171875,139.11000061035156,ETF,XLI"
"2024-11-18 14:30:00,138.5800018310547,139.49000549316406,139.08999633789062,138.9199981689453,ETF,XLI"
"2024-11-19 14:30:00,137.82000732421875,139.16000366210938,138.05999755859375,138.8000030517578,ETF,XLI"
"2024-11-20 14:30:00,137.92999267578125,139.27999877929688,139.1300048828125,138.9499969482422,ETF,XLI"
"2024-11-21 14:30:00,139.0800018310547,141.17999267578125,139.6199951171875,140.69000244140625,ETF,XLI"
"2024-11-22 14:30:00,140.92999267578125,142.69000244140625,141.05999755859375,142.64999389648438,ETF,XLI"
"2024-11-25 14:30:00,142.9199981689453,143.92999267578125,143.3800048828125,143.5399932861328,ETF,XLI"
"2024-11-26 14:30:00,142.8300018310547,143.97000122070312,143.3699951171875,143.7100067138672,ETF,XLI"
"2024-11-27 14:30:00,143.13999938964844,144.50999450683594,144.14999389648438,143.17999267578125,ETF,XLI"
"2024-11-29 14:30:00,143.39999389648438,144.25999450683594,143.39999389648438,143.99000549316406,ETF,XLI"
"2024-12-02 14:30:00,142.74000549316406,144.11000061035156,143.89999389648438,142.92999267578125,ETF,XLI"
"2024-12-03 14:30:00,141.55999755859375,143.22000122070312,142.97999572753906,142.02999877929688,ETF,XLI"
"2024-12-04 14:30:00,141.66000366210938,142.66000366210938,142.0500030517578,142.64999389648438,ETF,XLI"
"2024-12-05 14:30:00,140.88999938964844,142.77000427246094,142.64999389648438,140.9199981689453,ETF,XLI"
"2024-12-06 14:30:00,140.3300018310547,141.66000366210938,141.33999633789062,140.55999755859375,ETF,XLI"
"2024-12-09 14:30:00,139.25999450683594,140.75,140.58999633789062,139.33999633789062,ETF,XLI"
"2024-12-10 14:30:00,138.19000244140625,139.52000427246094,139.1699981689453,139.0,ETF,XLI"
"2024-12-11 14:30:00,138.6199951171875,139.92999267578125,139.72000122070312,138.67999267578125,ETF,XLI"
"2024-12-12 14:30:00,137.72000122070312,138.9499969482422,138.75,137.7899932861328,ETF,XLI"
"2024-12-13 14:30:00,137.2899932861328,138.10000610351562,137.9499969482422,137.42999267578125,ETF,XLI"
"2024-12-16 14:30:00,137.11000061035156,138.05999755859375,137.5800018310547,137.5500030517578,ETF,XLI"
"2024-12-17 14:30:00,135.97000122070312,137.27000427246094,136.9600067138672,136.2899932861328,ETF,XLI"
"2024-12-18 14:30:00,132.35000610351562,136.7899932861328,136.47999572753906,132.44000244140625,ETF,XLI"
"2024-12-19 14:30:00,132.22000122070312,134.0500030517578,133.0800018310547,132.27000427246094,ETF,XLI"
"2024-12-20 14:30:00,131.80999755859375,134.80999755859375,132.13999938964844,133.82000732421875,ETF,XLI"
"2024-12-23 14:30:00,132.00999450683594,133.32000732421875,132.99000549316406,133.1199951171875,ETF,XLI"
"2024-12-24 14:30:00,132.72999572753906,134.22000122070312,132.97999572753906,134.16000366210938,ETF,XLI"
"2024-12-26 14:30:00,133.50999450683594,134.58999633789062,133.85000610351562,134.25999450683594,ETF,XLI"
"2024-12-27 14:30:00,132.49000549316406,134.25999450683594,133.49000549316406,133.25999450683594,ETF,XLI"
"2024-12-30 14:30:00,130.63999938964844,132.5399932861328,131.80999755859375,131.9199981689453,ETF,XLI"
"2024-12-31 14:30:00,131.36000061035156,132.52999877929688,132.3300018310547,131.75999450683594,ETF,XLI"
"2025-01-02 14:30:00,130.7100067138672,132.9499969482422,132.72999572753906,131.3000030517578,ETF,XLI"
"2025-01-03 14:30:00,131.3300018310547,133.0,131.75999450683594,132.72000122070312,ETF,XLI"
"2025-01-06 14:30:00,132.19000244140625,133.82000732421875,133.39999389648438,132.42999267578125,ETF,XLI"
"2025-01-07 14:30:00,131.85000610351562,133.16000366210938,132.72999572753906,132.3000030517578,ETF,XLI"
"2025-01-08 14:30:00,131.25,132.9499969482422,132.0500030517578,132.82000732421875,ETF,XLI"
"2025-01-10 14:30:00,131.0500030517578,132.25,132.1300048828125,131.3300018310547,ETF,XLI"
"2025-01-13 14:30:00,130.4499969482422,132.9499969482422,130.58999633789062,132.8699951171875,ETF,XLI"
"2025-01-14 14:30:00,133.2100067138672,134.63999938964844,133.80999755859375,134.44000244140625,ETF,XLI"
"2025-01-15 14:30:00,135.0399932861328,136.63999938964844,136.42999267578125,135.2899932861328,ETF,XLI"
"2025-01-16 14:30:00,135.50999450683594,137.1300048828125,135.66000366210938,136.92999267578125,ETF,XLI"
"2025-01-17 14:30:00,137.2100067138672,138.25999450683594,137.80999755859375,137.75,ETF,XLI"
"2025-01-21 14:30:00,138.9600067138672,140.5800018310547,138.9600067138672,140.5800018310547,ETF,XLI"
"2025-01-22 14:30:00,140.19000244140625,141.1699981689453,141.02000427246094,140.25,ETF,XLI"
"2025-01-23 14:30:00,140.55999755859375,141.89999389648438,141.13999938964844,141.6699981689453,ETF,XLI"
"2025-01-24 14:30:00,140.7899932861328,141.64999389648438,141.60000610351562,141.07000732421875,ETF,XLI"
"2025-01-27 14:30:00,138.5,139.50999450683594,138.92999267578125,139.17999267578125,ETF,XLI"
"2025-01-28 14:30:00,137.85000610351562,139.6300048828125,139.50999450683594,138.25999450683594,ETF,XLI"
"2025-01-29 14:30:00,137.7100067138672,139.22999572753906,138.35000610351562,137.7899932861328,ETF,XLI"
"2025-01-30 14:30:00,137.58999633789062,139.58999633789062,137.58999633789062,139.3300018310547,ETF,XLI"
"2025-01-31 14:30:00,138.19000244140625,139.74000549316406,139.2899932861328,138.35000610351562,ETF,XLI"
"2025-02-03 14:30:00,135.3300018310547,137.97000122070312,135.92999267578125,136.97999572753906,ETF,XLI"
"2025-02-04 14:30:00,136.72000122070312,137.75,137.11000061035156,137.02000427246094,ETF,XLI"
"2025-02-05 14:30:00,136.16000366210938,137.74000549316406,137.5,137.1199951171875,ETF,XLI"
"2025-02-06 14:30:00,136.7899932861328,137.8800048828125,137.38999938964844,137.74000549316406,ETF,XLI"
"2025-02-07 14:30:00,137.0500030517578,138.5399932861328,138.3699951171875,137.3300018310547,ETF,XLI"
"2025-02-10 14:30:00,137.6300048828125,138.61000061035156,138.22000122070312,138.55999755859375,ETF,XLI"
"2025-02-11 14:30:00,137.6999969482422,138.67999267578125,138.10000610351562,138.61000061035156,ETF,XLI"
"2025-02-12 14:30:00,136.41000366210938,138.24000549316406,136.6300048828125,137.75,ETF,XLI"
"2025-02-13 14:30:00,137.30999755859375,138.25,137.74000549316406,137.88999938964844,ETF,XLI"
"2025-02-14 14:30:00,137.38999938964844,138.25,138.0800018310547,137.5500030517578,ETF,XLI"
"2025-02-18 14:30:00,137.8800048828125,138.88999938964844,138.02000427246094,138.6300048828125,ETF,XLI"
"2025-02-19 14:30:00,138.07000732421875,139.0800018310547,138.2899932861328,138.77000427246094,ETF,XLI"
"2025-02-20 14:30:00,136.8699951171875,138.6300048828125,138.61000061035156,137.86000061035156,ETF,XLI"
"2025-02-21 14:30:00,134.30999755859375,138.0,138.0,134.83999633789062,ETF,XLI"
"2025-02-24 14:30:00,134.0500030517578,135.60000610351562,135.36000061035156,134.22999572753906,ETF,XLI"
"2025-02-25 14:30:00,133.49000549316406,135.39999389648438,134.24000549316406,134.9199981689453,ETF,XLI"
"2025-02-26 14:30:00,134.82000732421875,136.36000061035156,135.61000061035156,135.0,ETF,XLI"
"2025-02-27 14:30:00,134.35000610351562,136.42999267578125,135.30999755859375,134.52999877929688,ETF,XLI"
"2025-02-28 14:30:00,134.24000549316406,136.4600067138672,134.89999389648438,136.3300018310547,ETF,XLI"
"2025-03-03 14:30:00,133.6699981689453,137.63999938964844,137.1199951171875,134.38999938964844,ETF,XLI"
"2025-03-04 14:30:00,130.7899932861328,134.0,132.91000366210938,131.77000427246094,ETF,XLI"
"2025-03-05 14:30:00,132.10000610351562,134.39999389648438,132.24000549316406,133.85000610351562,ETF,XLI"
"2025-03-06 14:30:00,131.74000549316406,133.60000610351562,132.47000122070312,132.6999969482422,ETF,XLI"
"2025-03-07 14:30:00,131.52999877929688,134.60000610351562,131.9499969482422,134.25,ETF,XLI"
"2025-03-10 13:30:00,131.10000610351562,134.0800018310547,132.5399932861328,132.14999389648438,ETF,XLI"
"2025-03-11 13:30:00,129.4199981689453,132.02000427246094,131.85000610351562,130.1199951171875,ETF,XLI"
"2025-03-12 13:30:00,128.99000549316406,131.49000549316406,131.30999755859375,130.11000061035156,ETF,XLI"
"2025-03-13 13:30:00,128.25999450683594,130.39999389648438,129.8000030517578,128.77999877929688,ETF,XLI"
"2025-03-14 13:30:00,129.47000122070312,131.3800048828125,130.00999450683594,131.1300048828125,ETF,XLI"
"2025-03-17 13:30:00,130.8000030517578,133.5500030517578,130.94000244140625,132.94000244140625,ETF,XLI"
"2025-03-18 13:30:00,131.1300048828125,132.5800018310547,132.3800048828125,131.8800048828125,ETF,XLI"
"2025-03-19 13:30:00,132.14999389648438,134.38999938964844,132.30999755859375,133.6300048828125,ETF,XLI"
"2025-03-20 13:30:00,132.32000732421875,133.94000244140625,132.57000732421875,132.9600067138672,ETF,XLI"
"2025-03-21 13:30:00,130.97999572753906,132.41000366210938,131.80999755859375,132.25,ETF,XLI"
"2025-03-24 13:30:00,133.10000610351562,134.52000427246094,133.42999267578125,134.2899932861328,ETF,XLI"
"2025-03-25 13:30:00,133.83999633789062,134.94000244140625,134.55999755859375,134.49000549316406,ETF,XLI"
"2025-03-26 13:30:00,133.1999969482422,135.3800048828125,134.6999969482422,133.60000610351562,ETF,XLI"
"2025-03-27 13:30:00,132.27000427246094,134.00999450683594,133.55999755859375,132.88999938964844,ETF,XLI"
"2025-03-28 13:30:00,130.0800018310547,132.8000030517578,132.4499969482422,130.14999389648438,ETF,XLI"
"2025-03-31 13:30:00,128.4199981689453,131.85000610351562,129.13999938964844,131.07000732421875,ETF,XLI"
"2025-04-01 13:30:00,129.64999389648438,132.08999633789062,130.77000427246094,131.80999755859375,ETF,XLI"
"2025-04-02 13:30:00,130.25999450683594,133.50999450683594,130.30999755859375,133.0500030517578,ETF,XLI"
"2025-04-03 13:30:00,125.76000213623047,129.7100067138672,128.58999633789062,125.8499984741211,ETF,XLI"
"2025-04-04 13:30:00,117.79000091552734,122.68000030517578,122.25,117.94000244140625,ETF,XLI"
"2025-04-07 13:30:00,112.75,121.80000305175781,114.6500015258789,117.38999938964844,ETF,XLI"
"2025-04-08 13:30:00,114.63999938964844,121.66999816894531,121.04000091552734,116.41999816894531,ETF,XLI"
"2025-04-09 13:30:00,115.2300033569336,127.55000305175781,115.2300033569336,126.76000213623047,ETF,XLI"
"2025-04-10 13:30:00,119.91000366210938,124.9800033569336,124.45999908447266,123.48999786376953,ETF,XLI"
"2025-04-11 13:30:00,121.98999786376953,126.31999969482422,123.20999908447266,125.66999816894531,ETF,XLI"
"2025-04-14 13:30:00,125.91999816894531,127.81999969482422,127.19000244140625,126.9800033569336,ETF,XLI"
"2025-04-15 13:30:00,126.16000366210938,127.80999755859375,126.7699966430664,126.3499984741211,ETF,XLI"
"2025-04-16 13:30:00,123.63999938964844,126.43000030517578,125.73999786376953,124.62000274658203,ETF,XLI"
"2025-04-17 13:30:00,124.66999816894531,126.48999786376953,124.70999908447266,125.30000305175781,ETF,XLI"
"2025-04-21 13:30:00,121.13999938964844,124.3499984741211,124.08999633789062,122.48999786376953,ETF,XLI"
"2025-04-22 13:30:00,123.12000274658203,125.18000030517578,123.48999786376953,124.62999725341797,ETF,XLI"
"2025-04-23 13:30:00,125.81999969482422,129.1300048828125,128.02999877929688,126.19000244140625,ETF,XLI"
"2025-04-24 13:30:00,125.76000213623047,129.25999450683594,126.13999938964844,129.02000427246094,ETF,XLI"
"2025-04-25 13:30:00,128.10000610351562,129.5,128.7100067138672,129.00999450683594,ETF,XLI"
"2025-04-28 13:30:00,128.22000122070312,130.3000030517578,129.22999572753906,129.44000244140625,ETF,XLI"
"2025-04-29 13:30:00,128.94000244140625,130.5399932861328,129.0500030517578,130.27999877929688,ETF,XLI"
"2025-04-30 13:30:00,127.8499984741211,131.58999633789062,129.41000366210938,131.22000122070312,ETF,XLI"
"2025-05-01 13:30:00,131.25,133.16000366210938,131.77999877929688,132.2100067138672,ETF,XLI"
"2025-05-02 13:30:00,133.6999969482422,135.11000061035156,133.88999938964844,134.5800018310547,ETF,XLI"
"2025-05-05 13:30:00,133.6699981689453,135.4499969482422,133.75999450683594,134.64999389648438,ETF,XLI"
"2025-05-06 13:30:00,132.9600067138672,134.22999572753906,133.24000549316406,133.47000122070312,ETF,XLI"
"2025-05-07 13:30:00,133.4199981689453,134.74000549316406,133.8699951171875,134.14999389648438,ETF,XLI"
"2025-05-08 13:30:00,134.94000244140625,137.35000610351562,135.19000244140625,136.0,ETF,XLI"
"2025-05-09 13:30:00,135.1999969482422,136.55999755859375,136.27000427246094,136.11000061035156,ETF,XLI"
"2025-05-12 13:30:00,138.97999572753906,140.35000610351562,140.30999755859375,140.3000030517578,ETF,XLI"
"2025-05-13 13:30:00,140.58999633789062,142.17999267578125,140.75,141.27999877929688,ETF,XLI"
"2025-05-14 13:30:00,140.1999969482422,141.4199981689453,141.19000244140625,140.60000610351562,ETF,XLI"
"2025-05-15 13:30:00,140.8000030517578,142.3800048828125,141.0,142.16000366210938,ETF,XLI"
"2025-05-16 13:30:00,141.91000366210938,143.77999877929688,142.3800048828125,143.77999877929688,ETF,XLI"
"2025-05-19 13:30:00,142.38999938964844,144.38999938964844,142.38999938964844,144.27000427246094,ETF,XLI"
"2025-05-20 13:30:00,143.19000244140625,144.4600067138672,143.69000244140625,143.75,ETF,XLI"
"2025-05-21 13:30:00,141.11000061035156,143.38999938964844,142.97999572753906,141.32000732421875,ETF,XLI"
"2025-05-22 13:30:00,140.52999877929688,142.16000366210938,141.05999755859375,141.2899932861328,ETF,XLI"
"2025-05-23 13:30:00,139.6300048828125,141.33999633789062,139.69000244140625,140.8300018310547,ETF,XLI"
"2025-05-27 13:30:00,141.6999969482422,143.42999267578125,142.49000549316406,143.30999755859375,ETF,XLI"
"2025-05-28 13:30:00,142.39999389648438,143.7899932861328,143.52999877929688,142.60000610351562,ETF,XLI"
"2025-05-29 13:30:00,141.72000122070312,143.2899932861328,143.19000244140625,142.72999572753906,ETF,XLI"
"2025-05-30 13:30:00,141.55999755859375,143.32000732421875,142.58999633789062,142.82000732421875,ETF,XLI"
"2025-06-02 13:30:00,140.83999633789062,142.6999969482422,142.6300048828125,142.63999938964844,ETF,XLI"
"2025-06-03 13:30:00,142.5500030517578,143.8300018310547,142.61000061035156,143.74000549316406,ETF,XLI"
"2025-06-04 13:30:00,143.80999755859375,144.57000732421875,144.08999633789062,143.82000732421875,ETF,XLI"
"2025-06-05 13:30:00,143.1699981689453,144.35000610351562,144.27000427246094,143.72000122070312,ETF,XLI"
"2025-06-06 13:30:00,144.47000122070312,145.55999755859375,145.0,144.92999267578125,ETF,XLI"
"2025-06-09 13:30:00,144.50999450683594,145.52000427246094,145.30999755859375,144.8000030517578,ETF,XLI"
"2025-06-10 13:30:00,143.41000366210938,145.0800018310547,145.0800018310547,144.1699981689453,ETF,XLI"
"2025-06-11 13:30:00,142.83999633789062,144.69000244140625,144.3000030517578,144.24000549316406,ETF,XLI"
"2025-06-12 13:30:00,142.9600067138672,143.97999572753906,143.1199951171875,143.86000061035156,ETF,XLI"
"2025-06-13 13:30:00,142.22000122070312,143.9199981689453,142.83999633789062,142.64999389648438,ETF,XLI"
"2025-06-16 13:30:00,143.3300018310547,144.52999877929688,143.5,143.6300048828125,ETF,XLI"
"2025-06-17 13:30:00,142.35000610351562,143.5800018310547,143.10000610351562,142.5500030517578,ETF,XLI"
"2025-06-18 13:30:00,142.1199951171875,143.66000366210938,142.69000244140625,142.2100067138672,ETF,XLI"
"2025-06-20 13:30:00,141.88999938964844,143.4199981689453,143.0800018310547,142.3699951171875,ETF,XLI"
"2025-06-23 13:30:00,141.27999877929688,143.94000244140625,142.1999969482422,143.86000061035156,ETF,XLI"
"2025-06-24 13:30:00,143.82000732421875,145.3000030517578,144.6300048828125,145.05999755859375,ETF,XLI"
"2025-06-25 13:30:00,143.4600067138672,145.24000549316406,145.16000366210938,143.77999877929688,ETF,XLI"
"2025-06-26 13:30:00,144.10000610351562,145.50999450683594,144.41000366210938,145.33999633789062,ETF,XLI"
"2025-06-27 13:30:00,145.42999267578125,147.42999267578125,145.75999450683594,146.7899932861328,ETF,XLI"
"2025-06-30 13:30:00,146.5800018310547,147.72999572753906,147.05999755859375,147.52000427246094,ETF,XLI"
"2025-07-01 13:30:00,146.91000366210938,148.36000061035156,147.16000366210938,148.00999450683594,ETF,XLI"
"2025-07-02 13:30:00,147.3000030517578,148.16000366210938,147.7899932861328,148.16000366210938,ETF,XLI"
"2025-07-03 13:30:00,148.5500030517578,149.5399932861328,148.6699981689453,149.4199981689453,ETF,XLI"
"2025-07-07 13:30:00,147.8699951171875,149.82000732421875,149.39999389648438,148.89999389648438,ETF,XLI"
"2025-07-08 13:30:00,148.13999938964844,149.30999755859375,148.91000366210938,148.86000061035156,ETF,XLI"
"2025-07-09 13:30:00,148.89999389648438,150.0399932861328,149.8699951171875,149.89999389648438,ETF,XLI"
"2025-07-10 13:30:00,150.00999450683594,151.25999450683594,150.07000732421875,150.74000549316406,ETF,XLI"
"2025-07-11 13:30:00,149.6199951171875,150.61000061035156,149.99000549316406,150.1999969482422,ETF,XLI"
"2025-07-14 13:30:00,149.89999389648438,151.13999938964844,150.19000244140625,151.00999450683594,ETF,XLI"
"2025-07-15 13:30:00,149.86000061035156,151.47999572753906,151.47999572753906,149.8800048828125,ETF,XLI"
"2025-07-16 13:30:00,148.38999938964844,150.52000427246094,150.3000030517578,150.41000366210938,ETF,XLI"
"2025-07-17 13:30:00,150.80999755859375,151.97999572753906,150.97999572753906,151.8000030517578,ETF,XLI"
"2025-07-18 13:30:00,150.7899932861328,152.47999572753906,152.27000427246094,151.4600067138672,ETF,XLI"
"2025-07-21 13:30:00,150.60000610351562,152.0399932861328,151.92999267578125,150.66000366210938,ETF,XLI"
"2025-07-22 13:30:00,149.7100067138672,151.32000732421875,150.1300048828125,151.02000427246094,ETF,XLI"
"2025-07-23 13:30:00,152.0399932861328,153.80999755859375,152.27999877929688,153.72999572753906,ETF,XLI"
"2025-07-24 13:30:00,153.0500030517578,154.58999633789062,153.57000732421875,153.47000122070312,ETF,XLI"
"2025-07-25 13:30:00,153.36000061035156,155.05999755859375,153.94000244140625,154.99000549316406,ETF,XLI"
"2025-07-28 13:30:00,154.07000732421875,155.14999389648438,155.07000732421875,154.50999450683594,ETF,XLI"
"2025-07-29 13:30:00,152.24000549316406,154.60000610351562,154.5500030517578,152.75,ETF,XLI"
"2025-07-30 13:30:00,151.2899932861328,152.83999633789062,152.5399932861328,152.0,ETF,XLI"
"2025-07-31 13:30:00,151.50999450683594,153.07000732421875,151.50999450683594,152.00999450683594,ETF,XLI"
"2025-08-01 13:30:00,148.1300048828125,150.35000610351562,149.9499969482422,149.74000549316406,ETF,XLI"
"2025-08-04 13:30:00,150.1199951171875,151.25999450683594,150.25999450683594,151.1199951171875,ETF,XLI"
"2025-08-05 13:30:00,149.77999877929688,151.60000610351562,150.88999938964844,150.80999755859375,ETF,XLI"
"2025-08-06 13:30:00,149.80999755859375,151.25,150.9499969482422,150.92999267578125,ETF,XLI"
"2025-08-07 13:30:00,149.7899932861328,151.83999633789062,151.77999877929688,150.7100067138672,ETF,XLI"
"2025-08-08 13:30:00,150.44000244140625,151.7899932861328,151.14999389648438,150.8300018310547,ETF,XLI"
"2025-08-11 13:30:00,149.97999572753906,150.94000244140625,150.85000610351562,150.33999633789062,ETF,XLI"
"2025-08-12 13:30:00,150.67999267578125,151.9600067138672,150.97000122070312,151.89999389648438,ETF,XLI"
"2025-08-13 13:30:00,150.74000549316406,152.57000732421875,152.3300018310547,152.47999572753906,ETF,XLI"
"2025-08-14 13:30:00,150.85000610351562,151.89999389648438,151.4499969482422,151.1300048828125,ETF,XLI"
"2025-08-15 13:30:00,150.3300018310547,151.25999450683594,150.97999572753906,150.44000244140625,ETF,XLI"
"2025-08-18 13:30:00,150.3000030517578,151.19000244140625,150.4499969482422,151.02999877929688,ETF,XLI"
"2025-08-19 13:30:00,150.75,152.3000030517578,151.1999969482422,151.36000061035156,ETF,XLI"
"2025-08-20 13:30:00,150.27000427246094,151.57000732421875,151.1999969482422,151.22000122070312,ETF,XLI"
"2025-08-21 13:30:00,150.4199981689453,151.38999938964844,151.0,150.67999267578125,ETF,XLI"
"2025-08-22 13:30:00,151.4499969482422,154.1999969482422,151.5,153.13999938964844,ETF,XLI"
"2025-08-25 13:30:00,151.58999633789062,153.38999938964844,152.8800048828125,151.61000061035156,ETF,XLI"
"2025-08-26 13:30:00,151.61000061035156,153.32000732421875,151.6699981689453,153.1699981689453,ETF,XLI"
"2025-08-27 13:30:00,152.85000610351562,153.39999389648438,153.10000610351562,153.14999389648438,ETF,XLI"
"2025-08-28 13:30:00,152.83999633789062,153.75,153.64999389648438,153.4199981689453,ETF,XLI"
"2025-08-29 13:30:00,151.41000366210938,153.30999755859375,153.19000244140625,152.00999450683594,ETF,XLI"
"2025-09-02 13:30:00,149.61000061035156,150.72000122070312,150.4199981689453,150.55999755859375,ETF,XLI"
"2025-09-03 13:30:00,149.10000610351562,150.6199951171875,150.52000427246094,149.8000030517578,ETF,XLI"
"2025-09-04 13:30:00,149.67999267578125,151.52000427246094,150.0800018310547,151.49000549316406,ETF,XLI"
"2025-09-05 13:30:00,149.39999389648438,152.0800018310547,151.75,150.92999267578125,ETF,XLI"
"2025-09-08 13:30:00,150.11000061035156,151.5399932861328,151.1300048828125,151.27000427246094,ETF,XLI"
"2025-09-09 13:30:00,149.32000732421875,151.00999450683594,151.0,150.25,ETF,XLI"
"2025-09-10 13:30:00,150.47000122070312,151.83999633789062,150.5,151.36000061035156,ETF,XLI"
"2025-09-11 13:30:00,151.22000122070312,153.27000427246094,151.44000244140625,152.8000030517578,ETF,XLI"
"2025-09-12 13:30:00,151.49000549316406,152.83999633789062,152.47999572753906,151.5800018310547,ETF,XLI"
"2025-09-15 13:30:00,151.6999969482422,152.67999267578125,151.92999267578125,152.27999877929688,ETF,XLI"
"2025-09-16 13:30:00,151.33999633789062,152.67999267578125,152.50999450683594,151.8300018310547,ETF,XLI"
"2025-09-17 13:30:00,150.14999389648438,152.6999969482422,151.88999938964844,151.13999938964844,ETF,XLI"
"2025-09-18 13:30:00,151.19000244140625,153.10000610351562,151.50999450683594,152.75,ETF,XLI"
"2025-09-19 13:30:00,151.91000366210938,153.4600067138672,153.25,153.1199951171875,ETF,XLI"
"2025-09-22 13:30:00,151.69000244140625,153.24000549316406,152.0,153.0,ETF,XLI"
"2025-09-23 13:30:00,152.42999267578125,154.25999450683594,153.35000610351562,153.0399932861328,ETF,XLI"
"2025-09-24 13:30:00,152.22000122070312,153.6999969482422,153.3699951171875,152.25,ETF,XLI"
"2025-09-25 13:30:00,150.6199951171875,151.77000427246094,151.74000549316406,151.22000122070312,ETF,XLI"
"2025-09-26 13:30:00,152.02000427246094,153.2100067138672,152.05999755859375,152.5800018310547,ETF,XLI"
"2025-09-29 13:30:00,152.52999877929688,153.9199981689453,153.77000427246094,153.0500030517578,ETF,XLI"
"2025-09-30 13:30:00,152.83999633789062,154.3800048828125,152.8699951171875,154.22999572753906,ETF,XLI"
"2025-10-01 13:30:00,153.11000061035156,154.11000061035156,153.47999572753906,153.8000030517578,ETF,XLI"
"2025-10-02 13:30:00,153.27999877929688,154.8000030517578,153.9600067138672,154.1999969482422,ETF,XLI"
"2025-10-03 13:30:00,153.94000244140625,155.41000366210938,154.41000366210938,154.41000366210938,ETF,XLI"
"2025-10-06 13:30:00,154.1699981689453,155.44000244140625,154.91000366210938,155.1300048828125,ETF,XLI"
"2025-10-07 13:30:00,153.89999389648438,155.77000427246094,155.36000061035156,154.25,ETF,XLI"
"2025-10-08 13:30:00,153.9600067138672,155.82000732421875,154.63999938964844,155.58999633789062,ETF,XLI"
"2025-10-09 13:30:00,153.07000732421875,155.94000244140625,155.75,153.2899932861328,ETF,XLI"
"2025-10-10 13:30:00,149.88999938964844,154.1999969482422,153.6999969482422,149.89999389648438,ETF,XLI"
"2024-09-09 13:30:00,147.22000122070312,153.39999389648438,152.50999450683594,148.7100067138672,EQUITY,GOOGL"
"2024-09-10 13:30:00,148.33999633789062,151.27000427246094,150.4499969482422,148.66000366210938,EQUITY,GOOGL"
"2024-09-11 13:30:00,147.52000427246094,151.5,149.9199981689453,151.16000366210938,EQUITY,GOOGL"
"2024-09-12 13:30:00,152.64999389648438,154.82000732421875,153.8000030517578,154.69000244140625,EQUITY,GOOGL"
"2024-09-13 13:30:00,155.2100067138672,158.3800048828125,155.42999267578125,157.4600067138672,EQUITY,GOOGL"
"2024-09-16 13:30:00,156.60000610351562,158.25,157.30999755859375,158.05999755859375,EQUITY,GOOGL"
"2024-09-17 13:30:00,158.3800048828125,160.5500030517578,159.02000427246094,159.32000732421875,EQUITY,GOOGL"
"2024-09-18 13:30:00,158.60000610351562,160.5,159.86000061035156,159.80999755859375,EQUITY,GOOGL"
"2024-09-19 13:30:00,161.33999633789062,163.7899932861328,163.7100067138672,162.13999938964844,EQUITY,GOOGL"
"2024-09-20 13:30:00,162.05999755859375,163.72999572753906,163.5,163.58999633789062,EQUITY,GOOGL"
"2024-09-23 13:30:00,161.6699981689453,165.49000549316406,164.35000610351562,161.85000610351562,EQUITY,GOOGL"
"2024-09-24 13:30:00,160.69000244140625,163.22000122070312,163.02999877929688,162.2899932861328,EQUITY,GOOGL"
"2024-09-25 13:30:00,161.3000030517578,162.80999755859375,161.47000122070312,161.49000549316406,EQUITY,GOOGL"
"2024-09-26 13:30:00,162.27999877929688,164.0800018310547,163.63999938964844,162.72999572753906,EQUITY,GOOGL"
"2024-09-27 13:30:00,162.6300048828125,165.6999969482422,162.80999755859375,163.9499969482422,EQUITY,GOOGL"
"2024-09-30 13:30:00,163.25999450683594,166.14999389648438,163.32000732421875,165.85000610351562,EQUITY,GOOGL"
"2024-10-01 13:30:00,164.5800018310547,169.16000366210938,167.69000244140625,166.99000549316406,EQUITY,GOOGL"
"2024-10-02 13:30:00,164.72999572753906,167.52000427246094,166.4199981689453,165.86000061035156,EQUITY,GOOGL"
"2024-10-03 13:30:00,163.9199981689453,166.63999938964844,164.41000366210938,165.86000061035156,EQUITY,GOOGL"
"2024-10-04 13:30:00,165.47999572753906,168.22999572753906,168.05999755859375,167.05999755859375,EQUITY,GOOGL"
"2024-10-07 13:30:00,162.75,168.47999572753906,167.72000122070312,162.97999572753906,EQUITY,GOOGL"
"2024-10-08 13:30:00,162.8699951171875,164.72999572753906,163.94000244140625,164.3800048828125,EQUITY,GOOGL"
"2024-10-09 13:30:00,159.74000549316406,164.83999633789062,163.4499969482422,161.86000061035156,EQUITY,GOOGL"
"2024-10-10 13:30:00,160.39999389648438,163.07000732421875,160.8699951171875,162.0800018310547,EQUITY,GOOGL"
"2024-10-11 13:30:00,161.24000549316406,163.89999389648438,162.1300048828125,163.24000549316406,EQUITY,GOOGL"
"2024-10-14 13:30:00,163.39999389648438,166.22999572753906,163.63999938964844,164.9600067138672,EQUITY,GOOGL"
"2024-10-15 13:30:00,164.6300048828125,167.67999267578125,165.7899932861328,165.4600067138672,EQUITY,GOOGL"
"2024-10-16 13:30:00,163.74000549316406,165.8000030517578,164.52999877929688,165.16000366210938,EQUITY,GOOGL"
"2024-10-17 13:30:00,162.75999450683594,166.3699951171875,165.72999572753906,162.92999267578125,EQUITY,GOOGL"
"2024-10-18 13:30:00,163.0800018310547,164.7100067138672,163.19000244140625,163.4199981689453,EQUITY,GOOGL"
"2024-10-21 13:30:00,162.6199951171875,164.5,162.9499969482422,164.07000732421875,EQUITY,GOOGL"
"2024-10-22 13:30:00,162.97999572753906,165.77000427246094,162.97999572753906,165.13999938964844,EQUITY,GOOGL"
"2024-10-23 13:30:00,161.92999267578125,165.82000732421875,164.75999450683594,162.77999877929688,EQUITY,GOOGL"
"2024-10-24 13:30:00,161.00999450683594,163.3300018310547,162.8300018310547,162.72000122070312,EQUITY,GOOGL"
"2024-10-25 13:30:00,163.4199981689453,165.58999633789062,163.6699981689453,165.27000427246094,EQUITY,GOOGL"
"2024-10-28 13:30:00,163.9499969482422,168.75,168.75,166.72000122070312,EQUITY,GOOGL"
"2024-10-29 13:30:00,167.08999633789062,170.3800048828125,167.72999572753906,169.67999267578125,EQUITY,GOOGL"
"2024-10-30 13:30:00,174.05999755859375,182.02000427246094,180.67999267578125,174.4600067138672,EQUITY,GOOGL"
"2024-10-31 13:30:00,171.0,176.82000732421875,173.1300048828125,171.11000061035156,EQUITY,GOOGL"
"2024-11-01 13:30:00,168.8800048828125,172.32000732421875,170.07000732421875,171.2899932861328,EQUITY,GOOGL"
"2024-11-04 14:30:00,168.00999450683594,170.72999572753906,169.92999267578125,169.24000549316406,EQUITY,GOOGL"
"2024-11-05 14:30:00,168.83999633789062,170.52999877929688,169.42999267578125,169.74000549316406,EQUITY,GOOGL"
"2024-11-06 14:30:00,173.5,176.94000244140625,173.8000030517578,176.50999450683594,EQUITY,GOOGL"
"2024-11-07 14:30:00,177.19000244140625,181.0800018310547,177.41000366210938,180.75,EQUITY,GOOGL"
"2024-11-08 14:30:00,178.0800018310547,180.89999389648438,180.64999389648438,178.35000610351562,EQUITY,GOOGL"
"2024-11-11 14:30:00,178.47000122070312,180.5500030517578,178.5800018310547,180.35000610351562,EQUITY,GOOGL"
"2024-11-12 14:30:00,179.38999938964844,182.49000549316406,179.82000732421875,181.6199951171875,EQUITY,GOOGL"
"2024-11-13 14:30:00,178.5399932861328,180.9600067138672,180.4600067138672,178.8800048828125,EQUITY,GOOGL"
"2024-11-14 14:30:00,174.32000732421875,178.82000732421875,178.27999877929688,175.5800018310547,EQUITY,GOOGL"
"2024-11-15 14:30:00,171.22000122070312,174.13999938964844,173.72999572753906,172.49000549316406,EQUITY,GOOGL"
"2024-11-18 14:30:00,172.89999389648438,175.44000244140625,173.4199981689453,175.3000030517578,EQUITY,GOOGL"
"2024-11-19 14:30:00,173.55999755859375,178.8699951171875,173.72000122070312,178.1199951171875,EQUITY,GOOGL"
"2024-11-20 14:30:00,173.77999877929688,177.67999267578125,177.33999633789062,175.97999572753906,EQUITY,GOOGL"
"2024-11-21 14:30:00,163.6999969482422,174.1300048828125,173.89999389648438,167.6300048828125,EQUITY,GOOGL"
"2024-11-22 14:30:00,163.89999389648438,166.4600067138672,165.85000610351562,164.75999450683594,EQUITY,GOOGL"
"2024-11-25 14:30:00,165.61000061035156,168.6300048828125,166.08999633789062,167.64999389648438,EQUITY,GOOGL"
"2024-11-26 14:30:00,167.5800018310547,169.82000732421875,167.6300048828125,169.1199951171875,EQUITY,GOOGL"
"2024-11-27 14:30:00,168.02000427246094,169.47999572753906,169.0,169.22999572753906,EQUITY,GOOGL"
"2024-11-29 14:30:00,167.16000366210938,169.42999267578125,168.5,168.9499969482422,EQUITY,GOOGL"
"2024-12-02 14:30:00,168.57000732421875,172.0800018310547,168.77000427246094,171.49000549316406,EQUITY,GOOGL"
"2024-12-03 14:30:00,170.85000610351562,172.67999267578125,171.49000549316406,171.33999633789062,EQUITY,GOOGL"
"2024-12-04 14:30:00,171.05999755859375,174.91000366210938,171.14999389648438,174.3699951171875,EQUITY,GOOGL"
"2024-12-05 14:30:00,172.3300018310547,176.05999755859375,175.36000061035156,172.63999938964844,EQUITY,GOOGL"
"2024-12-06 14:30:00,171.86000061035156,175.0800018310547,172.02999877929688,174.7100067138672,EQUITY,GOOGL"
"2024-12-09 14:30:00,173.64999389648438,176.25999450683594,173.9600067138672,175.3699951171875,EQUITY,GOOGL"
"2024-12-10 14:30:00,181.0500030517578,186.36000061035156,182.85000610351562,185.1699981689453,EQUITY,GOOGL"
"2024-12-11 14:30:00,184.85000610351562,195.61000061035156,185.30999755859375,195.39999389648438,EQUITY,GOOGL"
"2024-12-12 14:30:00,191.7100067138672,195.17999267578125,195.0,191.9600067138672,EQUITY,GOOGL"
"2024-12-13 14:30:00,189.63999938964844,192.72999572753906,191.00999450683594,189.82000732421875,EQUITY,GOOGL"
"2024-12-16 14:30:00,192.6199951171875,199.0,192.8699951171875,196.66000366210938,EQUITY,GOOGL"
"2024-12-17 14:30:00,194.97999572753906,201.4199981689453,197.25,195.4199981689453,EQUITY,GOOGL"
"2024-12-18 14:30:00,187.74000549316406,197.0,195.22000122070312,188.39999389648438,EQUITY,GOOGL"
"2024-12-19 14:30:00,188.3800048828125,193.02999877929688,191.6300048828125,188.50999450683594,EQUITY,GOOGL"
"2024-12-20 14:30:00,185.22000122070312,192.88999938964844,185.77999877929688,191.41000366210938,EQUITY,GOOGL"
"2024-12-23 14:30:00,190.14999389648438,195.10000610351562,192.6199951171875,194.6300048828125,EQUITY,GOOGL"
"2024-12-24 14:30:00,193.77999877929688,196.11000061035156,194.83999633789062,196.11000061035156,EQUITY,GOOGL"
"2024-12-26 14:30:00,194.3800048828125,196.75,195.14999389648438,195.60000610351562,EQUITY,GOOGL"
"2024-12-27 14:30:00,190.64999389648438,195.32000732421875,194.9499969482422,192.75999450683594,EQUITY,GOOGL"
"2024-12-30 14:30:00,189.1199951171875,192.5500030517578,189.8000030517578,191.24000549316406,EQUITY,GOOGL"
"2024-12-31 14:30:00,188.50999450683594,191.9600067138672,191.0800018310547,189.3000030517578,EQUITY,GOOGL"
"2025-01-02 14:30:00,187.5,192.0,190.64999389648438,189.42999267578125,EQUITY,GOOGL"
"2025-01-03 14:30:00,189.97999572753906,193.2100067138672,191.3699951171875,191.7899932861328,EQUITY,GOOGL"
"2025-01-06 14:30:00,193.85000610351562,198.22000122070312,193.97999572753906,196.8699951171875,EQUITY,GOOGL"
"2025-01-07 14:30:00,194.60000610351562,201.0,197.11000061035156,195.49000549316406,EQUITY,GOOGL"
"2025-01-08 14:30:00,192.3800048828125,196.2899932861328,192.57000732421875,193.9499969482422,EQUITY,GOOGL"
"2025-01-10 14:30:00,190.30999755859375,196.52000427246094,194.3000030517578,192.0399932861328,EQUITY,GOOGL"
"2025-01-13 14:30:00,187.36000061035156,191.17999267578125,190.07000732421875,191.00999450683594,EQUITY,GOOGL"
"2025-01-14 14:30:00,188.30999755859375,191.97999572753906,191.24000549316406,189.66000366210938,EQUITY,GOOGL"
"2025-01-15 14:30:00,191.86000061035156,196.36000061035156,193.08999633789062,195.5500030517578,EQUITY,GOOGL"
"2025-01-16 14:30:00,192.80999755859375,195.47999572753906,194.13999938964844,192.91000366210938,EQUITY,GOOGL"
"2025-01-17 14:30:00,193.75,197.22999572753906,196.52999877929688,196.0,EQUITY,GOOGL"
"2025-01-21 14:30:00,197.8699951171875,202.2899932861328,199.07000732421875,198.0500030517578,EQUITY,GOOGL"
"2025-01-22 14:30:00,197.52999877929688,200.47999572753906,199.05999755859375,198.3699951171875,EQUITY,GOOGL"
"2025-01-23 14:30:00,195.1999969482422,200.3000030517578,198.13999938964844,197.97999572753906,EQUITY,GOOGL"
"2025-01-24 14:30:00,198.0,200.89999389648438,198.10000610351562,200.2100067138672,EQUITY,GOOGL"
"2025-01-27 14:30:00,190.72999572753906,196.8800048828125,192.41000366210938,191.80999755859375,EQUITY,GOOGL"
"2025-01-28 14:30:00,190.67999267578125,195.47999572753906,192.75,195.3000030517578,EQUITY,GOOGL"
"2025-01-29 14:30:00,193.42999267578125,196.7899932861328,195.55999755859375,195.41000366210938,EQUITY,GOOGL"
"2025-01-30 14:30:00,197.6699981689453,201.39999389648438,198.0,200.8699951171875,EQUITY,GOOGL"
"2025-01-31 14:30:00,201.8000030517578,205.47999572753906,202.0,204.02000427246094,EQUITY,GOOGL"
"2025-02-03 14:30:00,200.10000610351562,203.75,200.69000244140625,201.22999572753906,EQUITY,GOOGL"
"2025-02-04 14:30:00,202.80999755859375,207.0500030517578,203.38999938964844,206.3800048828125,EQUITY,GOOGL"
"2025-02-05 14:30:00,188.02999877929688,192.75,191.07000732421875,191.3300018310547,EQUITY,GOOGL"
"2025-02-06 14:30:00,188.72000122070312,192.10000610351562,189.5,191.60000610351562,EQUITY,GOOGL"
"2025-02-07 14:30:00,183.24000549316406,191.17999267578125,191.0500030517578,185.33999633789062,EQUITY,GOOGL"
"2025-02-10 14:30:00,185.86000061035156,188.1999969482422,187.35000610351562,186.47000122070312,EQUITY,GOOGL"
"2025-02-11 14:30:00,184.27999877929688,186.94000244140625,185.02999877929688,185.32000732421875,EQUITY,GOOGL"
"2025-02-12 14:30:00,181.8300018310547,185.11000061035156,183.22000122070312,183.61000061035156,EQUITY,GOOGL"
"2025-02-13 14:30:00,183.13999938964844,186.27999877929688,184.32000732421875,186.13999938964844,EQUITY,GOOGL"
"2025-02-14 14:30:00,184.32000732421875,186.39999389648438,185.05999755859375,185.22999572753906,EQUITY,GOOGL"
"2025-02-18 14:30:00,181.74000549316406,185.9600067138672,185.60000610351562,183.77000427246094,EQUITY,GOOGL"
"2025-02-19 14:30:00,183.58999633789062,185.4600067138672,184.07000732421875,185.27000427246094,EQUITY,GOOGL"
"2025-02-20 14:30:00,182.72000122070312,185.30999755859375,184.8000030517578,184.55999755859375,EQUITY,GOOGL"
"2025-02-21 14:30:00,179.0800018310547,185.33999633789062,185.14999389648438,179.66000366210938,EQUITY,GOOGL"
"2025-02-24 14:30:00,178.88999938964844,183.1199951171875,181.99000549316406,179.25,EQUITY,GOOGL"
"2025-02-25 14:30:00,174.69000244140625,178.74000549316406,178.0399932861328,175.4199981689453,EQUITY,GOOGL"
"2025-02-26 14:30:00,171.5800018310547,176.0800018310547,175.07000732421875,172.72999572753906,EQUITY,GOOGL"
"2025-02-27 14:30:00,167.94000244140625,174.55999755859375,173.99000549316406,168.5,EQUITY,GOOGL"
"2025-02-28 14:30:00,166.77000427246094,170.61000061035156,168.67999267578125,170.27999877929688,EQUITY,GOOGL"
"2025-03-03 14:30:00,165.92999267578125,173.3699951171875,171.92999267578125,167.00999450683594,EQUITY,GOOGL"
"2025-03-04 14:30:00,165.8000030517578,173.2899932861328,166.24000549316406,170.9199981689453,EQUITY,GOOGL"
"2025-03-05 14:30:00,169.05999755859375,173.77999877929688,170.52000427246094,173.02000427246094,EQUITY,GOOGL"
"2025-03-06 14:30:00,170.5,174.80999755859375,170.52999877929688,172.35000610351562,EQUITY,GOOGL"
"2025-03-07 14:30:00,170.27000427246094,174.97000122070312,171.25999450683594,173.86000061035156,EQUITY,GOOGL"
"2025-03-10 13:30:00,163.69000244140625,168.4600067138672,168.25999450683594,165.8699951171875,EQUITY,GOOGL"
"2025-03-11 13:30:00,161.3699951171875,166.75,164.91000366210938,164.0399932861328,EQUITY,GOOGL"
"2025-03-12 13:30:00,163.52999877929688,167.63999938964844,166.5800018310547,167.11000061035156,EQUITY,GOOGL"
"2025-03-13 13:30:00,162.11000061035156,166.1300048828125,166.0399932861328,162.75999450683594,EQUITY,GOOGL"
"2025-03-14 13:30:00,162.4499969482422,166.49000549316406,163.27000427246094,165.49000549316406,EQUITY,GOOGL"
"2025-03-17 13:30:00,163.6699981689453,166.3000030517578,165.02999877929688,164.2899932861328,EQUITY,GOOGL"
"2025-03-18 13:30:00,156.72000122070312,164.25,163.67999267578125,160.6699981689453,EQUITY,GOOGL"
"2025-03-19 13:30:00,161.0,165.8699951171875,161.75999450683594,163.88999938964844,EQUITY,GOOGL"
"2025-03-20 13:30:00,160.9600067138672,164.88999938964844,161.57000732421875,162.8000030517578,EQUITY,GOOGL"
"2025-03-21 13:30:00,160.88999938964844,164.24000549316406,161.2100067138672,163.99000549316406,EQUITY,GOOGL"
"2025-03-24 13:30:00,165.13999938964844,168.32000732421875,167.07000732421875,167.67999267578125,EQUITY,GOOGL"
"2025-03-25 13:30:00,168.32000732421875,170.6300048828125,168.97999572753906,170.55999755859375,EQUITY,GOOGL"
"2025-03-26 13:30:00,164.83999633789062,169.61000061035156,169.0,165.05999755859375,EQUITY,GOOGL"
"2025-03-27 13:30:00,162.0,165.4199981689453,164.6300048828125,162.24000549316406,EQUITY,GOOGL"
"2025-03-28 13:30:00,153.6300048828125,161.82000732421875,160.49000549316406,154.3300018310547,EQUITY,GOOGL"
"2025-03-31 13:30:00,150.66000366210938,155.5399932861328,153.11000061035156,154.63999938964844,EQUITY,GOOGL"
"2025-04-01 13:30:00,153.6199951171875,158.10000610351562,153.6199951171875,157.07000732421875,EQUITY,GOOGL"
"2025-04-02 13:30:00,154.6999969482422,158.41000366210938,155.14999389648438,157.0399932861328,EQUITY,GOOGL"
"2025-04-03 13:30:00,150.38999938964844,152.77999877929688,151.11000061035156,150.72000122070312,EQUITY,GOOGL"
"2025-04-04 13:30:00,145.3800048828125,151.07000732421875,148.00999450683594,145.60000610351562,EQUITY,GOOGL"
"2025-04-07 13:30:00,140.52999877929688,152.85000610351562,141.5500030517578,146.75,EQUITY,GOOGL"
"2025-04-08 13:30:00,143.02999877929688,152.24000549316406,151.22000122070312,144.6999969482422,EQUITY,GOOGL"
"2025-04-09 13:30:00,143.91000366210938,159.5500030517578,144.4199981689453,158.7100067138672,EQUITY,GOOGL"
"2025-04-10 13:30:00,149.92999267578125,157.72000122070312,156.5399932861328,152.82000732421875,EQUITY,GOOGL"
"2025-04-11 13:30:00,152.82000732421875,157.6699981689453,152.89999389648438,157.13999938964844,EQUITY,GOOGL"
"2025-04-14 13:30:00,157.55999755859375,161.72000122070312,160.0,159.07000732421875,EQUITY,GOOGL"
"2025-04-15 13:30:00,155.2100067138672,159.64999389648438,159.1300048828125,156.30999755859375,EQUITY,GOOGL"
"2025-04-16 13:30:00,151.50999450683594,155.88999938964844,153.10000610351562,153.3300018310547,EQUITY,GOOGL"
"2025-04-17 13:30:00,148.5,154.67999267578125,154.2899932861328,151.16000366210938,EQUITY,GOOGL"
"2025-04-21 13:30:00,146.10000610351562,148.9499969482422,148.8800048828125,147.6699981689453,EQUITY,GOOGL"
"2025-04-22 13:30:00,148.5399932861328,152.19000244140625,148.88999938964844,151.47000122070312,EQUITY,GOOGL"
"2025-04-23 13:30:00,153.80999755859375,157.52999877929688,155.61000061035156,155.35000610351562,EQUITY,GOOGL"
"2025-04-24 13:30:00,155.7899932861328,159.58999633789062,156.14999389648438,159.27999877929688,EQUITY,GOOGL"
"2025-04-25 13:30:00,161.0399932861328,166.10000610351562,165.07000732421875,161.9600067138672,EQUITY,GOOGL"
"2025-04-28 13:30:00,158.60000610351562,163.14999389648438,162.42999267578125,160.61000061035156,EQUITY,GOOGL"
"2025-04-29 13:30:00,157.52000427246094,160.74000549316406,160.32000732421875,160.16000366210938,EQUITY,GOOGL"
"2025-04-30 13:30:00,155.39999389648438,159.27000427246094,157.97999572753906,158.8000030517578,EQUITY,GOOGL"
"2025-05-01 13:30:00,158.91000366210938,161.9499969482422,160.4499969482422,161.3000030517578,EQUITY,GOOGL"
"2025-05-02 13:30:00,161.8699951171875,164.97000122070312,163.41000366210938,164.02999877929688,EQUITY,GOOGL"
"2025-05-05 13:30:00,162.72000122070312,165.38999938964844,163.0,164.2100067138672,EQUITY,GOOGL"
"2025-05-06 13:30:00,161.19000244140625,164.8000030517578,162.1699981689453,163.22999572753906,EQUITY,GOOGL"
"2025-05-07 13:30:00,147.83999633789062,165.0,164.0800018310547,151.3800048828125,EQUITY,GOOGL"
"2025-05-08 13:30:00,152.89999389648438,155.92999267578125,155.0,154.27999877929688,EQUITY,GOOGL"
"2025-05-09 13:30:00,152.1999969482422,155.0500030517578,154.1699981689453,152.75,EQUITY,GOOGL"
"2025-05-12 13:30:00,156.25,159.10000610351562,157.49000549316406,158.4600067138672,EQUITY,GOOGL"
"2025-05-13 13:30:00,156.16000366210938,160.57000732421875,158.7899932861328,159.52999877929688,EQUITY,GOOGL"
"2025-05-14 13:30:00,159.61000061035156,167.0,159.9600067138672,165.3699951171875,EQUITY,GOOGL"
"2025-05-15 13:30:00,162.3699951171875,166.2100067138672,165.83999633789062,163.9600067138672,EQUITY,GOOGL"
"2025-05-16 13:30:00,165.6199951171875,169.35000610351562,167.72999572753906,166.19000244140625,EQUITY,GOOGL"
"2025-05-19 13:30:00,164.22000122070312,166.63999938964844,164.50999450683594,166.5399932861328,EQUITY,GOOGL"
"2025-05-20 13:30:00,162.89999389648438,168.5,166.42999267578125,163.97999572753906,EQUITY,GOOGL"
"2025-05-21 13:30:00,163.55999755859375,173.13999938964844,163.69000244140625,168.55999755859375,EQUITY,GOOGL"
"2025-05-22 13:30:00,170.7100067138672,176.77000427246094,171.85000610351562,170.8699951171875,EQUITY,GOOGL"
"2025-05-23 13:30:00,167.88999938964844,169.9600067138672,169.05999755859375,168.47000122070312,EQUITY,GOOGL"
"2025-05-27 13:30:00,170.0,173.1699981689453,170.16000366210938,172.89999389648438,EQUITY,GOOGL"
"2025-05-28 13:30:00,171.91000366210938,175.27000427246094,173.16000366210938,172.36000061035156,EQUITY,GOOGL"
"2025-05-29 13:30:00,170.6300048828125,174.4199981689453,174.0,171.86000061035156,EQUITY,GOOGL"
"2025-05-30 13:30:00,167.44000244140625,172.2100067138672,171.35000610351562,171.74000549316406,EQUITY,GOOGL"
"2025-06-02 13:30:00,167.38999938964844,169.8699951171875,167.83999633789062,169.02999877929688,EQUITY,GOOGL"
"2025-06-03 13:30:00,165.27999877929688,168.47999572753906,167.49000549316406,166.17999267578125,EQUITY,GOOGL"
"2025-06-04 13:30:00,166.36000061035156,168.22000122070312,166.74000549316406,168.0500030517578,EQUITY,GOOGL"
"2025-06-05 13:30:00,167.58999633789062,170.92999267578125,170.33999633789062,168.2100067138672,EQUITY,GOOGL"
"2025-06-06 13:30:00,170.8300018310547,174.5,170.8300018310547,173.67999267578125,EQUITY,GOOGL"
"2025-06-09 13:30:00,174.3699951171875,176.47000122070312,174.5399932861328,176.08999633789062,EQUITY,GOOGL"
"2025-06-10 13:30:00,174.91000366210938,181.11000061035156,176.1999969482422,178.60000610351562,EQUITY,GOOGL"
"2025-06-11 13:30:00,176.75,180.3699951171875,179.77000427246094,177.35000610351562,EQUITY,GOOGL"
"2025-06-12 13:30:00,174.75,176.72000122070312,176.17999267578125,175.6999969482422,EQUITY,GOOGL"
"2025-06-13 13:30:00,172.38999938964844,177.1300048828125,172.44000244140625,174.6699981689453,EQUITY,GOOGL"
"2025-06-16 13:30:00,174.64999389648438,176.94000244140625,174.72999572753906,176.77000427246094,EQUITY,GOOGL"
"2025-06-17 13:30:00,174.5800018310547,177.36000061035156,175.6999969482422,175.9499969482422,EQUITY,GOOGL"
"2025-06-18 13:30:00,173.1999969482422,176.55999755859375,176.00999450683594,173.32000732421875,EQUITY,GOOGL"
"2025-06-20 13:30:00,165.4600067138672,174.33999633789062,173.9499969482422,166.63999938964844,EQUITY,GOOGL"
"2025-06-23 13:30:00,162.0,167.33999633789062,166.27000427246094,165.19000244140625,EQUITY,GOOGL"
"2025-06-24 13:30:00,166.1300048828125,168.22000122070312,166.9199981689453,166.77000427246094,EQUITY,GOOGL"
"2025-06-25 13:30:00,167.5500030517578,172.36000061035156,167.6300048828125,170.67999267578125,EQUITY,GOOGL"
"2025-06-26 13:30:00,169.94000244140625,173.69000244140625,172.42999267578125,173.5399932861328,EQUITY,GOOGL"
"2025-06-27 13:30:00,171.72999572753906,178.67999267578125,173.5399932861328,178.52999877929688,EQUITY,GOOGL"
"2025-06-30 13:30:00,174.5800018310547,181.22999572753906,180.77999877929688,176.22999572753906,EQUITY,GOOGL"
"2025-07-01 13:30:00,173.52999877929688,176.08999633789062,175.74000549316406,175.83999633789062,EQUITY,GOOGL"
"2025-07-02 13:30:00,175.07000732421875,178.86000061035156,175.5399932861328,178.63999938964844,EQUITY,GOOGL"
"2025-07-03 13:30:00,177.0500030517578,179.6699981689453,178.5,179.52999877929688,EQUITY,GOOGL"
"2025-07-07 13:30:00,175.67999267578125,179.3000030517578,179.05999755859375,176.7899932861328,EQUITY,GOOGL"
"2025-07-08 13:30:00,172.80999755859375,177.9499969482422,177.85000610351562,174.36000061035156,EQUITY,GOOGL"
"2025-07-09 13:30:00,172.77000427246094,179.44000244140625,175.25,176.6199951171875,EQUITY,GOOGL"
"2025-07-10 13:30:00,174.3800048828125,178.42999267578125,175.6300048828125,177.6199951171875,EQUITY,GOOGL"
"2025-07-11 13:30:00,176.47999572753906,181.42999267578125,176.7899932861328,180.19000244140625,EQUITY,GOOGL"
"2025-07-14 13:30:00,179.67999267578125,183.6699981689453,181.00999450683594,181.55999755859375,EQUITY,GOOGL"
"2025-07-15 13:30:00,181.60000610351562,184.22000122070312,182.80999755859375,182.0,EQUITY,GOOGL"
"2025-07-16 13:30:00,182.02999877929688,184.3300018310547,183.24000549316406,182.97000122070312,EQUITY,GOOGL"
"2025-07-17 13:30:00,180.47999572753906,184.05999755859375,182.13999938964844,183.5800018310547,EQUITY,GOOGL"
"2025-07-18 13:30:00,183.7100067138672,186.4199981689453,185.39999389648438,185.05999755859375,EQUITY,GOOGL"
"2025-07-21 13:30:00,186.14999389648438,190.2899932861328,186.25,190.10000610351562,EQUITY,GOOGL"
"2025-07-22 13:30:00,187.4600067138672,191.64999389648438,191.5,191.33999633789062,EQUITY,GOOGL"
"2025-07-23 13:30:00,189.17999267578125,192.52999877929688,191.5,190.22999572753906,EQUITY,GOOGL"
"2025-07-24 13:30:00,191.0,197.9499969482422,197.02999877929688,192.1699981689453,EQUITY,GOOGL"
"2025-07-25 13:30:00,191.25999450683594,194.3300018310547,191.97999572753906,193.17999267578125,EQUITY,GOOGL"
"2025-07-28 13:30:00,190.83999633789062,194.0500030517578,193.64999389648438,192.5800018310547,EQUITY,GOOGL"
"2025-07-29 13:30:00,192.0800018310547,195.9199981689453,192.42999267578125,195.75,EQUITY,GOOGL"
"2025-07-30 13:30:00,194.69000244140625,197.60000610351562,195.60000610351562,196.52999877929688,EQUITY,GOOGL"
"2025-07-31 13:30:00,191.08999633789062,195.99000549316406,195.7100067138672,191.89999389648438,EQUITY,GOOGL"
"2025-08-01 13:30:00,187.82000732421875,190.8300018310547,189.02999877929688,189.1300048828125,EQUITY,GOOGL"
"2025-08-04 13:30:00,190.1199951171875,195.27000427246094,190.2899932861328,195.0399932861328,EQUITY,GOOGL"
"2025-08-05 13:30:00,193.88999938964844,197.86000061035156,194.7100067138672,194.6699981689453,EQUITY,GOOGL"
"2025-08-06 13:30:00,193.6699981689453,196.6300048828125,194.5,196.08999633789062,EQUITY,GOOGL"
"2025-08-07 13:30:00,194.3300018310547,197.5399932861328,197.05999755859375,196.52000427246094,EQUITY,GOOGL"
"2025-08-08 13:30:00,197.1699981689453,202.61000061035156,197.22000122070312,201.4199981689453,EQUITY,GOOGL"
"2025-08-11 13:30:00,199.07000732421875,201.47999572753906,200.94000244140625,201.0,EQUITY,GOOGL"
"2025-08-12 13:30:00,200.58999633789062,204.5,201.3699951171875,203.33999633789062,EQUITY,GOOGL"
"2025-08-13 13:30:00,197.50999450683594,204.52999877929688,204.1300048828125,201.9600067138672,EQUITY,GOOGL"
"2025-08-14 13:30:00,201.22999572753906,204.44000244140625,201.5,202.94000244140625,EQUITY,GOOGL"
"2025-08-15 13:30:00,201.27999877929688,206.44000244140625,203.85000610351562,203.89999389648438,EQUITY,GOOGL"
"2025-08-18 13:30:00,202.49000549316406,205.27000427246094,204.1999969482422,203.5,EQUITY,GOOGL"
"2025-08-19 13:30:00,199.9600067138672,203.44000244140625,203.02999877929688,201.57000732421875,EQUITY,GOOGL"
"2025-08-20 13:30:00,196.60000610351562,201.27999877929688,200.72999572753906,199.32000732421875,EQUITY,GOOGL"
"2025-08-21 13:30:00,199.42999267578125,202.47999572753906,199.75,199.75,EQUITY,GOOGL"
"2025-08-22 13:30:00,201.3000030517578,208.5399932861328,202.72999572753906,206.08999633789062,EQUITY,GOOGL"
"2025-08-25 13:30:00,205.27999877929688,210.52000427246094,206.42999267578125,208.49000549316406,EQUITY,GOOGL"
"2025-08-26 13:30:00,205.6999969482422,207.85000610351562,207.50999450683594,207.13999938964844,EQUITY,GOOGL"
"2025-08-27 13:30:00,205.64999389648438,208.91000366210938,205.6999969482422,207.47999572753906,EQUITY,GOOGL"
"2025-08-28 13:30:00,206.89999389648438,212.22000122070312,207.25,211.63999938964844,EQUITY,GOOGL"
"2025-08-29 13:30:00,210.1999969482422,214.64999389648438,210.50999450683594,212.91000366210938,EQUITY,GOOGL"
"2025-09-02 13:30:00,206.1999969482422,211.67999267578125,208.44000244140625,211.35000610351562,EQUITY,GOOGL"
"2025-09-03 13:30:00,224.7899932861328,231.30999755859375,226.2100067138672,230.66000366210938,EQUITY,GOOGL"
"2025-09-04 13:30:00,226.11000061035156,232.3699951171875,229.64999389648438,232.3000030517578,EQUITY,GOOGL"
"2025-09-05 13:30:00,231.89999389648438,235.75999450683594,232.1999969482422,235.0,EQUITY,GOOGL"
"2025-09-08 13:30:00,233.6699981689453,238.1300048828125,235.47000122070312,234.0399932861328,EQUITY,GOOGL"
"2025-09-09 13:30:00,233.22999572753906,240.47000122070312,234.1699981689453,239.6300048828125,EQUITY,GOOGL"
"2025-09-10 13:30:00,237.85000610351562,241.66000366210938,238.89999389648438,239.1699981689453,EQUITY,GOOGL"
"2025-09-11 13:30:00,236.25,242.25,239.8800048828125,240.3699951171875,EQUITY,GOOGL"
"2025-09-12 13:30:00,238.0,242.0800018310547,240.3699951171875,240.8000030517578,EQUITY,GOOGL"
"2025-09-15 13:30:00,244.66000366210938,252.41000366210938,244.66000366210938,251.61000061035156,EQUITY,GOOGL"
"2025-09-16 13:30:00,249.47000122070312,253.0399932861328,252.0800018310547,251.16000366210938,EQUITY,GOOGL"
"2025-09-17 13:30:00,246.27999877929688,251.60000610351562,251.22000122070312,249.52999877929688,EQUITY,GOOGL"
"2025-09-18 13:30:00,249.8000030517578,253.99000549316406,251.67999267578125,252.02999877929688,EQUITY,GOOGL"
"2025-09-19 13:30:00,251.80999755859375,256.0,253.25,254.72000122070312,EQUITY,GOOGL"
"2025-09-22 13:30:00,250.3000030517578,255.77999877929688,254.42999267578125,252.52999877929688,EQUITY,GOOGL"
"2025-09-23 13:30:00,250.47999572753906,254.36000061035156,253.0399932861328,251.66000366210938,EQUITY,GOOGL"
"2025-09-24 13:30:00,246.44000244140625,252.35000610351562,251.66000366210938,247.13999938964844,EQUITY,GOOGL"
"2025-09-25 13:30:00,240.74000549316406,246.49000549316406,244.39999389648438,245.7899932861328,EQUITY,GOOGL"
"2025-09-26 13:30:00,245.97000122070312,249.4199981689453,247.07000732421875,246.5399932861328,EQUITY,GOOGL"
"2025-09-29 13:30:00,242.77000427246094,251.14999389648438,247.85000610351562,244.0500030517578,EQUITY,GOOGL"
"2025-09-30 13:30:00,239.25,243.2899932861328,242.80999755859375,243.10000610351562,EQUITY,GOOGL"
"2025-10-01 13:30:00,238.61000061035156,246.3000030517578,240.75,244.89999389648438,EQUITY,GOOGL"
"2025-10-02 13:30:00,242.3000030517578,246.80999755859375,245.14999389648438,245.69000244140625,EQUITY,GOOGL"
"2025-10-03 13:30:00,241.66000366210938,246.3000030517578,244.49000549316406,245.35000610351562,EQUITY,GOOGL"
"2025-10-06 13:30:00,244.5800018310547,251.32000732421875,244.77999877929688,250.42999267578125,EQUITY,GOOGL"
"2025-10-07 13:30:00,245.52000427246094,250.44000244140625,248.27000427246094,245.75999450683594,EQUITY,GOOGL"
"2025-10-08 13:30:00,243.82000732421875,246.00999450683594,244.9600067138672,244.6199951171875,EQUITY,GOOGL"
"2025-10-09 13:30:00,239.14999389648438,244.75999450683594,244.47000122070312,241.52999877929688,EQUITY,GOOGL"
"2025-10-10 13:30:00,235.83999633789062,244.08999633789062,241.42999267578125,236.57000732421875,EQUITY,GOOGL"
"2024-09-09 13:30:00,15.829999923706055,15.949999809265137,15.84000015258789,15.920000076293945,ETF,EWH"
"2024-09-10 13:30:00,15.609999656677246,15.789999961853027,15.770000457763672,15.720000267028809,ETF,EWH"
"2024-09-11 13:30:00,15.5600004196167,15.760000228881836,15.670000076293945,15.760000228881836,ETF,EWH"
"2024-09-12 13:30:00,15.760000228881836,15.920000076293945,15.859999656677246,15.920000076293945,ETF,EWH"
"2024-09-13 13:30:00,15.90999984741211,15.979999542236328,15.960000038146973,15.960000038146973,ETF,EWH"
"2024-09-16 13:30:00,16.020000457763672,16.06999969482422,16.030000686645508,16.049999237060547,ETF,EWH"
"2024-09-17 13:30:00,16.229999542236328,16.299999237060547,16.239999771118164,16.280000686645508,ETF,EWH"
"2024-09-18 13:30:00,16.18000030517578,16.34000015258789,16.270000457763672,16.18000030517578,ETF,EWH"
"2024-09-19 13:30:00,16.520000457763672,16.739999771118164,16.579999923706055,16.690000534057617,ETF,EWH"
"2024-09-20 13:30:00,16.75,16.8700008392334,16.84000015258789,16.760000228881836,ETF,EWH"
"2024-09-23 13:30:00,16.81999969482422,17.0,16.84000015258789,16.93000030517578,ETF,EWH"
"2024-09-24 13:30:00,17.350000381469727,17.719999313354492,17.389999389648438,17.719999313354492,ETF,EWH"
"2024-09-25 13:30:00,17.399999618530273,17.56999969482422,17.440000534057617,17.459999084472656,ETF,EWH"
"2024-09-26 13:30:00,18.06999969482422,18.389999389648438,18.260000228881836,18.25,ETF,EWH"
"2024-09-27 13:30:00,18.600000381469727,18.850000381469727,18.649999618530273,18.729999542236328,ETF,EWH"
"2024-09-30 13:30:00,18.59000015258789,18.989999771118164,18.989999771118164,18.65999984741211,ETF,EWH"
"2024-10-01 13:30:00,18.639999389648438,19.100000381469727,18.780000686645508,19.079999923706055,ETF,EWH"
"2024-10-02 13:30:00,19.700000762939453,20.049999237060547,19.8799991607666,20.030000686645508,ETF,EWH"
"2024-10-03 13:30:00,19.25,19.610000610351562,19.260000228881836,19.479999542236328,ETF,EWH"
"2024-10-04 13:30:00,19.860000610351562,20.059999465942383,19.959999084472656,20.030000686645508,ETF,EWH"
"2024-10-07 13:30:00,19.950000762939453,20.360000610351562,20.149999618530273,20.350000381469727,ETF,EWH"
"2024-10-08 13:30:00,18.440000534057617,18.93000030517578,18.809999465942383,18.760000228881836,ETF,EWH"
"2024-10-09 13:30:00,18.3700008392334,18.780000686645508,18.3799991607666,18.709999084472656,ETF,EWH"
"2024-10-10 13:30:00,18.510000228881836,18.860000610351562,18.84000015258789,18.68000030517578,ETF,EWH"
"2024-10-11 13:30:00,18.40999984741211,18.8700008392334,18.420000076293945,18.84000015258789,ETF,EWH"
"2024-10-14 13:30:00,18.389999389648438,18.760000228881836,18.530000686645508,18.579999923706055,ETF,EWH"
"2024-10-15 13:30:00,17.84000015258789,18.1299991607666,18.100000381469727,17.889999389648438,ETF,EWH"
"2024-10-16 13:30:00,17.979999542236328,18.18000030517578,17.989999771118164,18.079999923706055,ETF,EWH"
"2024-10-17 13:30:00,17.65999984741211,17.809999465942383,17.780000686645508,17.760000228881836,ETF,EWH"
"2024-10-18 13:30:00,18.149999618530273,18.280000686645508,18.280000686645508,18.200000762939453,ETF,EWH"
"2024-10-21 13:30:00,17.799999237060547,18.010000228881836,17.969999313354492,17.899999618530273,ETF,EWH"
"2024-10-22 13:30:00,17.860000610351562,18.1200008392334,17.860000610351562,18.0,ETF,EWH"
"2024-10-23 13:30:00,17.770000457763672,17.989999771118164,17.90999984741211,17.829999923706055,ETF,EWH"
"2024-10-24 13:30:00,17.799999237060547,17.950000762939453,17.889999389648438,17.899999618530273,ETF,EWH"
"2024-10-25 13:30:00,17.950000762939453,18.1299991607666,18.059999465942383,17.969999313354492,ETF,EWH"
"2024-10-28 13:30:00,18.059999465942383,18.229999542236328,18.059999465942383,18.170000076293945,ETF,EWH"
"2024-10-29 13:30:00,18.059999465942383,18.229999542236328,18.200000762939453,18.06999969482422,ETF,EWH"
"2024-10-30 13:30:00,17.799999237060547,17.989999771118164,17.809999465942383,17.93000030517578,ETF,EWH"
"2024-10-31 13:30:00,17.739999771118164,17.899999618530273,17.8799991607666,17.8700008392334,ETF,EWH"
"2024-11-01 13:30:00,17.979999542236328,18.110000610351562,18.010000228881836,18.020000457763672,ETF,EWH"
"2024-11-04 14:30:00,18.079999923706055,18.229999542236328,18.09000015258789,18.079999923706055,ETF,EWH"
"2024-11-05 14:30:00,18.299999237060547,18.420000076293945,18.329999923706055,18.3799991607666,ETF,EWH"
"2024-11-06 14:30:00,17.799999237060547,18.059999465942383,17.899999618530273,17.959999084472656,ETF,EWH"
"2024-11-07 14:30:00,18.350000381469727,18.579999923706055,18.440000534057617,18.440000534057617,ETF,EWH"
"2024-11-08 14:30:00,17.84000015258789,18.18000030517578,18.09000015258789,17.989999771118164,ETF,EWH"
"2024-11-11 14:30:00,17.850000381469727,17.950000762939453,17.889999389648438,17.950000762939453,ETF,EWH"
"2024-11-12 14:30:00,17.399999618530273,17.610000610351562,17.600000381469727,17.469999313354492,ETF,EWH"
"2024-11-13 14:30:00,17.31999969482422,17.489999771118164,17.469999313354492,17.31999969482422,ETF,EWH"
"2024-11-14 14:30:00,17.18000030517578,17.299999237060547,17.280000686645508,17.25,ETF,EWH"
"2024-11-15 14:30:00,17.149999618530273,17.229999542236328,17.170000076293945,17.190000534057617,ETF,EWH"
"2024-11-18 14:30:00,17.209999084472656,17.34000015258789,17.25,17.299999237060547,ETF,EWH"
"2024-11-19 14:30:00,17.139999389648438,17.229999542236328,17.229999542236328,17.190000534057617,ETF,EWH"
"2024-11-20 14:30:00,17.200000762939453,17.280000686645508,17.209999084472656,17.239999771118164,ETF,EWH"
"2024-11-21 14:30:00,17.200000762939453,17.290000915527344,17.290000915527344,17.239999771118164,ETF,EWH"
"2024-11-22 14:30:00,16.860000610351562,16.979999542236328,16.940000534057617,16.940000534057617,ETF,EWH"
"2024-11-25 14:30:00,16.90999984741211,16.989999771118164,16.93000030517578,16.969999313354492,ETF,EWH"
"2024-11-26 14:30:00,16.899999618530273,17.049999237060547,17.030000686645508,16.969999313354492,ETF,EWH"
"2024-11-27 14:30:00,17.190000534057617,17.280000686645508,17.219999313354492,17.260000228881836,ETF,EWH"
"2024-11-29 14:30:00,17.190000534057617,17.459999084472656,17.190000534057617,17.440000534057617,ETF,EWH"
"2024-12-02 14:30:00,17.170000076293945,17.299999237060547,17.270000457763672,17.260000228881836,ETF,EWH"
"2024-12-03 14:30:00,17.34000015258789,17.450000762939453,17.3799991607666,17.3799991607666,ETF,EWH"
"2024-12-04 14:30:00,17.219999313354492,17.34000015258789,17.34000015258789,17.239999771118164,ETF,EWH"
"2024-12-05 14:30:00,17.260000228881836,17.329999923706055,17.260000228881836,17.280000686645508,ETF,EWH"
"2024-12-06 14:30:00,17.290000915527344,17.43000030517578,17.420000076293945,17.290000915527344,ETF,EWH"
"2024-12-09 14:30:00,18.059999465942383,18.420000076293945,18.06999969482422,18.260000228881836,ETF,EWH"
"2024-12-10 14:30:00,17.770000457763672,17.989999771118164,17.989999771118164,17.780000686645508,ETF,EWH"
"2024-12-11 14:30:00,17.520000457763672,17.639999389648438,17.6299991607666,17.59000015258789,ETF,EWH"
"2024-12-12 14:30:00,17.360000610351562,17.489999771118164,17.420000076293945,17.440000534057617,ETF,EWH"
"2024-12-13 14:30:00,17.290000915527344,17.40999984741211,17.3700008392334,17.329999923706055,ETF,EWH"
"2024-12-16 14:30:00,17.040000915527344,17.149999618530273,17.110000610351562,17.079999923706055,ETF,EWH"
"2024-12-17 14:30:00,16.639999389648438,16.81999969482422,16.65999984741211,16.739999771118164,ETF,EWH"
"2024-12-18 14:30:00,16.40999984741211,16.739999771118164,16.68000030517578,16.40999984741211,ETF,EWH"
"2024-12-19 14:30:00,16.459999084472656,16.59000015258789,16.530000686645508,16.459999084472656,ETF,EWH"
"2024-12-20 14:30:00,16.450000762939453,16.639999389648438,16.479999542236328,16.559999465942383,ETF,EWH"
"2024-12-23 14:30:00,16.579999923706055,16.75,16.610000610351562,16.709999084472656,ETF,EWH"
"2024-12-24 14:30:00,16.889999389648438,16.989999771118164,16.93000030517578,16.920000076293945,ETF,EWH"
"2024-12-26 14:30:00,16.799999237060547,17.049999237060547,16.81999969482422,16.989999771118164,ETF,EWH"
"2024-12-27 14:30:00,16.739999771118164,16.829999923706055,16.780000686645508,16.760000228881836,ETF,EWH"
"2024-12-30 14:30:00,16.579999923706055,16.709999084472656,16.709999084472656,16.6299991607666,ETF,EWH"
"2024-12-31 14:30:00,16.610000610351562,16.739999771118164,16.65999984741211,16.65999984741211,ETF,EWH"
"2025-01-02 14:30:00,16.389999389648438,16.520000457763672,16.469999313354492,16.399999618530273,ETF,EWH"
"2025-01-03 14:30:00,16.450000762939453,16.549999237060547,16.489999771118164,16.530000686645508,ETF,EWH"
"2025-01-06 14:30:00,16.469999313354492,16.639999389648438,16.6200008392334,16.469999313354492,ETF,EWH"
"2025-01-07 14:30:00,16.25,16.420000076293945,16.420000076293945,16.280000686645508,ETF,EWH"
"2025-01-08 14:30:00,16.040000915527344,16.1299991607666,16.09000015258789,16.100000381469727,ETF,EWH"
"2025-01-10 14:30:00,15.829999923706055,15.979999542236328,15.9399995803833,15.829999923706055,ETF,EWH"
"2025-01-13 14:30:00,15.720000267028809,15.8100004196167,15.75,15.800000190734863,ETF,EWH"
"2025-01-14 14:30:00,15.869999885559082,15.989999771118164,15.920000076293945,15.890000343322754,ETF,EWH"
"2025-01-15 14:30:00,16.020000457763672,16.110000610351562,16.020000457763672,16.09000015258789,ETF,EWH"
"2025-01-16 14:30:00,16.020000457763672,16.1200008392334,16.059999465942383,16.1200008392334,ETF,EWH"
"2025-01-17 14:30:00,16.219999313354492,16.520000457763672,16.219999313354492,16.399999618530273,ETF,EWH"
"2025-01-21 14:30:00,16.389999389648438,16.520000457763672,16.459999084472656,16.510000228881836,ETF,EWH"
"2025-01-22 14:30:00,16.329999923706055,16.450000762939453,16.420000076293945,16.389999389648438,ETF,EWH"
"2025-01-23 14:30:00,16.149999618530273,16.309999465942383,16.219999313354492,16.299999237060547,ETF,EWH"
"2025-01-24 14:30:00,16.309999465942383,16.450000762939453,16.3799991607666,16.43000030517578,ETF,EWH"
"2025-01-27 14:30:00,16.43000030517578,16.549999237060547,16.479999542236328,16.43000030517578,ETF,EWH"
"2025-01-28 14:30:00,16.31999969482422,16.520000457763672,16.440000534057617,16.510000228881836,ETF,EWH"
"2025-01-29 14:30:00,16.420000076293945,16.610000610351562,16.579999923706055,16.440000534057617,ETF,EWH"
"2025-01-30 14:30:00,16.5,16.75,16.510000228881836,16.709999084472656,ETF,EWH"
"2025-01-31 14:30:00,16.450000762939453,16.709999084472656,16.709999084472656,16.5,ETF,EWH"
"2025-02-03 14:30:00,16.200000762939453,16.479999542236328,16.270000457763672,16.309999465942383,ETF,EWH"
"2025-02-04 14:30:00,16.31999969482422,16.5,16.34000015258789,16.459999084472656,ETF,EWH"
"2025-02-05 14:30:00,16.110000610351562,16.209999084472656,16.15999984741211,16.200000762939453,ETF,EWH"
"2025-02-06 14:30:00,16.260000228881836,16.34000015258789,16.290000915527344,16.31999969482422,ETF,EWH"
"2025-02-07 14:30:00,16.209999084472656,16.440000534057617,16.31999969482422,16.209999084472656,ETF,EWH"
"2025-02-10 14:30:00,16.239999771118164,16.350000381469727,16.350000381469727,16.34000015258789,ETF,EWH"
"2025-02-11 14:30:00,16.09000015258789,16.209999084472656,16.1200008392334,16.18000030517578,ETF,EWH"
"2025-02-12 14:30:00,16.40999984741211,16.700000762939453,16.440000534057617,16.65999984741211,ETF,EWH"
"2025-02-13 14:30:00,16.579999923706055,16.84000015258789,16.600000381469727,16.829999923706055,ETF,EWH"
"2025-02-14 14:30:00,16.93000030517578,17.040000915527344,16.989999771118164,16.979999542236328,ETF,EWH"
"2025-02-18 14:30:00,16.770000457763672,16.93000030517578,16.93000030517578,16.889999389648438,ETF,EWH"
"2025-02-19 14:30:00,16.81999969482422,16.920000076293945,16.8700008392334,16.90999984741211,ETF,EWH"
"2025-02-20 14:30:00,16.84000015258789,17.010000228881836,16.950000762939453,16.989999771118164,ETF,EWH"
"2025-02-21 14:30:00,17.18000030517578,17.450000762939453,17.31999969482422,17.190000534057617,ETF,EWH"
"2025-02-24 14:30:00,17.209999084472656,17.389999389648438,17.350000381469727,17.219999313354492,ETF,EWH"
"2025-02-25 14:30:00,17.280000686645508,17.389999389648438,17.34000015258789,17.3799991607666,ETF,EWH"
"2025-02-26 14:30:00,17.559999465942383,17.75,17.6299991607666,17.649999618530273,ETF,EWH"
"2025-02-27 14:30:00,17.59000015258789,17.770000457763672,17.760000228881836,17.649999618530273,ETF,EWH"
"2025-02-28 14:30:00,17.3799991607666,17.59000015258789,17.450000762939453,17.59000015258789,ETF,EWH"
"2025-03-03 14:30:00,17.25,17.579999923706055,17.540000915527344,17.309999465942383,ETF,EWH"
"2025-03-04 14:30:00,17.40999984741211,17.729999542236328,17.469999313354492,17.549999237060547,ETF,EWH"
"2025-03-05 14:30:00,17.940000534057617,18.209999084472656,17.989999771118164,18.18000030517578,ETF,EWH"
"2025-03-06 14:30:00,18.309999465942383,18.479999542236328,18.40999984741211,18.34000015258789,ETF,EWH"
"2025-03-07 14:30:00,18.170000076293945,18.360000610351562,18.229999542236328,18.309999465942383,ETF,EWH"
"2025-03-10 13:30:00,17.899999618530273,18.1200008392334,18.079999923706055,17.950000762939453,ETF,EWH"
"2025-03-11 13:30:00,18.079999923706055,18.34000015258789,18.270000457763672,18.110000610351562,ETF,EWH"
"2025-03-12 13:30:00,18.18000030517578,18.299999237060547,18.280000686645508,18.209999084472656,ETF,EWH"
"2025-03-13 13:30:00,18.040000915527344,18.280000686645508,18.079999923706055,18.170000076293945,ETF,EWH"
"2025-03-14 13:30:00,18.09000015258789,18.219999313354492,18.100000381469727,18.149999618530273,ETF,EWH"
"2025-03-17 13:30:00,18.18000030517578,18.40999984741211,18.25,18.389999389648438,ETF,EWH"
"2025-03-18 13:30:00,18.190000534057617,18.299999237060547,18.299999237060547,18.219999313354492,ETF,EWH"
"2025-03-19 13:30:00,18.309999465942383,18.469999313354492,18.469999313354492,18.3700008392334,ETF,EWH"
"2025-03-20 13:30:00,18.020000457763672,18.110000610351562,18.059999465942383,18.020000457763672,ETF,EWH"
"2025-03-21 13:30:00,17.719999313354492,17.84000015258789,17.760000228881836,17.84000015258789,ETF,EWH"
"2025-03-24 13:30:00,17.700000762939453,17.809999465942383,17.780000686645508,17.739999771118164,ETF,EWH"
"2025-03-25 13:30:00,17.68000030517578,17.799999237060547,17.729999542236328,17.690000534057617,ETF,EWH"
"2025-03-26 13:30:00,17.559999465942383,17.719999313354492,17.690000534057617,17.56999969482422,ETF,EWH"
"2025-03-27 13:30:00,17.739999771118164,17.899999618530273,17.799999237060547,17.809999465942383,ETF,EWH"
"2025-03-28 13:30:00,17.520000457763672,17.670000076293945,17.649999618530273,17.559999465942383,ETF,EWH"
"2025-03-31 13:30:00,17.3799991607666,17.549999237060547,17.399999618530273,17.510000228881836,ETF,EWH"
"2025-04-01 13:30:00,17.600000381469727,17.809999465942383,17.600000381469727,17.739999771118164,ETF,EWH"
"2025-04-02 13:30:00,17.75,17.829999923706055,17.760000228881836,17.790000915527344,ETF,EWH"
"2025-04-03 13:30:00,17.420000076293945,17.520000457763672,17.479999542236328,17.479999542236328,ETF,EWH"
"2025-04-04 13:30:00,16.239999771118164,16.8799991607666,16.65999984741211,16.3799991607666,ETF,EWH"
"2025-04-07 13:30:00,15.510000228881836,16.270000457763672,15.899999618530273,15.680000305175781,ETF,EWH"
"2025-04-08 13:30:00,15.100000381469727,15.899999618530273,15.899999618530273,15.199999809265137,ETF,EWH"
"2025-04-09 13:30:00,15.039999961853027,15.829999923706055,15.239999771118164,15.789999961853027,ETF,EWH"
"2025-04-10 13:30:00,15.569999694824219,15.880000114440918,15.800000190734863,15.770000457763672,ETF,EWH"
"2025-04-11 13:30:00,15.699999809265137,16.010000228881836,15.829999923706055,15.970000267028809,ETF,EWH"
"2025-04-14 13:30:00,16.309999465942383,16.479999542236328,16.3700008392334,16.360000610351562,ETF,EWH"
"2025-04-15 13:30:00,16.309999465942383,16.399999618530273,16.3799991607666,16.350000381469727,ETF,EWH"
"2025-04-16 13:30:00,16.309999465942383,16.510000228881836,16.399999618530273,16.34000015258789,ETF,EWH"
"2025-04-17 13:30:00,16.420000076293945,16.600000381469727,16.540000915527344,16.43000030517578,ETF,EWH"
"2025-04-21 13:30:00,16.31999969482422,16.5,16.469999313354492,16.3799991607666,ETF,EWH"
"2025-04-22 13:30:00,16.709999084472656,16.90999984741211,16.739999771118164,16.860000610351562,ETF,EWH"
"2025-04-23 13:30:00,17.049999237060547,17.25,17.15999984741211,17.079999923706055,ETF,EWH"
"2025-04-24 13:30:00,17.049999237060547,17.18000030517578,17.100000381469727,17.170000076293945,ETF,EWH"
"2025-04-25 13:30:00,17.06999969482422,17.18000030517578,17.1200008392334,17.18000030517578,ETF,EWH"
"2025-04-28 13:30:00,17.040000915527344,17.1299991607666,17.06999969482422,17.1299991607666,ETF,EWH"
"2025-04-29 13:30:00,17.09000015258789,17.15999984741211,17.110000610351562,17.15999984741211,ETF,EWH"
"2025-04-30 13:30:00,17.34000015258789,17.559999465942383,17.420000076293945,17.520000457763672,ETF,EWH"
"2025-05-01 13:30:00,17.469999313354492,17.559999465942383,17.549999237060547,17.469999313354492,ETF,EWH"
"2025-05-02 13:30:00,17.729999542236328,17.8700008392334,17.850000381469727,17.799999237060547,ETF,EWH"
"2025-05-05 13:30:00,17.760000228881836,17.8799991607666,17.760000228881836,17.809999465942383,ETF,EWH"
"2025-05-06 13:30:00,18.1299991607666,18.290000915527344,18.1299991607666,18.209999084472656,ETF,EWH"
"2025-05-07 13:30:00,18.260000228881836,18.329999923706055,18.260000228881836,18.299999237060547,ETF,EWH"
"2025-05-08 13:30:00,18.15999984741211,18.31999969482422,18.270000457763672,18.229999542236328,ETF,EWH"
"2025-05-09 13:30:00,18.350000381469727,18.5,18.469999313354492,18.350000381469727,ETF,EWH"
"2025-05-12 13:30:00,18.670000076293945,18.780000686645508,18.729999542236328,18.709999084472656,ETF,EWH"
"2025-05-13 13:30:00,18.56999969482422,18.719999313354492,18.65999984741211,18.68000030517578,ETF,EWH"
"2025-05-14 13:30:00,18.860000610351562,18.950000762939453,18.920000076293945,18.899999618530273,ETF,EWH"
"2025-05-15 13:30:00,18.729999542236328,18.84000015258789,18.770000457763672,18.799999237060547,ETF,EWH"
"2025-05-16 13:30:00,18.770000457763672,18.8700008392334,18.780000686645508,18.84000015258789,ETF,EWH"
"2025-05-19 13:30:00,18.790000915527344,18.90999984741211,18.809999465942383,18.90999984741211,ETF,EWH"
"2025-05-20 13:30:00,18.969999313354492,19.040000915527344,19.0,19.020000457763672,ETF,EWH"
"2025-05-21 13:30:00,18.81999969482422,19.059999465942383,19.020000457763672,18.81999969482422,ETF,EWH"
"2025-05-22 13:30:00,18.770000457763672,18.850000381469727,18.84000015258789,18.780000686645508,ETF,EWH"
"2025-05-23 13:30:00,18.690000534057617,18.809999465942383,18.729999542236328,18.770000457763672,ETF,EWH"
"2025-05-27 13:30:00,18.8799991607666,18.950000762939453,18.93000030517578,18.940000534057617,ETF,EWH"
"2025-05-28 13:30:00,18.790000915527344,18.850000381469727,18.81999969482422,18.81999969482422,ETF,EWH"
"2025-05-29 13:30:00,18.969999313354492,19.06999969482422,19.059999465942383,19.040000915527344,ETF,EWH"
"2025-05-30 13:30:00,18.920000076293945,19.049999237060547,19.049999237060547,18.940000534057617,ETF,EWH"
"2025-06-02 13:30:00,19.079999923706055,19.200000762939453,19.100000381469727,19.18000030517578,ETF,EWH"
"2025-06-03 13:30:00,19.290000915527344,19.3799991607666,19.350000381469727,19.3799991607666,ETF,EWH"
"2025-06-04 13:30:00,19.309999465942383,19.43000030517578,19.31999969482422,19.43000030517578,ETF,EWH"
"2025-06-05 13:30:00,19.440000534057617,19.600000381469727,19.530000686645508,19.479999542236328,ETF,EWH"
"2025-06-06 13:30:00,19.420000076293945,19.559999465942383,19.469999313354492,19.549999237060547,ETF,EWH"
"2025-06-09 13:30:00,19.639999389648438,19.770000457763672,19.65999984741211,19.739999771118164,ETF,EWH"
"2025-06-10 13:30:00,19.790000915527344,19.93000030517578,19.889999389648438,19.8799991607666,ETF,EWH"
"2025-06-11 13:30:00,19.920000076293945,20.0,19.950000762939453,19.959999084472656,ETF,EWH"
"2025-06-12 13:30:00,19.850000381469727,19.940000534057617,19.850000381469727,19.93000030517578,ETF,EWH"
"2025-06-13 13:30:00,19.729999542236328,19.860000610351562,19.81999969482422,19.75,ETF,EWH"
"2025-06-16 13:30:00,19.489999771118164,19.65999984741211,19.489999771118164,19.610000610351562,ETF,EWH"
"2025-06-17 13:30:00,19.360000610351562,19.530000686645508,19.520000457763672,19.389999389648438,ETF,EWH"
"2025-06-18 13:30:00,19.18000030517578,19.299999237060547,19.260000228881836,19.219999313354492,ETF,EWH"
"2025-06-20 13:30:00,19.0,19.15999984741211,19.15999984741211,19.0,ETF,EWH"
"2025-06-23 13:30:00,19.239999771118164,19.389999389648438,19.270000457763672,19.3700008392334,ETF,EWH"
"2025-06-24 13:30:00,19.719999313354492,19.899999618530273,19.739999771118164,19.899999618530273,ETF,EWH"
"2025-06-25 13:30:00,19.979999542236328,20.059999465942383,20.049999237060547,20.059999465942383,ETF,EWH"
"2025-06-26 13:30:00,19.90999984741211,20.020000457763672,20.010000228881836,19.920000076293945,ETF,EWH"
"2025-06-27 13:30:00,19.860000610351562,19.950000762939453,19.93000030517578,19.90999984741211,ETF,EWH"
"2025-06-30 13:30:00,19.770000457763672,19.8799991607666,19.81999969482422,19.860000610351562,ETF,EWH"
"2025-07-01 13:30:00,19.850000381469727,19.969999313354492,19.90999984741211,19.90999984741211,ETF,EWH"
"2025-07-02 13:30:00,20.020000457763672,20.1200008392334,20.079999923706055,20.110000610351562,ETF,EWH"
"2025-07-03 13:30:00,20.15999984741211,20.239999771118164,20.15999984741211,20.170000076293945,ETF,EWH"
"2025-07-07 13:30:00,19.770000457763672,19.940000534057617,19.8700008392334,19.81999969482422,ETF,EWH"
"2025-07-08 13:30:00,19.809999465942383,19.93000030517578,19.8700008392334,19.90999984741211,ETF,EWH"
"2025-07-09 13:30:00,19.81999969482422,19.93000030517578,19.889999389648438,19.93000030517578,ETF,EWH"
"2025-07-10 13:30:00,19.790000915527344,19.940000534057617,19.899999618530273,19.940000534057617,ETF,EWH"
"2025-07-11 13:30:00,20.09000015258789,20.18000030517578,20.139999389648438,20.09000015258789,ETF,EWH"
"2025-07-14 13:30:00,20.010000228881836,20.1299991607666,20.049999237060547,20.110000610351562,ETF,EWH"
"2025-07-15 13:30:00,20.09000015258789,20.270000457763672,20.239999771118164,20.09000015258789,ETF,EWH"
"2025-07-16 13:30:00,20.049999237060547,20.15999984741211,20.110000610351562,20.149999618530273,ETF,EWH"
"2025-07-17 13:30:00,20.059999465942383,20.270000457763672,20.09000015258789,20.260000228881836,ETF,EWH"
"2025-07-18 13:30:00,20.309999465942383,20.459999084472656,20.360000610351562,20.309999465942383,ETF,EWH"
"2025-07-21 13:30:00,20.40999984741211,20.510000228881836,20.459999084472656,20.469999313354492,ETF,EWH"
"2025-07-22 13:30:00,20.540000915527344,20.790000915527344,20.579999923706055,20.770000457763672,ETF,EWH"
"2025-07-23 13:30:00,20.739999771118164,20.81999969482422,20.780000686645508,20.809999465942383,ETF,EWH"
"2025-07-24 13:30:00,20.850000381469727,20.93000030517578,20.920000076293945,20.8799991607666,ETF,EWH"
"2025-07-25 13:30:00,20.68000030517578,20.790000915527344,20.719999313354492,20.790000915527344,ETF,EWH"
"2025-07-28 13:30:00,21.049999237060547,21.170000076293945,21.139999389648438,21.06999969482422,ETF,EWH"
"2025-07-29 13:30:00,21.15999984741211,21.280000686645508,21.280000686645508,21.190000534057617,ETF,EWH"
"2025-07-30 13:30:00,20.8700008392334,21.040000915527344,20.979999542236328,20.940000534057617,ETF,EWH"
"2025-07-31 13:30:00,20.610000610351562,20.739999771118164,20.690000534057617,20.700000762939453,ETF,EWH"
"2025-08-01 13:30:00,20.299999237060547,20.40999984741211,20.389999389648438,20.329999923706055,ETF,EWH"
"2025-08-04 13:30:00,20.540000915527344,20.65999984741211,20.610000610351562,20.65999984741211,ETF,EWH"
"2025-08-05 13:30:00,20.780000686645508,20.860000610351562,20.829999923706055,20.829999923706055,ETF,EWH"
"2025-08-06 13:30:00,20.729999542236328,20.860000610351562,20.799999237060547,20.81999969482422,ETF,EWH"
"2025-08-07 13:30:00,20.989999771118164,21.110000610351562,21.06999969482422,21.059999465942383,ETF,EWH"
"2025-08-08 13:30:00,20.93000030517578,21.049999237060547,20.959999084472656,21.049999237060547,ETF,EWH"
"2025-08-11 13:30:00,20.950000762939453,21.1200008392334,21.06999969482422,20.989999771118164,ETF,EWH"
"2025-08-12 13:30:00,21.030000686645508,21.239999771118164,21.079999923706055,21.190000534057617,ETF,EWH"
"2025-08-13 13:30:00,21.530000686645508,21.6200008392334,21.530000686645508,21.559999465942383,ETF,EWH"
"2025-08-14 13:30:00,21.299999237060547,21.440000534057617,21.3799991607666,21.3799991607666,ETF,EWH"
"2025-08-15 13:30:00,21.15999984741211,21.350000381469727,21.350000381469727,21.190000534057617,ETF,EWH"
"2025-08-18 13:30:00,21.040000915527344,21.139999389648438,21.110000610351562,21.09000015258789,ETF,EWH"
"2025-08-19 13:30:00,21.020000457763672,21.149999618530273,21.149999618530273,21.09000015258789,ETF,EWH"
"2025-08-20 13:30:00,21.059999465942383,21.170000076293945,21.149999618530273,21.149999618530273,ETF,EWH"
"2025-08-21 13:30:00,21.170000076293945,21.239999771118164,21.190000534057617,21.170000076293945,ETF,EWH"
"2025-08-22 13:30:00,21.190000534057617,21.5,21.209999084472656,21.479999542236328,ETF,EWH"
"2025-08-25 13:30:00,21.479999542236328,21.600000381469727,21.479999542236328,21.510000228881836,ETF,EWH"
"2025-08-26 13:30:00,21.40999984741211,21.5,21.459999084472656,21.459999084472656,ETF,EWH"
"2025-08-27 13:30:00,21.110000610351562,21.209999084472656,21.18000030517578,21.209999084472656,ETF,EWH"
"2025-08-28 13:30:00,21.190000534057617,21.31999969482422,21.260000228881836,21.299999237060547,ETF,EWH"
"2025-08-29 13:30:00,21.149999618530273,21.31999969482422,21.31999969482422,21.15999984741211,ETF,EWH"
"2025-09-02 13:30:00,21.06999969482422,21.31999969482422,21.110000610351562,21.290000915527344,ETF,EWH"
"2025-09-03 13:30:00,21.040000915527344,21.149999618530273,21.1299991607666,21.139999389648438,ETF,EWH"
"2025-09-04 13:30:00,20.889999389648438,21.030000686645508,20.979999542236328,21.0,ETF,EWH"
"2025-09-05 13:30:00,21.06999969482422,21.239999771118164,21.209999084472656,21.18000030517578,ETF,EWH"
"2025-09-08 13:30:00,21.25,21.399999618530273,21.34000015258789,21.399999618530273,ETF,EWH"
"2025-09-09 13:30:00,21.510000228881836,21.579999923706055,21.549999237060547,21.559999465942383,ETF,EWH"
"2025-09-10 13:30:00,21.649999618530273,21.780000686645508,21.780000686645508,21.65999984741211,ETF,EWH"
"2025-09-11 13:30:00,21.850000381469727,22.049999237060547,21.8700008392334,22.040000915527344,ETF,EWH"
"2025-09-12 13:30:00,21.889999389648438,22.0,22.0,21.920000076293945,ETF,EWH"
"2025-09-15 13:30:00,21.920000076293945,22.049999237060547,22.049999237060547,21.979999542236328,ETF,EWH"
"2025-09-16 13:30:00,21.700000762939453,21.81999969482422,21.81999969482422,21.739999771118164,ETF,EWH"
"2025-09-17 13:30:00,21.670000076293945,21.899999618530273,21.8700008392334,21.799999237060547,ETF,EWH"
"2025-09-18 13:30:00,21.479999542236328,21.59000015258789,21.549999237060547,21.59000015258789,ETF,EWH"
"2025-09-19 13:30:00,21.469999313354492,21.579999923706055,21.549999237060547,21.469999313354492,ETF,EWH"
"2025-09-22 13:30:00,21.31999969482422,21.399999618530273,21.399999618530273,21.3799991607666,ETF,EWH"
"2025-09-23 13:30:00,21.15999984741211,21.25,21.209999084472656,21.18000030517578,ETF,EWH"
"2025-09-24 13:30:00,21.06999969482422,21.139999389648438,21.110000610351562,21.079999923706055,ETF,EWH"
"2025-09-25 13:30:00,20.979999542236328,21.110000610351562,21.040000915527344,21.0,ETF,EWH"
"2025-09-26 13:30:00,21.030000686645508,21.149999618530273,21.100000381469727,21.110000610351562,ETF,EWH"
"2025-09-29 13:30:00,21.5,21.579999923706055,21.540000915527344,21.5,ETF,EWH"
"2025-09-30 13:30:00,21.479999542236328,21.56999969482422,21.520000457763672,21.549999237060547,ETF,EWH"
"2025-10-01 13:30:00,21.520000457763672,21.670000076293945,21.520000457763672,21.670000076293945,ETF,EWH"
"2025-10-02 13:30:00,21.579999923706055,21.770000457763672,21.770000457763672,21.600000381469727,ETF,EWH"
"2025-10-03 13:30:00,21.469999313354492,21.579999923706055,21.530000686645508,21.559999465942383,ETF,EWH"
"2025-10-06 13:30:00,21.479999542236328,21.59000015258789,21.510000228881836,21.540000915527344,ETF,EWH"
"2025-10-07 13:30:00,21.399999618530273,21.59000015258789,21.540000915527344,21.40999984741211,ETF,EWH"
"2025-10-08 13:30:00,21.40999984741211,21.540000915527344,21.450000762939453,21.540000915527344,ETF,EWH"
"2025-10-09 13:30:00,21.489999771118164,21.809999465942383,21.809999465942383,21.559999465942383,ETF,EWH"
"2025-10-10 13:30:00,20.600000381469727,21.6299991607666,21.6200008392334,20.65999984741211,ETF,EWH"
"2024-09-09 13:30:00,101.5199966430664,104.83000183105469,102.0,102.68000030517578,EQUITY,JBL"
"2024-09-10 13:30:00,100.77999877929688,102.93000030517578,102.93000030517578,101.63999938964844,EQUITY,JBL"
"2024-09-11 13:30:00,99.66999816894531,103.62000274658203,101.27999877929688,103.44000244140625,EQUITY,JBL"
"2024-09-12 13:30:00,102.56999969482422,104.91000366210938,103.45999908447266,103.80000305175781,EQUITY,JBL"
"2024-09-13 13:30:00,104.45999908447266,106.87999725341797,104.7300033569336,105.9000015258789,EQUITY,JBL"
"2024-09-16 13:30:00,103.81999969482422,105.97000122070312,104.06999969482422,105.72000122070312,EQUITY,JBL"
"2024-09-17 13:30:00,106.05000305175781,107.7300033569336,106.06999969482422,106.83000183105469,EQUITY,JBL"
"2024-09-18 13:30:00,107.11000061035156,110.37000274658203,107.51000213623047,107.8499984741211,EQUITY,JBL"
"2024-09-19 13:30:00,109.55999755859375,111.69000244140625,111.2300033569336,110.86000061035156,EQUITY,JBL"
"2024-09-20 13:30:00,111.19999694824219,114.38999938964844,111.87999725341797,113.95999908447266,EQUITY,JBL"
"2024-09-23 13:30:00,112.62999725341797,114.62000274658203,114.0,113.04000091552734,EQUITY,JBL"
"2024-09-24 13:30:00,112.68000030517578,115.0,114.97000122070312,112.86000061035156,EQUITY,JBL"
"2024-09-25 13:30:00,113.27999877929688,116.1500015258789,113.41000366210938,113.43000030517578,EQUITY,JBL"
"2024-09-26 13:30:00,123.55999755859375,129.97000122070312,124.0,126.6500015258789,EQUITY,JBL"
"2024-09-27 13:30:00,122.22000122070312,128.0,127.81999969482422,122.33999633789062,EQUITY,JBL"
"2024-09-30 13:30:00,118.20999908447266,122.44999694824219,121.44999694824219,119.83000183105469,EQUITY,JBL"
"2024-10-01 13:30:00,117.69000244140625,119.66999816894531,119.62999725341797,119.16000366210938,EQUITY,JBL"
"2024-10-02 13:30:00,118.52999877929688,120.69000244140625,118.61000061035156,118.97000122070312,EQUITY,JBL"
"2024-10-03 13:30:00,118.13999938964844,120.4000015258789,118.16999816894531,119.9000015258789,EQUITY,JBL"
"2024-10-04 13:30:00,120.5,123.04000091552734,122.66999816894531,121.66000366210938,EQUITY,JBL"
"2024-10-07 13:30:00,120.62999725341797,122.6500015258789,120.62999725341797,122.30000305175781,EQUITY,JBL"
"2024-10-08 13:30:00,121.1500015258789,123.63999938964844,122.29000091552734,123.33999633789062,EQUITY,JBL"
"2024-10-09 13:30:00,122.66000366210938,125.19000244140625,123.44999694824219,124.0199966430664,EQUITY,JBL"
"2024-10-10 13:30:00,121.77999877929688,123.58000183105469,122.93000030517578,122.91000366210938,EQUITY,JBL"
"2024-10-11 13:30:00,122.08000183105469,125.05000305175781,122.08000183105469,124.2300033569336,EQUITY,JBL"
"2024-10-14 13:30:00,124.5,126.97000122070312,125.33999633789062,125.7699966430664,EQUITY,JBL"
"2024-10-15 13:30:00,123.55999755859375,126.41000366210938,125.5999984741211,124.26000213623047,EQUITY,JBL"
"2024-10-16 13:30:00,123.5999984741211,125.41999816894531,124.80999755859375,123.87000274658203,EQUITY,JBL"
"2024-10-17 13:30:00,124.33000183105469,125.95999908447266,124.5999984741211,125.91999816894531,EQUITY,JBL"
"2024-10-18 13:30:00,125.36000061035156,127.69000244140625,125.83000183105469,126.30000305175781,EQUITY,JBL"
"2024-10-21 13:30:00,124.11000061035156,126.11000061035156,125.9000015258789,124.37000274658203,EQUITY,JBL"
"2024-10-22 13:30:00,122.01000213623047,125.0,122.38999938964844,124.0199966430664,EQUITY,JBL"
"2024-10-23 13:30:00,121.12000274658203,124.6500015258789,123.9800033569336,122.94000244140625,EQUITY,JBL"
"2024-10-24 13:30:00,124.11000061035156,125.37000274658203,124.30999755859375,125.02999877929688,EQUITY,JBL"
"2024-10-25 13:30:00,124.37999725341797,126.61000061035156,125.63999938964844,124.72000122070312,EQUITY,JBL"
"2024-10-28 13:30:00,124.56999969482422,125.91999816894531,125.25,124.79000091552734,EQUITY,JBL"
"2024-10-29 13:30:00,123.33999633789062,125.56999969482422,124.33000183105469,124.83999633789062,EQUITY,JBL"
"2024-10-30 13:30:00,122.55999755859375,125.54000091552734,123.58999633789062,123.9800033569336,EQUITY,JBL"
"2024-10-31 13:30:00,121.1500015258789,123.97000122070312,123.55000305175781,123.08999633789062,EQUITY,JBL"
"2024-11-01 13:30:00,124.29000091552734,128.27000427246094,124.29000091552734,127.66999816894531,EQUITY,JBL"
"2024-11-04 14:30:00,127.05000305175781,129.9600067138672,129.38999938964844,127.30000305175781,EQUITY,JBL"
"2024-11-05 14:30:00,126.72000122070312,128.9600067138672,127.05999755859375,128.66000366210938,EQUITY,JBL"
"2024-11-06 14:30:00,132.50999450683594,139.2100067138672,133.0,137.77000427246094,EQUITY,JBL"
"2024-11-07 14:30:00,136.4600067138672,138.7899932861328,137.8300018310547,137.3000030517578,EQUITY,JBL"
"2024-11-08 14:30:00,135.52000427246094,137.38999938964844,136.75,135.75,EQUITY,JBL"
"2024-11-11 14:30:00,134.36000061035156,136.6300048828125,136.3800048828125,135.52000427246094,EQUITY,JBL"
"2024-11-12 14:30:00,132.89999389648438,135.7100067138672,134.77999877929688,132.91000366210938,EQUITY,JBL"
"2024-11-13 14:30:00,131.69000244140625,133.52000427246094,133.0,131.72999572753906,EQUITY,JBL"
"2024-11-14 14:30:00,128.58999633789062,131.72000122070312,130.0,129.0399932861328,EQUITY,JBL"
"2024-11-15 14:30:00,126.86000061035156,129.13999938964844,127.62000274658203,128.25999450683594,EQUITY,JBL"
"2024-11-18 14:30:00,127.44999694824219,129.36000061035156,129.10000610351562,128.2899932861328,EQUITY,JBL"
"2024-11-19 14:30:00,126.05999755859375,127.93000030517578,126.51000213623047,127.55000305175781,EQUITY,JBL"
"2024-11-20 14:30:00,126.81999969482422,128.85000610351562,127.55000305175781,128.17999267578125,EQUITY,JBL"
"2024-11-21 14:30:00,128.5399932861328,131.7899932861328,128.97999572753906,130.63999938964844,EQUITY,JBL"
"2024-11-22 14:30:00,129.47999572753906,131.50999450683594,130.0,131.1199951171875,EQUITY,JBL"
"2024-11-25 14:30:00,132.60000610351562,137.1199951171875,132.91000366210938,134.0,EQUITY,JBL"
"2024-11-26 14:30:00,132.4499969482422,134.47999572753906,133.67999267578125,132.72000122070312,EQUITY,JBL"
"2024-11-27 14:30:00,131.3699951171875,133.41000366210938,132.14999389648438,133.3300018310547,EQUITY,JBL"
"2024-11-29 14:30:00,133.4499969482422,135.92999267578125,133.94000244140625,135.8300018310547,EQUITY,JBL"
"2024-12-02 14:30:00,135.07000732421875,137.27999877929688,136.44000244140625,135.19000244140625,EQUITY,JBL"
"2024-12-03 14:30:00,134.36000061035156,135.88999938964844,134.74000549316406,135.5,EQUITY,JBL"
"2024-12-04 14:30:00,135.3300018310547,137.24000549316406,136.3800048828125,136.44000244140625,EQUITY,JBL"
"2024-12-05 14:30:00,135.50999450683594,137.58999633789062,137.49000549316406,135.77999877929688,EQUITY,JBL"
"2024-12-06 14:30:00,134.6699981689453,136.58999633789062,135.88999938964844,135.63999938964844,EQUITY,JBL"
"2024-12-09 14:30:00,134.19000244140625,136.4600067138672,135.9600067138672,134.27000427246094,EQUITY,JBL"
"2024-12-10 14:30:00,131.9199981689453,134.75,134.75,132.75,EQUITY,JBL"
"2024-12-11 14:30:00,132.25,134.25,134.0800018310547,133.69000244140625,EQUITY,JBL"
"2024-12-12 14:30:00,132.82000732421875,134.1699981689453,133.22000122070312,133.63999938964844,EQUITY,JBL"
"2024-12-13 14:30:00,133.39999389648438,135.4199981689453,134.63999938964844,135.1300048828125,EQUITY,JBL"
"2024-12-16 14:30:00,133.16000366210938,136.49000549316406,135.1999969482422,134.99000549316406,EQUITY,JBL"
"2024-12-17 14:30:00,132.9499969482422,135.50999450683594,134.8699951171875,133.9600067138672,EQUITY,JBL"
"2024-12-18 14:30:00,141.0,150.0800018310547,148.1699981689453,143.69000244140625,EQUITY,JBL"
"2024-12-19 14:30:00,137.77999877929688,145.6300048828125,145.27000427246094,140.44000244140625,EQUITY,JBL"
"2024-12-20 14:30:00,139.97999572753906,145.75,139.97999572753906,145.0,EQUITY,JBL"
"2024-12-23 14:30:00,144.05999755859375,146.49000549316406,145.16000366210938,145.6699981689453,EQUITY,JBL"
"2024-12-24 14:30:00,144.16000366210938,148.10000610351562,145.5,147.77000427246094,EQUITY,JBL"
"2024-12-26 14:30:00,146.6999969482422,148.63999938964844,147.11000061035156,147.63999938964844,EQUITY,JBL"
"2024-12-27 14:30:00,145.50999450683594,147.63999938964844,146.75,145.9199981689453,EQUITY,JBL"
"2024-12-30 14:30:00,142.25,144.91000366210938,144.0,143.75999450683594,EQUITY,JBL"
"2024-12-31 14:30:00,143.5,145.1300048828125,143.8000030517578,143.89999389648438,EQUITY,JBL"
"2025-01-02 14:30:00,142.47000122070312,145.74000549316406,144.52999877929688,142.8300018310547,EQUITY,JBL"
"2025-01-03 14:30:00,144.0,150.94000244140625,144.0,149.66000366210938,EQUITY,JBL"
"2025-01-06 14:30:00,150.6699981689453,153.0,151.50999450683594,152.02000427246094,EQUITY,JBL"
"2025-01-07 14:30:00,152.4499969482422,155.72999572753906,153.0,152.72999572753906,EQUITY,JBL"
"2025-01-08 14:30:00,150.47999572753906,154.52999877929688,151.7100067138672,153.9499969482422,EQUITY,JBL"
"2025-01-10 14:30:00,151.2100067138672,156.11000061035156,152.47999572753906,153.8800048828125,EQUITY,JBL"
"2025-01-13 14:30:00,150.52000427246094,153.6999969482422,151.3800048828125,153.50999450683594,EQUITY,JBL"
"2025-01-14 14:30:00,153.50999450683594,156.6999969482422,154.77000427246094,155.97000122070312,EQUITY,JBL"
"2025-01-15 14:30:00,156.22999572753906,159.60000610351562,159.17999267578125,158.1699981689453,EQUITY,JBL"
"2025-01-16 14:30:00,158.8699951171875,162.72000122070312,159.35000610351562,161.72999572753906,EQUITY,JBL"
"2025-01-17 14:30:00,161.69000244140625,164.25,163.0,162.89999389648438,EQUITY,JBL"
"2025-01-21 14:30:00,164.60000610351562,168.8000030517578,165.0,167.5800018310547,EQUITY,JBL"
"2025-01-22 14:30:00,168.36000061035156,170.8000030517578,168.9499969482422,168.97000122070312,EQUITY,JBL"
"2025-01-23 14:30:00,166.5,171.5500030517578,167.49000549316406,171.24000549316406,EQUITY,JBL"
"2025-01-24 14:30:00,171.6699981689453,174.8000030517578,174.47999572753906,173.3300018310547,EQUITY,JBL"
"2025-01-27 14:30:00,155.50999450683594,168.8800048828125,167.0500030517578,159.52999877929688,EQUITY,JBL"
"2025-01-28 14:30:00,158.5800018310547,163.16000366210938,162.7899932861328,161.72000122070312,EQUITY,JBL"
"2025-01-29 14:30:00,160.02999877929688,165.77999877929688,164.92999267578125,160.97999572753906,EQUITY,JBL"
"2025-01-30 14:30:00,160.8300018310547,164.3800048828125,162.39999389648438,162.63999938964844,EQUITY,JBL"
"2025-01-31 14:30:00,161.27000427246094,165.0,164.27999877929688,162.41000366210938,EQUITY,JBL"
"2025-02-03 14:30:00,155.74000549316406,160.72000122070312,157.64999389648438,159.47999572753906,EQUITY,JBL"
"2025-02-04 14:30:00,159.10000610351562,161.97999572753906,160.36000061035156,161.8300018310547,EQUITY,JBL"
"2025-02-05 14:30:00,161.8300018310547,164.9199981689453,162.33999633789062,163.6199951171875,EQUITY,JBL"
"2025-02-06 14:30:00,164.0,166.13999938964844,164.52000427246094,165.75,EQUITY,JBL"
"2025-02-07 14:30:00,164.47999572753906,169.32000732421875,166.83999633789062,165.41000366210938,EQUITY,JBL"
"2025-02-10 14:30:00,165.83999633789062,167.77000427246094,166.3800048828125,166.52000427246094,EQUITY,JBL"
"2025-02-11 14:30:00,165.0,167.57000732421875,165.0,167.32000732421875,EQUITY,JBL"
"2025-02-12 14:30:00,164.24000549316406,169.41000366210938,165.19000244140625,168.8300018310547,EQUITY,JBL"
"2025-02-13 14:30:00,166.77999877929688,169.1999969482422,168.8000030517578,168.6699981689453,EQUITY,JBL"
"2025-02-14 14:30:00,168.3300018310547,170.17999267578125,169.41000366210938,169.64999389648438,EQUITY,JBL"
"2025-02-18 14:30:00,168.1300048828125,171.4499969482422,170.99000549316406,169.9199981689453,EQUITY,JBL"
"2025-02-19 14:30:00,168.6699981689453,170.69000244140625,169.8699951171875,169.08999633789062,EQUITY,JBL"
"2025-02-20 14:30:00,164.6999969482422,169.10000610351562,168.88999938964844,166.1199951171875,EQUITY,JBL"
"2025-02-21 14:30:00,161.75,167.0399932861328,166.72000122070312,162.61000061035156,EQUITY,JBL"
"2025-02-24 14:30:00,158.1199951171875,163.32000732421875,162.8699951171875,159.10000610351562,EQUITY,JBL"
"2025-02-25 14:30:00,156.8699951171875,160.7100067138672,159.0,157.50999450683594,EQUITY,JBL"
"2025-02-26 14:30:00,157.9499969482422,160.92999267578125,159.36000061035156,158.75,EQUITY,JBL"
"2025-02-27 14:30:00,153.77000427246094,159.7899932861328,159.7899932861328,154.1199951171875,EQUITY,JBL"
"2025-02-28 14:30:00,151.44000244140625,154.97999572753906,153.1300048828125,154.9199981689453,EQUITY,JBL"
"2025-03-03 14:30:00,145.3800048828125,156.83999633789062,156.1300048828125,146.4499969482422,EQUITY,JBL"
"2025-03-04 14:30:00,140.2100067138672,144.5500030517578,144.3000030517578,141.55999755859375,EQUITY,JBL"
"2025-03-05 14:30:00,140.55999755859375,144.38999938964844,142.17999267578125,143.13999938964844,EQUITY,JBL"
"2025-03-06 14:30:00,137.7899932861328,142.1699981689453,139.42999267578125,138.25,EQUITY,JBL"
"2025-03-07 14:30:00,134.72999572753906,140.0,137.75,139.9499969482422,EQUITY,JBL"
"2025-03-10 13:30:00,132.02000427246094,136.8699951171875,136.0399932861328,133.35000610351562,EQUITY,JBL"
"2025-03-11 13:30:00,131.24000549316406,135.02000427246094,132.3300018310547,132.44000244140625,EQUITY,JBL"
"2025-03-12 13:30:00,133.47000122070312,136.22999572753906,135.33999633789062,134.10000610351562,EQUITY,JBL"
"2025-03-13 13:30:00,129.97999572753906,134.30999755859375,133.3300018310547,130.50999450683594,EQUITY,JBL"
"2025-03-14 13:30:00,131.83999633789062,136.3699951171875,133.07000732421875,135.92999267578125,EQUITY,JBL"
"2025-03-17 13:30:00,134.67999267578125,139.8000030517578,134.67999267578125,138.35000610351562,EQUITY,JBL"
"2025-03-18 13:30:00,134.75999450683594,137.33999633789062,137.16000366210938,135.6199951171875,EQUITY,JBL"
"2025-03-19 13:30:00,135.5,140.58999633789062,135.74000549316406,139.47999572753906,EQUITY,JBL"
"2025-03-20 13:30:00,141.0,148.1999969482422,146.3000030517578,143.8300018310547,EQUITY,JBL"
"2025-03-21 13:30:00,138.99000549316406,145.22000122070312,142.3300018310547,145.22000122070312,EQUITY,JBL"
"2025-03-24 13:30:00,146.74000549316406,149.97999572753906,148.0,149.97000122070312,EQUITY,JBL"
"2025-03-25 13:30:00,147.0,149.91000366210938,149.8699951171875,148.2899932861328,EQUITY,JBL"
"2025-03-26 13:30:00,142.4199981689453,148.8800048828125,148.8800048828125,143.86000061035156,EQUITY,JBL"
"2025-03-27 13:30:00,138.19000244140625,142.27000427246094,141.8300018310547,139.39999389648438,EQUITY,JBL"
"2025-03-28 13:30:00,135.19000244140625,138.2899932861328,137.72000122070312,135.99000549316406,EQUITY,JBL"
"2025-03-31 13:30:00,132.14999389648438,136.3800048828125,133.69000244140625,136.07000732421875,EQUITY,JBL"
"2025-04-01 13:30:00,133.02000427246094,137.3300018310547,135.57000732421875,136.4199981689453,EQUITY,JBL"
"2025-04-02 13:30:00,133.80999755859375,139.67999267578125,134.08999633789062,138.75,EQUITY,JBL"
"2025-04-03 13:30:00,120.5199966430664,131.85000610351562,130.02000427246094,123.48999786376953,EQUITY,JBL"
"2025-04-04 13:30:00,108.66000366210938,119.04000091552734,117.9800033569336,116.87999725341797,EQUITY,JBL"
"2025-04-07 13:30:00,111.61000061035156,125.76000213623047,112.94000244140625,121.27999877929688,EQUITY,JBL"
"2025-04-08 13:30:00,117.73999786376953,128.83999633789062,125.77999877929688,120.3499984741211,EQUITY,JBL"
"2025-04-09 13:30:00,118.73999786376953,139.39999389648438,120.55999755859375,137.3800048828125,EQUITY,JBL"
"2025-04-10 13:30:00,127.87999725341797,135.75,133.0,132.0399932861328,EQUITY,JBL"
"2025-04-11 13:30:00,128.14999389648438,134.4199981689453,130.8800048828125,131.94000244140625,EQUITY,JBL"
"2025-04-14 13:30:00,132.02999877929688,137.08999633789062,136.05999755859375,133.86000061035156,EQUITY,JBL"
"2025-04-15 13:30:00,132.52999877929688,136.5800018310547,133.86000061035156,135.50999450683594,EQUITY,JBL"
"2025-04-16 13:30:00,130.8699951171875,135.38999938964844,132.25,133.8699951171875,EQUITY,JBL"
"2025-04-17 13:30:00,132.66000366210938,136.00999450683594,134.00999450683594,135.0399932861328,EQUITY,JBL"
"2025-04-21 13:30:00,127.72000122070312,134.72999572753906,133.42999267578125,129.75,EQUITY,JBL"
"2025-04-22 13:30:00,130.75,133.94000244140625,131.66000366210938,133.24000549316406,EQUITY,JBL"
"2025-04-23 13:30:00,138.39999389648438,143.3800048828125,139.82000732421875,138.49000549316406,EQUITY,JBL"
"2025-04-24 13:30:00,139.16000366210938,146.27999877929688,139.61000061035156,146.1300048828125,EQUITY,JBL"
"2025-04-25 13:30:00,145.00999450683594,148.0,145.0399932861328,146.9199981689453,EQUITY,JBL"
"2025-04-28 13:30:00,144.3699951171875,148.6300048828125,146.41000366210938,146.3699951171875,EQUITY,JBL"
"2025-04-29 13:30:00,143.6999969482422,147.2899932861328,145.17999267578125,146.57000732421875,EQUITY,JBL"
"2025-04-30 13:30:00,142.02999877929688,146.86000061035156,143.05999755859375,146.55999755859375,EQUITY,JBL"
"2025-05-01 13:30:00,147.49000549316406,151.17999267578125,148.94000244140625,147.5800018310547,EQUITY,JBL"
"2025-05-02 13:30:00,150.0,152.10000610351562,150.75,150.36000061035156,EQUITY,JBL"
"2025-05-05 13:30:00,149.07000732421875,151.92999267578125,149.11000061035156,150.22000122070312,EQUITY,JBL"
"2025-05-06 13:30:00,146.8800048828125,150.7899932861328,147.36000061035156,150.2899932861328,EQUITY,JBL"
"2025-05-07 13:30:00,148.83999633789062,153.22999572753906,150.5399932861328,152.72000122070312,EQUITY,JBL"
"2025-05-08 13:30:00,152.77999877929688,156.0,154.99000549316406,154.39999389648438,EQUITY,JBL"
"2025-05-09 13:30:00,153.05999755859375,155.52000427246094,155.2100067138672,153.97999572753906,EQUITY,JBL"
"2025-05-12 13:30:00,159.4600067138672,162.57000732421875,159.80999755859375,161.74000549316406,EQUITY,JBL"
"2025-05-13 13:30:00,162.2899932861328,169.25,162.3800048828125,167.00999450683594,EQUITY,JBL"
"2025-05-14 13:30:00,166.27000427246094,170.32000732421875,168.2899932861328,166.86000061035156,EQUITY,JBL"
"2025-05-15 13:30:00,163.41000366210938,167.14999389648438,165.42999267578125,166.52999877929688,EQUITY,JBL"
"2025-05-16 13:30:00,165.49000549316406,168.11000061035156,166.2100067138672,167.7899932861328,EQUITY,JBL"
"2025-05-19 13:30:00,164.2100067138672,168.0399932861328,164.4600067138672,167.44000244140625,EQUITY,JBL"
"2025-05-20 13:30:00,166.58999633789062,170.89999389648438,169.3699951171875,167.50999450683594,EQUITY,JBL"
"2025-05-21 13:30:00,164.0800018310547,168.00999450683594,165.60000610351562,165.1999969482422,EQUITY,JBL"
"2025-05-22 13:30:00,164.5500030517578,166.91000366210938,164.58999633789062,165.10000610351562,EQUITY,JBL"
"2025-05-23 13:30:00,161.52000427246094,166.0800018310547,161.88999938964844,165.3800048828125,EQUITY,JBL"
"2025-05-27 13:30:00,166.6999969482422,170.1199951171875,167.6999969482422,169.1699981689453,EQUITY,JBL"
"2025-05-28 13:30:00,167.4499969482422,169.75999450683594,169.1699981689453,167.74000549316406,EQUITY,JBL"
"2025-05-29 13:30:00,166.16000366210938,169.97000122070312,169.4499969482422,168.5500030517578,EQUITY,JBL"
"2025-05-30 13:30:00,165.38999938964844,168.47000122070312,167.60000610351562,168.00999450683594,EQUITY,JBL"
"2025-06-02 13:30:00,164.69000244140625,168.1999969482422,167.3000030517578,168.02000427246094,EQUITY,JBL"
"2025-06-03 13:30:00,167.8699951171875,173.16000366210938,168.0,172.99000549316406,EQUITY,JBL"
"2025-06-04 13:30:00,171.7100067138672,174.42999267578125,173.58999633789062,171.97000122070312,EQUITY,JBL"
"2025-06-05 13:30:00,171.66000366210938,174.6699981689453,173.07000732421875,172.63999938964844,EQUITY,JBL"
"2025-06-06 13:30:00,174.0,177.0,174.82000732421875,176.6199951171875,EQUITY,JBL"
"2025-06-09 13:30:00,177.02000427246094,179.3699951171875,178.0,177.3800048828125,EQUITY,JBL"
"2025-06-10 13:30:00,175.07000732421875,180.11000061035156,180.0,178.0399932861328,EQUITY,JBL"
"2025-06-11 13:30:00,176.19000244140625,178.9600067138672,177.47999572753906,178.42999267578125,EQUITY,JBL"
"2025-06-12 13:30:00,176.92999267578125,180.16000366210938,176.92999267578125,179.0800018310547,EQUITY,JBL"
"2025-06-13 13:30:00,175.0800018310547,178.77999877929688,176.8000030517578,175.83999633789062,EQUITY,JBL"
"2025-06-16 13:30:00,177.17999267578125,182.13999938964844,178.25,180.82000732421875,EQUITY,JBL"
"2025-06-17 13:30:00,185.0,203.89999389648438,185.19000244140625,196.88999938964844,EQUITY,JBL"
"2025-06-18 13:30:00,198.2100067138672,207.10000610351562,199.75999450683594,204.66000366210938,EQUITY,JBL"
"2025-06-20 13:30:00,203.33999633789062,208.69000244140625,205.10000610351562,206.1999969482422,EQUITY,JBL"
"2025-06-23 13:30:00,202.3000030517578,208.47999572753906,204.0800018310547,208.35000610351562,EQUITY,JBL"
"2025-06-24 13:30:00,208.6699981689453,212.07000732421875,210.0,211.9499969482422,EQUITY,JBL"
"2025-06-25 13:30:00,212.3800048828125,215.97000122070312,212.85000610351562,214.66000366210938,EQUITY,JBL"
"2025-06-26 13:30:00,214.75,218.1999969482422,215.94000244140625,215.30999755859375,EQUITY,JBL"
"2025-06-27 13:30:00,214.50999450683594,218.33999633789062,215.61000061035156,217.3699951171875,EQUITY,JBL"
"2025-06-30 13:30:00,214.7899932861328,219.0,218.0,218.10000610351562,EQUITY,JBL"
"2025-07-01 13:30:00,214.19000244140625,219.0,218.00999450683594,216.13999938964844,EQUITY,JBL"
"2025-07-02 13:30:00,216.00999450683594,222.1999969482422,216.97000122070312,221.88999938964844,EQUITY,JBL"
"2025-07-03 13:30:00,222.5500030517578,227.5399932861328,222.74000549316406,226.00999450683594,EQUITY,JBL"
"2025-07-07 13:30:00,223.3800048828125,227.47000122070312,225.0,225.41000366210938,EQUITY,JBL"
"2025-07-08 13:30:00,219.72000122070312,227.5,227.5,221.86000061035156,EQUITY,JBL"
"2025-07-09 13:30:00,220.0500030517578,223.7100067138672,223.3699951171875,221.25999450683594,EQUITY,JBL"
"2025-07-10 13:30:00,219.1999969482422,223.33999633789062,221.22999572753906,220.9600067138672,EQUITY,JBL"
"2025-07-11 13:30:00,218.47999572753906,222.6699981689453,220.67999267578125,222.02000427246094,EQUITY,JBL"
"2025-07-14 13:30:00,219.0,222.0500030517578,220.9600067138672,220.52000427246094,EQUITY,JBL"
"2025-07-15 13:30:00,217.39999389648438,222.8000030517578,222.11000061035156,218.77999877929688,EQUITY,JBL"
"2025-07-16 13:30:00,214.5,218.77000427246094,218.52999877929688,218.2899932861328,EQUITY,JBL"
"2025-07-17 13:30:00,217.6300048828125,222.97999572753906,218.27000427246094,222.22999572753906,EQUITY,JBL"
"2025-07-18 13:30:00,222.8800048828125,226.4600067138672,224.50999450683594,223.97999572753906,EQUITY,JBL"
"2025-07-21 13:30:00,221.5399932861328,225.97999572753906,224.0,223.1999969482422,EQUITY,JBL"
"2025-07-22 13:30:00,216.67999267578125,223.33999633789062,222.8000030517578,220.83999633789062,EQUITY,JBL"
"2025-07-23 13:30:00,221.75,229.16000366210938,221.99000549316406,229.14999389648438,EQUITY,JBL"
"2025-07-24 13:30:00,212.3000030517578,226.91000366210938,226.2100067138672,218.41000366210938,EQUITY,JBL"
"2025-07-25 13:30:00,219.27999877929688,223.33999633789062,219.27999877929688,222.5500030517578,EQUITY,JBL"
"2025-07-28 13:30:00,220.05999755859375,224.8000030517578,221.9600067138672,224.7899932861328,EQUITY,JBL"
"2025-07-29 13:30:00,227.6300048828125,232.83999633789062,228.0,230.3800048828125,EQUITY,JBL"
"2025-07-30 13:30:00,225.13999938964844,231.9199981689453,230.0,226.4199981689453,EQUITY,JBL"
"2025-07-31 13:30:00,221.02999877929688,228.0500030517578,227.8699951171875,223.1699981689453,EQUITY,JBL"
"2025-08-01 13:30:00,214.0,221.82000732421875,218.64999389648438,218.55999755859375,EQUITY,JBL"
"2025-08-04 13:30:00,218.33999633789062,222.36000061035156,221.1999969482422,222.2899932861328,EQUITY,JBL"
"2025-08-05 13:30:00,217.97000122070312,225.77000427246094,224.10000610351562,219.61000061035156,EQUITY,JBL"
"2025-08-06 13:30:00,217.00999450683594,221.3300018310547,219.6300048828125,220.67999267578125,EQUITY,JBL"
"2025-08-07 13:30:00,218.38999938964844,222.83999633789062,222.52999877929688,220.49000549316406,EQUITY,JBL"
"2025-08-08 13:30:00,221.5800018310547,227.05999755859375,222.6699981689453,224.33999633789062,EQUITY,JBL"
"2025-08-11 13:30:00,222.0399932861328,227.44000244140625,224.4600067138672,222.6699981689453,EQUITY,JBL"
"2025-08-12 13:30:00,223.97999572753906,230.5,224.5399932861328,230.30999755859375,EQUITY,JBL"
"2025-08-13 13:30:00,216.02000427246094,232.4199981689453,230.92999267578125,219.0800018310547,EQUITY,JBL"
"2025-08-14 13:30:00,214.2899932861328,219.3800048828125,217.2899932861328,217.39999389648438,EQUITY,JBL"
"2025-08-15 13:30:00,211.72999572753906,216.5500030517578,216.47999572753906,215.3300018310547,EQUITY,JBL"
"2025-08-18 13:30:00,213.7100067138672,216.4499969482422,214.3699951171875,215.66000366210938,EQUITY,JBL"
"2025-08-19 13:30:00,204.7899932861328,212.11000061035156,211.60000610351562,206.10000610351562,EQUITY,JBL"
"2025-08-20 13:30:00,199.61000061035156,205.30999755859375,205.1199951171875,204.0500030517578,EQUITY,JBL"
"2025-08-21 13:30:00,203.89999389648438,206.60000610351562,204.69000244140625,205.05999755859375,EQUITY,JBL"
"2025-08-22 13:30:00,204.75999450683594,210.32000732421875,205.6699981689453,209.83999633789062,EQUITY,JBL"
"2025-08-25 13:30:00,208.69000244140625,212.39999389648438,210.22999572753906,208.83999633789062,EQUITY,JBL"
"2025-08-26 13:30:00,205.80999755859375,210.0500030517578,209.5,208.3699951171875,EQUITY,JBL"
"2025-08-27 13:30:00,205.89999389648438,208.55999755859375,208.05999755859375,207.89999389648438,EQUITY,JBL"
"2025-08-28 13:30:00,208.3699951171875,211.22000122070312,208.75,209.8699951171875,EQUITY,JBL"
"2025-08-29 13:30:00,202.9600067138672,210.69000244140625,209.22999572753906,204.8300018310547,EQUITY,JBL"
"2025-09-02 13:30:00,196.92999267578125,202.14999389648438,199.75999450683594,202.0800018310547,EQUITY,JBL"
"2025-09-03 13:30:00,201.02000427246094,203.64999389648438,203.64999389648438,203.1999969482422,EQUITY,JBL"
"2025-09-04 13:30:00,201.86000061035156,208.8300018310547,204.10000610351562,207.97000122070312,EQUITY,JBL"
"2025-09-05 13:30:00,206.0,212.5800018310547,208.22999572753906,210.10000610351562,EQUITY,JBL"
"2025-09-08 13:30:00,207.80999755859375,212.17999267578125,211.05999755859375,209.1699981689453,EQUITY,JBL"
"2025-09-09 13:30:00,206.57000732421875,209.77999877929688,208.86000061035156,209.22000122070312,EQUITY,JBL"
"2025-09-10 13:30:00,209.35000610351562,216.0500030517578,209.3800048828125,215.72000122070312,EQUITY,JBL"
"2025-09-11 13:30:00,213.77999877929688,217.14999389648438,216.36000061035156,214.27999877929688,EQUITY,JBL"
"2025-09-12 13:30:00,212.80999755859375,215.3000030517578,213.38999938964844,214.05999755859375,EQUITY,JBL"
"2025-09-15 13:30:00,213.38999938964844,219.80999755859375,214.3800048828125,216.05999755859375,EQUITY,JBL"
"2025-09-16 13:30:00,210.8699951171875,216.4600067138672,215.74000549316406,213.3300018310547,EQUITY,JBL"
"2025-09-17 13:30:00,208.41000366210938,214.0,212.94000244140625,213.63999938964844,EQUITY,JBL"
"2025-09-18 13:30:00,216.6199951171875,226.49000549316406,216.82000732421875,223.2899932861328,EQUITY,JBL"
"2025-09-19 13:30:00,219.86000061035156,224.74000549316406,223.1199951171875,224.33999633789062,EQUITY,JBL"
"2025-09-22 13:30:00,224.4199981689453,233.82000732421875,224.4199981689453,233.22999572753906,EQUITY,JBL"
"2025-09-23 13:30:00,232.44000244140625,237.13999938964844,234.11000061035156,234.4499969482422,EQUITY,JBL"
"2025-09-24 13:30:00,224.3800048828125,235.0,235.0,225.27999877929688,EQUITY,JBL"
"2025-09-25 13:30:00,203.5500030517578,213.22000122070312,206.7100067138672,210.1999969482422,EQUITY,JBL"
"2025-09-26 13:30:00,211.4499969482422,217.1199951171875,213.55999755859375,215.83999633789062,EQUITY,JBL"
"2025-09-29 13:30:00,212.52999877929688,220.52999877929688,218.5,214.50999450683594,EQUITY,JBL"
"2025-09-30 13:30:00,213.4199981689453,218.9499969482422,215.0399932861328,217.1699981689453,EQUITY,JBL"
"2025-10-01 13:30:00,210.89999389648438,216.64999389648438,214.5399932861328,214.83999633789062,EQUITY,JBL"
"2025-10-02 13:30:00,213.75,219.0,217.1300048828125,215.69000244140625,EQUITY,JBL"
"2025-10-03 13:30:00,201.64999389648438,217.14999389648438,216.0,202.0800018310547,EQUITY,JBL"
"2025-10-06 13:30:00,202.19000244140625,208.5399932861328,207.69000244140625,202.1999969482422,EQUITY,JBL"
"2025-10-07 13:30:00,199.5,205.8800048828125,204.8699951171875,202.6199951171875,EQUITY,JBL"
"2025-10-08 13:30:00,203.0,207.10000610351562,204.0399932861328,206.52999877929688,EQUITY,JBL"
"2025-10-09 13:30:00,203.0,207.41000366210938,206.7100067138672,204.7100067138672,EQUITY,JBL"
"2025-10-10 13:30:00,193.83999633789062,205.8300018310547,205.8300018310547,193.99000549316406,EQUITY,JBL"
"2024-09-09 13:30:00,27.6200008392334,27.889999389648438,27.719999313354492,27.639999389648438,EQUITY,NWS"
"2024-09-10 13:30:00,27.209999084472656,27.889999389648438,27.75,27.469999313354492,EQUITY,NWS"
"2024-09-11 13:30:00,26.809999465942383,27.450000762939453,27.309999465942383,27.049999237060547,EQUITY,NWS"
"2024-09-12 13:30:00,26.8799991607666,27.280000686645508,27.209999084472656,27.170000076293945,EQUITY,NWS"
"2024-09-13 13:30:00,27.260000228881836,27.469999313354492,27.399999618530273,27.3799991607666,EQUITY,NWS"
"2024-09-16 13:30:00,27.110000610351562,27.43000030517578,27.350000381469727,27.350000381469727,EQUITY,NWS"
"2024-09-17 13:30:00,27.389999389648438,27.8799991607666,27.389999389648438,27.649999618530273,EQUITY,NWS"
"2024-09-18 13:30:00,27.639999389648438,28.219999313354492,27.739999771118164,27.780000686645508,EQUITY,NWS"
"2024-09-19 13:30:00,27.8700008392334,28.350000381469727,28.350000381469727,27.8799991607666,EQUITY,NWS"
"2024-09-20 13:30:00,27.360000610351562,27.899999618530273,27.899999618530273,27.68000030517578,EQUITY,NWS"
"2024-09-23 13:30:00,27.59000015258789,27.90999984741211,27.68000030517578,27.829999923706055,EQUITY,NWS"
"2024-09-24 13:30:00,27.81999969482422,28.110000610351562,27.84000015258789,28.100000381469727,EQUITY,NWS"
"2024-09-25 13:30:00,27.549999237060547,28.190000534057617,28.190000534057617,27.6299991607666,EQUITY,NWS"
"2024-09-26 13:30:00,27.670000076293945,27.899999618530273,27.799999237060547,27.75,EQUITY,NWS"
"2024-09-27 13:30:00,27.84000015258789,28.170000076293945,27.940000534057617,27.8700008392334,EQUITY,NWS"
"2024-09-30 13:30:00,27.610000610351562,28.030000686645508,27.8799991607666,27.950000762939453,EQUITY,NWS"
"2024-10-01 13:30:00,27.5,28.110000610351562,28.020000457763672,27.770000457763672,EQUITY,NWS"
"2024-10-02 13:30:00,27.520000457763672,27.81999969482422,27.639999389648438,27.549999237060547,EQUITY,NWS"
"2024-10-03 13:30:00,27.239999771118164,27.5,27.350000381469727,27.360000610351562,EQUITY,NWS"
"2024-10-04 13:30:00,27.360000610351562,27.809999465942383,27.68000030517578,27.510000228881836,EQUITY,NWS"
"2024-10-07 13:30:00,27.299999237060547,27.549999237060547,27.299999237060547,27.389999389648438,EQUITY,NWS"
"2024-10-08 13:30:00,26.959999084472656,27.479999542236328,27.440000534057617,27.200000762939453,EQUITY,NWS"
"2024-10-09 13:30:00,27.190000534057617,27.790000915527344,27.229999542236328,27.68000030517578,EQUITY,NWS"
"2024-10-10 13:30:00,26.979999542236328,27.690000534057617,27.459999084472656,27.030000686645508,EQUITY,NWS"
"2024-10-11 13:30:00,27.1200008392334,27.540000915527344,27.1200008392334,27.399999618530273,EQUITY,NWS"
"2024-10-14 13:30:00,27.190000534057617,27.530000686645508,27.43000030517578,27.479999542236328,EQUITY,NWS"
"2024-10-15 13:30:00,27.530000686645508,28.190000534057617,27.649999618530273,27.920000076293945,EQUITY,NWS"
"2024-10-16 13:30:00,27.780000686645508,28.020000457763672,27.950000762939453,27.8700008392334,EQUITY,NWS"
"2024-10-17 13:30:00,27.770000457763672,28.059999465942383,28.059999465942383,27.940000534057617,EQUITY,NWS"
"2024-10-18 13:30:00,27.81999969482422,28.049999237060547,28.049999237060547,27.899999618530273,EQUITY,NWS"
"2024-10-21 13:30:00,27.850000381469727,28.200000762939453,27.860000610351562,27.93000030517578,EQUITY,NWS"
"2024-10-22 13:30:00,27.65999984741211,28.049999237060547,28.049999237060547,27.850000381469727,EQUITY,NWS"
"2024-10-23 13:30:00,27.489999771118164,27.90999984741211,27.81999969482422,27.649999618530273,EQUITY,NWS"
"2024-10-24 13:30:00,27.549999237060547,27.799999237060547,27.649999618530273,27.700000762939453,EQUITY,NWS"
"2024-10-25 13:30:00,27.700000762939453,27.969999313354492,27.850000381469727,27.75,EQUITY,NWS"
"2024-10-28 13:30:00,27.829999923706055,28.34000015258789,28.020000457763672,28.239999771118164,EQUITY,NWS"
"2024-10-29 13:30:00,28.200000762939453,29.200000762939453,28.270000457763672,29.149999618530273,EQUITY,NWS"
"2024-10-30 13:30:00,29.1200008392334,29.610000610351562,29.18000030517578,29.149999618530273,EQUITY,NWS"
"2024-10-31 13:30:00,28.90999984741211,29.229999542236328,29.040000915527344,29.040000915527344,EQUITY,NWS"
"2024-11-01 13:30:00,28.860000610351562,29.18000030517578,29.09000015258789,29.079999923706055,EQUITY,NWS"
"2024-11-04 14:30:00,29.139999389648438,29.549999237060547,29.239999771118164,29.290000915527344,EQUITY,NWS"
"2024-11-05 14:30:00,29.260000228881836,29.860000610351562,29.31999969482422,29.790000915527344,EQUITY,NWS"
"2024-11-06 14:30:00,30.649999618530273,31.049999237060547,30.950000762939453,30.979999542236328,EQUITY,NWS"
"2024-11-07 14:30:00,30.969999313354492,31.389999389648438,31.079999923706055,31.31999969482422,EQUITY,NWS"
"2024-11-08 14:30:00,31.0,32.75,31.239999771118164,32.220001220703125,EQUITY,NWS"
"2024-11-11 14:30:00,31.739999771118164,32.63999938964844,32.290000915527344,31.81999969482422,EQUITY,NWS"
"2024-11-12 14:30:00,31.950000762939453,32.380001068115234,32.029998779296875,32.220001220703125,EQUITY,NWS"
"2024-11-13 14:30:00,31.649999618530273,32.38999938964844,32.38999938964844,31.690000534057617,EQUITY,NWS"
"2024-11-14 14:30:00,31.420000076293945,31.889999389648438,31.5,31.829999923706055,EQUITY,NWS"
"2024-11-15 14:30:00,31.649999618530273,32.45000076293945,31.920000076293945,31.690000534057617,EQUITY,NWS"
"2024-11-18 14:30:00,31.40999984741211,31.93000030517578,31.610000610351562,31.450000762939453,EQUITY,NWS"
"2024-11-19 14:30:00,30.75,31.81999969482422,31.059999465942383,31.780000686645508,EQUITY,NWS"
"2024-11-20 14:30:00,31.3700008392334,32.02000045776367,31.739999771118164,31.690000534057617,EQUITY,NWS"
"2024-11-21 14:30:00,31.329999923706055,32.29999923706055,31.700000762939453,32.11000061035156,EQUITY,NWS"
"2024-11-22 14:30:00,31.979999542236328,32.45000076293945,32.099998474121094,32.060001373291016,EQUITY,NWS"
"2024-11-25 14:30:00,32.0099983215332,32.40999984741211,32.27000045776367,32.119998931884766,EQUITY,NWS"
"2024-11-26 14:30:00,31.860000610351562,32.209999084472656,32.209999084472656,32.0099983215332,EQUITY,NWS"
"2024-11-27 14:30:00,31.68000030517578,32.18000030517578,32.02000045776367,31.719999313354492,EQUITY,NWS"
"2024-11-29 14:30:00,31.790000915527344,32.2400016784668,31.8700008392334,32.09000015258789,EQUITY,NWS"
"2024-12-02 14:30:00,31.850000381469727,32.279998779296875,31.979999542236328,32.2400016784668,EQUITY,NWS"
"2024-12-03 14:30:00,32.16999816894531,32.869998931884766,32.2400016784668,32.790000915527344,EQUITY,NWS"
"2024-12-04 14:30:00,32.380001068115234,32.810001373291016,32.689998626708984,32.47999954223633,EQUITY,NWS"
"2024-12-05 14:30:00,32.369998931884766,32.7400016784668,32.45000076293945,32.40999984741211,EQUITY,NWS"
"2024-12-06 14:30:00,31.93000030517578,32.43000030517578,32.43000030517578,32.29999923706055,EQUITY,NWS"
"2024-12-09 14:30:00,32.29999923706055,32.59000015258789,32.34000015258789,32.369998931884766,EQUITY,NWS"
"2024-12-10 14:30:00,31.5,32.47999954223633,31.8799991607666,32.189998626708984,EQUITY,NWS"
"2024-12-11 14:30:00,31.989999771118164,32.529998779296875,32.380001068115234,32.13999938964844,EQUITY,NWS"
"2024-12-12 14:30:00,31.84000015258789,32.33000183105469,32.099998474121094,31.850000381469727,EQUITY,NWS"
"2024-12-13 14:30:00,31.389999389648438,31.829999923706055,31.59000015258789,31.43000030517578,EQUITY,NWS"
"2024-12-16 14:30:00,31.329999923706055,31.760000228881836,31.489999771118164,31.350000381469727,EQUITY,NWS"
"2024-12-17 14:30:00,31.040000915527344,31.510000228881836,31.34000015258789,31.110000610351562,EQUITY,NWS"
"2024-12-18 14:30:00,30.579999923706055,31.56999969482422,31.219999313354492,30.610000610351562,EQUITY,NWS"
"2024-12-19 14:30:00,30.43000030517578,31.1200008392334,30.709999084472656,30.459999084472656,EQUITY,NWS"
"2024-12-20 14:30:00,30.309999465942383,30.81999969482422,30.510000228881836,30.700000762939453,EQUITY,NWS"
"2024-12-23 14:30:00,30.690000534057617,31.030000686645508,30.690000534057617,31.020000457763672,EQUITY,NWS"
"2024-12-24 14:30:00,31.030000686645508,31.309999465942383,31.149999618530273,31.299999237060547,EQUITY,NWS"
"2024-12-26 14:30:00,30.950000762939453,31.15999984741211,31.15999984741211,31.100000381469727,EQUITY,NWS"
"2024-12-27 14:30:00,30.59000015258789,31.06999969482422,30.940000534057617,30.780000686645508,EQUITY,NWS"
"2024-12-30 14:30:00,30.030000686645508,30.670000076293945,30.65999984741211,30.329999923706055,EQUITY,NWS"
"2024-12-31 14:30:00,30.31999969482422,30.68000030517578,30.40999984741211,30.43000030517578,EQUITY,NWS"
"2025-01-02 14:30:00,30.290000915527344,30.729999542236328,30.65999984741211,30.3700008392334,EQUITY,NWS"
"2025-01-03 14:30:00,30.010000228881836,30.530000686645508,30.530000686645508,30.5,EQUITY,NWS"
"2025-01-06 14:30:00,30.18000030517578,30.790000915527344,30.280000686645508,30.270000457763672,EQUITY,NWS"
"2025-01-07 14:30:00,29.829999923706055,30.690000534057617,30.31999969482422,30.459999084472656,EQUITY,NWS"
"2025-01-08 14:30:00,30.0,31.0,30.479999542236328,30.420000076293945,EQUITY,NWS"
"2025-01-10 14:30:00,29.889999389648438,30.479999542236328,30.170000076293945,29.889999389648438,EQUITY,NWS"
"2025-01-13 14:30:00,29.700000762939453,30.290000915527344,29.780000686645508,30.25,EQUITY,NWS"
"2025-01-14 14:30:00,30.200000762939453,30.6299991607666,30.40999984741211,30.40999984741211,EQUITY,NWS"
"2025-01-15 14:30:00,30.34000015258789,30.860000610351562,30.829999923706055,30.489999771118164,EQUITY,NWS"
"2025-01-16 14:30:00,30.34000015258789,30.799999237060547,30.600000381469727,30.399999618530273,EQUITY,NWS"
"2025-01-17 14:30:00,30.360000610351562,30.739999771118164,30.739999771118164,30.399999618530273,EQUITY,NWS"
"2025-01-21 14:30:00,30.450000762939453,30.989999771118164,30.5,30.940000534057617,EQUITY,NWS"
"2025-01-22 14:30:00,30.8700008392334,31.270000457763672,31.049999237060547,31.1200008392334,EQUITY,NWS"
"2025-01-23 14:30:00,31.0,31.3799991607666,31.149999618530273,31.329999923706055,EQUITY,NWS"
"2025-01-24 14:30:00,31.260000228881836,31.790000915527344,31.260000228881836,31.579999923706055,EQUITY,NWS"
"2025-01-27 14:30:00,30.950000762939453,31.90999984741211,31.389999389648438,31.780000686645508,EQUITY,NWS"
"2025-01-28 14:30:00,31.549999237060547,31.969999313354492,31.770000457763672,31.649999618530273,EQUITY,NWS"
"2025-01-29 14:30:00,31.510000228881836,31.979999542236328,31.579999923706055,31.690000534057617,EQUITY,NWS"
"2025-01-30 14:30:00,31.450000762939453,32.369998931884766,32.099998474121094,31.600000381469727,EQUITY,NWS"
"2025-01-31 14:30:00,31.559999465942383,31.799999237060547,31.68000030517578,31.649999618530273,EQUITY,NWS"
"2025-02-03 14:30:00,31.1200008392334,31.950000762939453,31.299999237060547,31.950000762939453,EQUITY,NWS"
"2025-02-04 14:30:00,32.11000061035156,33.0,32.13999938964844,32.86000061035156,EQUITY,NWS"
"2025-02-05 14:30:00,32.66999816894531,33.29999923706055,32.900001525878906,33.2400016784668,EQUITY,NWS"
"2025-02-06 14:30:00,32.25,34.970001220703125,34.970001220703125,32.959999084472656,EQUITY,NWS"
"2025-02-07 14:30:00,33.349998474121094,34.040000915527344,33.849998474121094,33.91999816894531,EQUITY,NWS"
"2025-02-10 14:30:00,33.91999816894531,34.560001373291016,34.18000030517578,34.08000183105469,EQUITY,NWS"
"2025-02-11 14:30:00,33.77000045776367,34.36000061035156,33.79999923706055,34.16999816894531,EQUITY,NWS"
"2025-02-12 14:30:00,33.56999969482422,34.08000183105469,33.83000183105469,34.029998779296875,EQUITY,NWS"
"2025-02-13 14:30:00,33.900001525878906,34.33000183105469,34.0,34.29999923706055,EQUITY,NWS"
"2025-02-14 14:30:00,34.27000045776367,34.93000030517578,34.529998779296875,34.86000061035156,EQUITY,NWS"
"2025-02-18 14:30:00,34.599998474121094,35.0099983215332,34.97999954223633,35.0,EQUITY,NWS"
"2025-02-19 14:30:00,34.59000015258789,35.25,34.90999984741211,34.959999084472656,EQUITY,NWS"
"2025-02-20 14:30:00,32.189998626708984,34.90999984741211,34.68000030517578,32.939998626708984,EQUITY,NWS"
"2025-02-21 14:30:00,32.189998626708984,33.08000183105469,33.08000183105469,32.29999923706055,EQUITY,NWS"
"2025-02-24 14:30:00,32.2400016784668,32.65999984741211,32.58000183105469,32.31999969482422,EQUITY,NWS"
"2025-02-25 14:30:00,32.029998779296875,32.65999984741211,32.54999923706055,32.06999969482422,EQUITY,NWS"
"2025-02-26 14:30:00,31.670000076293945,32.25,31.979999542236328,31.780000686645508,EQUITY,NWS"
"2025-02-27 14:30:00,31.75,32.2400016784668,31.8700008392334,31.889999389648438,EQUITY,NWS"
"2025-02-28 14:30:00,31.65999984741211,32.29999923706055,31.8700008392334,32.279998779296875,EQUITY,NWS"
"2025-03-03 14:30:00,31.850000381469727,32.63999938964844,32.29999923706055,32.040000915527344,EQUITY,NWS"
"2025-03-04 14:30:00,31.34000015258789,32.099998474121094,32.06999969482422,31.690000534057617,EQUITY,NWS"
"2025-03-05 14:30:00,31.450000762939453,31.979999542236328,31.559999465942383,31.860000610351562,EQUITY,NWS"
"2025-03-06 14:30:00,31.559999465942383,32.040000915527344,31.709999084472656,31.8799991607666,EQUITY,NWS"
"2025-03-07 14:30:00,31.260000228881836,32.099998474121094,31.639999389648438,31.81999969482422,EQUITY,NWS"
"2025-03-10 13:30:00,31.020000457763672,31.770000457763672,31.479999542236328,31.100000381469727,EQUITY,NWS"
"2025-03-11 13:30:00,30.600000381469727,31.200000762939453,31.010000228881836,30.760000228881836,EQUITY,NWS"
"2025-03-12 13:30:00,30.6200008392334,31.399999618530273,30.920000076293945,30.709999084472656,EQUITY,NWS"
"2025-03-13 13:30:00,30.059999465942383,30.75,30.6299991607666,30.100000381469727,EQUITY,NWS"
"2025-03-14 13:30:00,30.25,31.049999237060547,30.25,30.979999542236328,EQUITY,NWS"
"2025-03-17 13:30:00,30.709999084472656,31.18000030517578,30.709999084472656,31.030000686645508,EQUITY,NWS"
"2025-03-18 13:30:00,30.459999084472656,31.06999969482422,31.06999969482422,30.719999313354492,EQUITY,NWS"
"2025-03-19 13:30:00,30.719999313354492,31.5,30.719999313354492,31.25,EQUITY,NWS"
"2025-03-20 13:30:00,30.780000686645508,31.299999237060547,31.100000381469727,31.049999237060547,EQUITY,NWS"
"2025-03-21 13:30:00,30.530000686645508,31.1299991607666,30.790000915527344,30.770000457763672,EQUITY,NWS"
"2025-03-24 13:30:00,30.389999389648438,31.1299991607666,31.1299991607666,30.75,EQUITY,NWS"
"2025-03-25 13:30:00,30.56999969482422,30.969999313354492,30.670000076293945,30.8799991607666,EQUITY,NWS"
"2025-03-26 13:30:00,30.75,31.18000030517578,30.799999237060547,30.770000457763672,EQUITY,NWS"
"2025-03-27 13:30:00,30.219999313354492,30.780000686645508,30.780000686645508,30.260000228881836,EQUITY,NWS"
"2025-03-28 13:30:00,29.520000457763672,30.350000381469727,30.350000381469727,29.65999984741211,EQUITY,NWS"
"2025-03-31 13:30:00,29.639999389648438,30.540000915527344,29.799999237060547,30.3700008392334,EQUITY,NWS"
"2025-04-01 13:30:00,29.8799991607666,30.829999923706055,30.1299991607666,30.280000686645508,EQUITY,NWS"
"2025-04-02 13:30:00,30.1200008392334,30.639999389648438,30.559999465942383,30.549999237060547,EQUITY,NWS"
"2025-04-03 13:30:00,29.399999618530273,30.270000457763672,29.709999084472656,29.43000030517578,EQUITY,NWS"
"2025-04-04 13:30:00,27.600000381469727,28.6299991607666,28.260000228881836,27.700000762939453,EQUITY,NWS"
"2025-04-07 13:30:00,26.25,28.469999313354492,26.5,27.40999984741211,EQUITY,NWS"
"2025-04-08 13:30:00,27.190000534057617,28.56999969482422,28.309999465942383,27.540000915527344,EQUITY,NWS"
"2025-04-09 13:30:00,27.09000015258789,30.350000381469727,27.09000015258789,30.200000762939453,EQUITY,NWS"
"2025-04-10 13:30:00,28.559999465942383,30.280000686645508,29.760000228881836,29.579999923706055,EQUITY,NWS"
"2025-04-11 13:30:00,29.399999618530273,30.350000381469727,29.81999969482422,30.239999771118164,EQUITY,NWS"
"2025-04-14 13:30:00,30.06999969482422,30.600000381469727,30.350000381469727,30.43000030517578,EQUITY,NWS"
"2025-04-15 13:30:00,30.40999984741211,30.790000915527344,30.6200008392334,30.520000457763672,EQUITY,NWS"
"2025-04-16 13:30:00,29.450000762939453,30.43000030517578,30.170000076293945,29.75,EQUITY,NWS"
"2025-04-17 13:30:00,29.81999969482422,30.290000915527344,30.290000915527344,30.0,EQUITY,NWS"
"2025-04-21 13:30:00,29.110000610351562,29.84000015258789,29.739999771118164,29.450000762939453,EQUITY,NWS"
"2025-04-22 13:30:00,29.670000076293945,30.329999923706055,29.889999389648438,30.290000915527344,EQUITY,NWS"
"2025-04-23 13:30:00,30.520000457763672,31.610000610351562,30.81999969482422,30.68000030517578,EQUITY,NWS"
"2025-04-24 13:30:00,30.350000381469727,31.06999969482422,30.780000686645508,31.0,EQUITY,NWS"
"2025-04-25 13:30:00,30.809999465942383,31.239999771118164,30.93000030517578,31.229999542236328,EQUITY,NWS"
"2025-04-28 13:30:00,30.969999313354492,31.360000610351562,31.260000228881836,31.219999313354492,EQUITY,NWS"
"2025-04-29 13:30:00,31.059999465942383,31.420000076293945,31.239999771118164,31.31999969482422,EQUITY,NWS"
"2025-04-30 13:30:00,30.760000228881836,31.510000228881836,31.040000915527344,31.420000076293945,EQUITY,NWS"
"2025-05-01 13:30:00,31.110000610351562,31.5,31.239999771118164,31.270000457763672,EQUITY,NWS"
"2025-05-02 13:30:00,30.540000915527344,31.989999771118164,31.700000762939453,31.899999618530273,EQUITY,NWS"
"2025-05-05 13:30:00,31.549999237060547,32.2599983215332,31.729999542236328,32.08000183105469,EQUITY,NWS"
"2025-05-06 13:30:00,31.920000076293945,32.18000030517578,32.08000183105469,32.040000915527344,EQUITY,NWS"
"2025-05-07 13:30:00,32.2599983215332,32.7400016784668,32.310001373291016,32.65999984741211,EQUITY,NWS"
"2025-05-08 13:30:00,32.4900016784668,33.04999923706055,32.93000030517578,32.5,EQUITY,NWS"
"2025-05-09 13:30:00,32.369998931884766,33.369998931884766,33.220001220703125,32.56999969482422,EQUITY,NWS"
"2025-05-12 13:30:00,32.63999938964844,33.31999969482422,33.220001220703125,32.95000076293945,EQUITY,NWS"
"2025-05-13 13:30:00,32.79999923706055,33.310001373291016,33.040000915527344,32.849998474121094,EQUITY,NWS"
"2025-05-14 13:30:00,32.619998931884766,32.97999954223633,32.619998931884766,32.900001525878906,EQUITY,NWS"
"2025-05-15 13:30:00,32.72999954223633,33.18000030517578,32.95000076293945,32.779998779296875,EQUITY,NWS"
"2025-05-16 13:30:00,32.470001220703125,32.959999084472656,32.88999938964844,32.93000030517578,EQUITY,NWS"
"2025-05-19 13:30:00,32.5,32.900001525878906,32.86000061035156,32.72999954223633,EQUITY,NWS"
"2025-05-20 13:30:00,32.540000915527344,32.849998474121094,32.540000915527344,32.779998779296875,EQUITY,NWS"
"2025-05-21 13:30:00,32.279998779296875,32.75,32.59000015258789,32.349998474121094,EQUITY,NWS"
"2025-05-22 13:30:00,31.950000762939453,32.279998779296875,32.2599983215332,31.979999542236328,EQUITY,NWS"
"2025-05-23 13:30:00,31.709999084472656,32.560001373291016,31.780000686645508,32.470001220703125,EQUITY,NWS"
"2025-05-27 13:30:00,32.2599983215332,32.689998626708984,32.27000045776367,32.560001373291016,EQUITY,NWS"
"2025-05-28 13:30:00,32.529998779296875,33.060001373291016,32.529998779296875,32.900001525878906,EQUITY,NWS"
"2025-05-29 13:30:00,32.5099983215332,33.029998779296875,32.95000076293945,32.900001525878906,EQUITY,NWS"
"2025-05-30 13:30:00,32.5,32.93000030517578,32.900001525878906,32.720001220703125,EQUITY,NWS"
"2025-06-02 13:30:00,32.09000015258789,32.560001373291016,32.349998474121094,32.47999954223633,EQUITY,NWS"
"2025-06-03 13:30:00,32.2400016784668,32.58000183105469,32.540000915527344,32.34000015258789,EQUITY,NWS"
"2025-06-04 13:30:00,32.060001373291016,32.310001373291016,32.279998779296875,32.15999984741211,EQUITY,NWS"
"2025-06-05 13:30:00,32.04999923706055,32.36000061035156,32.29999923706055,32.189998626708984,EQUITY,NWS"
"2025-06-06 13:30:00,31.75,32.36000061035156,32.279998779296875,31.850000381469727,EQUITY,NWS"
"2025-06-09 13:30:00,31.559999465942383,31.979999542236328,31.850000381469727,31.81999969482422,EQUITY,NWS"
"2025-06-10 13:30:00,31.690000534057617,32.150001525878906,31.899999618530273,32.02000045776367,EQUITY,NWS"
"2025-06-11 13:30:00,31.709999084472656,32.099998474121094,32.02000045776367,31.829999923706055,EQUITY,NWS"
"2025-06-12 13:30:00,31.610000610351562,31.979999542236328,31.81999969482422,31.670000076293945,EQUITY,NWS"
"2025-06-13 13:30:00,31.200000762939453,31.56999969482422,31.56999969482422,31.350000381469727,EQUITY,NWS"
"2025-06-16 13:30:00,31.610000610351562,32.290000915527344,31.68000030517578,32.279998779296875,EQUITY,NWS"
"2025-06-17 13:30:00,31.729999542236328,32.25,32.18000030517578,31.84000015258789,EQUITY,NWS"
"2025-06-18 13:30:00,31.84000015258789,32.4900016784668,31.889999389648438,32.310001373291016,EQUITY,NWS"
"2025-06-20 13:30:00,32.27000045776367,33.0099983215332,32.77000045776367,32.599998474121094,EQUITY,NWS"
"2025-06-23 13:30:00,32.47999954223633,33.18000030517578,32.59000015258789,33.18000030517578,EQUITY,NWS"
"2025-06-24 13:30:00,33.2400016784668,33.66999816894531,33.470001220703125,33.599998474121094,EQUITY,NWS"
"2025-06-25 13:30:00,33.5099983215332,33.84000015258789,33.630001068115234,33.720001220703125,EQUITY,NWS"
"2025-06-26 13:30:00,33.58000183105469,34.029998779296875,33.709999084472656,33.959999084472656,EQUITY,NWS"
"2025-06-27 13:30:00,33.630001068115234,34.060001373291016,34.04999923706055,33.869998931884766,EQUITY,NWS"
"2025-06-30 13:30:00,33.91999816894531,34.41999816894531,33.91999816894531,34.310001373291016,EQUITY,NWS"
"2025-07-01 13:30:00,34.22999954223633,34.560001373291016,34.310001373291016,34.40999984741211,EQUITY,NWS"
"2025-07-02 13:30:00,34.150001525878906,34.38999938964844,34.36000061035156,34.36000061035156,EQUITY,NWS"
"2025-07-03 13:30:00,34.18000030517578,34.540000915527344,34.459999084472656,34.38999938964844,EQUITY,NWS"
"2025-07-07 13:30:00,33.90999984741211,34.41999816894531,34.20000076293945,33.91999816894531,EQUITY,NWS"
"2025-07-08 13:30:00,33.869998931884766,34.18000030517578,33.91999816894531,34.02000045776367,EQUITY,NWS"
"2025-07-09 13:30:00,33.959999084472656,34.189998626708984,34.040000915527344,34.06999969482422,EQUITY,NWS"
"2025-07-10 13:30:00,34.04999923706055,34.5099983215332,34.09000015258789,34.45000076293945,EQUITY,NWS"
"2025-07-11 13:30:00,34.15999984741211,34.41999816894531,34.310001373291016,34.290000915527344,EQUITY,NWS"
"2025-07-14 13:30:00,33.83000183105469,34.619998931884766,33.83000183105469,34.54999923706055,EQUITY,NWS"
"2025-07-15 13:30:00,34.189998626708984,35.40999984741211,34.72999954223633,34.20000076293945,EQUITY,NWS"
"2025-07-16 13:30:00,33.91999816894531,34.52000045776367,34.33000183105469,34.439998626708984,EQUITY,NWS"
"2025-07-17 13:30:00,34.400001525878906,34.84000015258789,34.540000915527344,34.81999969482422,EQUITY,NWS"
"2025-07-18 13:30:00,34.380001068115234,35.09000015258789,35.029998779296875,34.459999084472656,EQUITY,NWS"
"2025-07-21 13:30:00,33.5099983215332,34.84000015258789,34.40999984741211,33.54999923706055,EQUITY,NWS"
"2025-07-22 13:30:00,33.560001373291016,33.970001220703125,33.560001373291016,33.66999816894531,EQUITY,NWS"
"2025-07-23 13:30:00,33.5,34.06999969482422,33.66999816894531,33.75,EQUITY,NWS"
"2025-07-24 13:30:00,33.349998474121094,33.849998474121094,33.75,33.54999923706055,EQUITY,NWS"
"2025-07-25 13:30:00,33.400001525878906,33.7400016784668,33.630001068115234,33.689998626708984,EQUITY,NWS"
"2025-07-28 13:30:00,33.560001373291016,33.779998779296875,33.650001525878906,33.720001220703125,EQUITY,NWS"
"2025-07-29 13:30:00,33.5099983215332,33.880001068115234,33.84000015258789,33.56999969482422,EQUITY,NWS"
"2025-07-30 13:30:00,33.40999984741211,33.84000015258789,33.65999984741211,33.52000045776367,EQUITY,NWS"
"2025-07-31 13:30:00,33.2400016784668,33.779998779296875,33.2400016784668,33.41999816894531,EQUITY,NWS"
"2025-08-01 13:30:00,32.38999938964844,33.529998779296875,33.290000915527344,33.25,EQUITY,NWS"
"2025-08-04 13:30:00,33.25,33.650001525878906,33.25,33.599998474121094,EQUITY,NWS"
"2025-08-05 13:30:00,33.380001068115234,33.72999954223633,33.619998931884766,33.54999923706055,EQUITY,NWS"
"2025-08-06 13:30:00,33.029998779296875,35.58000183105469,35.58000183105469,33.90999984741211,EQUITY,NWS"
"2025-08-07 13:30:00,33.52000045776367,34.88999938964844,34.43000030517578,33.540000915527344,EQUITY,NWS"
"2025-08-08 13:30:00,32.93000030517578,33.650001525878906,33.470001220703125,32.95000076293945,EQUITY,NWS"
"2025-08-11 13:30:00,32.689998626708984,33.45000076293945,33.130001068115234,32.880001068115234,EQUITY,NWS"
"2025-08-12 13:30:00,32.90999984741211,33.34000015258789,32.90999984741211,33.279998779296875,EQUITY,NWS"
"2025-08-13 13:30:00,33.29999923706055,34.06999969482422,33.349998474121094,34.040000915527344,EQUITY,NWS"
"2025-08-14 13:30:00,33.810001373291016,34.560001373291016,33.91999816894531,34.400001525878906,EQUITY,NWS"
"2025-08-15 13:30:00,33.9900016784668,34.59000015258789,34.59000015258789,34.029998779296875,EQUITY,NWS"
"2025-08-18 13:30:00,33.84000015258789,34.279998779296875,34.18000030517578,34.22999954223633,EQUITY,NWS"
"2025-08-19 13:30:00,34.29999923706055,34.59000015258789,34.29999923706055,34.56999969482422,EQUITY,NWS"
"2025-08-20 13:30:00,34.119998931884766,34.75,34.470001220703125,34.220001220703125,EQUITY,NWS"
"2025-08-21 13:30:00,34.099998474121094,34.52000045776367,34.209999084472656,34.470001220703125,EQUITY,NWS"
"2025-08-22 13:30:00,34.54999923706055,35.2599983215332,34.70000076293945,35.16999816894531,EQUITY,NWS"
"2025-08-25 13:30:00,34.650001525878906,35.2400016784668,35.150001525878906,34.709999084472656,EQUITY,NWS"
"2025-08-26 13:30:00,34.220001220703125,34.68000030517578,34.68000030517578,34.290000915527344,EQUITY,NWS"
"2025-08-27 13:30:00,34.060001373291016,34.4900016784668,34.220001220703125,34.11000061035156,EQUITY,NWS"
"2025-08-28 13:30:00,33.88999938964844,34.470001220703125,34.279998779296875,34.04999923706055,EQUITY,NWS"
"2025-08-29 13:30:00,33.70000076293945,34.09000015258789,34.0099983215332,33.869998931884766,EQUITY,NWS"
"2025-09-02 13:30:00,33.02000045776367,33.63999938964844,33.529998779296875,33.209999084472656,EQUITY,NWS"
"2025-09-03 13:30:00,31.969999313354492,33.2400016784668,32.97999954223633,32.88999938964844,EQUITY,NWS"
"2025-09-04 13:30:00,32.849998474121094,33.279998779296875,33.029998779296875,33.16999816894531,EQUITY,NWS"
"2025-09-05 13:30:00,32.66999816894531,33.709999084472656,33.06999969482422,33.400001525878906,EQUITY,NWS"
"2025-09-08 13:30:00,33.119998931884766,34.06999969482422,33.40999984741211,33.970001220703125,EQUITY,NWS"
"2025-09-09 13:30:00,32.34000015258789,33.0099983215332,32.75,32.45000076293945,EQUITY,NWS"
"2025-09-10 13:30:00,31.559999465942383,32.400001525878906,32.349998474121094,31.559999465942383,EQUITY,NWS"
"2025-09-11 13:30:00,31.65999984741211,32.369998931884766,31.700000762939453,32.27000045776367,EQUITY,NWS"
"2025-09-12 13:30:00,32.060001373291016,32.470001220703125,32.209999084472656,32.27000045776367,EQUITY,NWS"
"2025-09-15 13:30:00,32.310001373291016,32.880001068115234,32.45000076293945,32.849998474121094,EQUITY,NWS"
"2025-09-16 13:30:00,32.5,32.97999954223633,32.790000915527344,32.79999923706055,EQUITY,NWS"
"2025-09-17 13:30:00,32.599998474121094,33.380001068115234,32.790000915527344,33.150001525878906,EQUITY,NWS"
"2025-09-18 13:30:00,33.22999954223633,33.81999969482422,33.459999084472656,33.560001373291016,EQUITY,NWS"
"2025-09-19 13:30:00,33.529998779296875,34.15999984741211,33.709999084472656,33.91999816894531,EQUITY,NWS"
"2025-09-22 13:30:00,33.75,34.25,33.939998626708984,34.150001525878906,EQUITY,NWS"
"2025-09-23 13:30:00,33.70000076293945,34.369998931884766,34.20000076293945,33.7599983215332,EQUITY,NWS"
"2025-09-24 13:30:00,33.5099983215332,34.0,33.81999969482422,33.59000015258789,EQUITY,NWS"
"2025-09-25 13:30:00,33.290000915527344,33.779998779296875,33.439998626708984,33.40999984741211,EQUITY,NWS"
"2025-09-26 13:30:00,33.36000061035156,33.849998474121094,33.560001373291016,33.630001068115234,EQUITY,NWS"
"2025-09-29 13:30:00,33.619998931884766,34.540000915527344,33.75,34.459999084472656,EQUITY,NWS"
"2025-09-30 13:30:00,34.470001220703125,35.209999084472656,34.4900016784668,34.54999923706055,EQUITY,NWS"
"2025-10-01 13:30:00,32.400001525878906,34.33000183105469,34.33000183105469,32.459999084472656,EQUITY,NWS"
"2025-10-02 13:30:00,32.25,32.70000076293945,32.5,32.279998779296875,EQUITY,NWS"
"2025-10-03 13:30:00,32.040000915527344,32.66999816894531,32.52000045776367,32.09000015258789,EQUITY,NWS"
"2025-10-06 13:30:00,31.31999969482422,32.310001373291016,32.189998626708984,31.809999465942383,EQUITY,NWS"
"2025-10-07 13:30:00,30.860000610351562,31.729999542236328,31.6200008392334,30.889999389648438,EQUITY,NWS"
"2025-10-08 13:30:00,30.389999389648438,30.860000610351562,30.780000686645508,30.5,EQUITY,NWS"
"2025-10-09 13:30:00,29.6299991607666,30.65999984741211,30.420000076293945,29.709999084472656,EQUITY,NWS"
"2025-10-10 13:30:00,29.260000228881836,30.690000534057617,29.81999969482422,29.280000686645508,EQUITY,NWS"
"2024-09-09 13:30:00,172.3699951171875,176.58999633789062,173.02999877929688,173.69000244140625,EQUITY,RL"
"2024-09-10 13:30:00,169.92999267578125,173.33999633789062,173.33999633789062,172.6999969482422,EQUITY,RL"
"2024-09-11 13:30:00,170.25999450683594,175.02999877929688,172.6199951171875,174.89999389648438,EQUITY,RL"
"2024-09-12 13:30:00,173.58999633789062,175.7100067138672,174.9199981689453,175.36000061035156,EQUITY,RL"
"2024-09-13 13:30:00,177.02999877929688,181.1300048828125,177.39999389648438,178.63999938964844,EQUITY,RL"
"2024-09-16 13:30:00,179.02000427246094,182.4199981689453,179.02000427246094,181.44000244140625,EQUITY,RL"
"2024-09-17 13:30:00,181.85000610351562,184.8800048828125,182.2899932861328,184.2100067138672,EQUITY,RL"
"2024-09-18 13:30:00,182.5,186.25999450683594,183.8000030517578,183.61000061035156,EQUITY,RL"
"2024-09-19 13:30:00,184.0500030517578,187.92999267578125,186.58999633789062,184.75999450683594,EQUITY,RL"
"2024-09-20 13:30:00,182.99000549316406,185.94000244140625,185.25,185.30999755859375,EQUITY,RL"
"2024-09-23 13:30:00,184.60000610351562,187.9600067138672,185.6699981689453,185.89999389648438,EQUITY,RL"
"2024-09-24 13:30:00,186.66000366210938,191.0,188.6300048828125,190.61000061035156,EQUITY,RL"
"2024-09-25 13:30:00,188.5,191.5399932861328,190.97000122070312,189.30999755859375,EQUITY,RL"
"2024-09-26 13:30:00,193.41000366210938,197.8300018310547,194.00999450683594,197.61000061035156,EQUITY,RL"
"2024-09-27 13:30:00,195.91000366210938,200.1699981689453,200.07000732421875,196.52999877929688,EQUITY,RL"
"2024-09-30 13:30:00,192.02999877929688,196.5,196.5,193.8699951171875,EQUITY,RL"
"2024-10-01 13:30:00,190.17999267578125,193.77000427246094,193.19000244140625,192.22999572753906,EQUITY,RL"
"2024-10-02 13:30:00,190.33999633789062,193.19000244140625,190.8000030517578,193.1199951171875,EQUITY,RL"
"2024-10-03 13:30:00,189.0,194.13999938964844,191.0,192.41000366210938,EQUITY,RL"
"2024-10-04 13:30:00,193.27000427246094,198.36000061035156,195.3300018310547,196.1699981689453,EQUITY,RL"
"2024-10-07 13:30:00,192.6699981689453,196.92999267578125,195.52000427246094,195.5500030517578,EQUITY,RL"
"2024-10-08 13:30:00,193.91000366210938,196.3800048828125,194.72999572753906,194.57000732421875,EQUITY,RL"
"2024-10-09 13:30:00,195.16000366210938,197.0,195.32000732421875,195.72999572753906,EQUITY,RL"
"2024-10-10 13:30:00,194.97999572753906,199.3000030517578,195.8000030517578,199.1199951171875,EQUITY,RL"
"2024-10-11 13:30:00,197.86000061035156,202.88999938964844,199.0800018310547,201.88999938964844,EQUITY,RL"
"2024-10-14 13:30:00,200.6199951171875,206.74000549316406,201.36000061035156,206.10000610351562,EQUITY,RL"
"2024-10-15 13:30:00,200.0,206.41000366210938,205.57000732421875,201.25,EQUITY,RL"
"2024-10-16 13:30:00,201.75,204.25999450683594,202.72000122070312,202.1300048828125,EQUITY,RL"
"2024-10-17 13:30:00,202.17999267578125,205.07000732421875,203.52999877929688,202.94000244140625,EQUITY,RL"
"2024-10-18 13:30:00,202.8800048828125,207.05999755859375,204.35000610351562,206.24000549316406,EQUITY,RL"
"2024-10-21 13:30:00,202.30999755859375,206.24000549316406,206.24000549316406,203.5399932861328,EQUITY,RL"
"2024-10-22 13:30:00,199.0,201.91000366210938,201.74000549316406,199.19000244140625,EQUITY,RL"
"2024-10-23 13:30:00,196.10000610351562,199.3300018310547,198.16000366210938,196.50999450683594,EQUITY,RL"
"2024-10-24 13:30:00,197.16000366210938,199.11000061035156,199.11000061035156,197.94000244140625,EQUITY,RL"
"2024-10-25 13:30:00,196.86000061035156,201.30999755859375,199.72000122070312,197.58999633789062,EQUITY,RL"
"2024-10-28 13:30:00,199.97999572753906,203.91000366210938,199.97999572753906,203.02999877929688,EQUITY,RL"
"2024-10-29 13:30:00,199.8699951171875,204.72000122070312,200.89999389648438,203.55999755859375,EQUITY,RL"
"2024-10-30 13:30:00,201.4600067138672,204.50999450683594,201.89999389648438,201.69000244140625,EQUITY,RL"
"2024-10-31 13:30:00,197.8699951171875,203.50999450683594,202.17999267578125,197.92999267578125,EQUITY,RL"
"2024-11-01 13:30:00,194.72000122070312,198.36000061035156,198.0399932861328,197.66000366210938,EQUITY,RL"
"2024-11-04 14:30:00,198.00999450683594,203.4199981689453,198.50999450683594,199.88999938964844,EQUITY,RL"
"2024-11-05 14:30:00,198.61000061035156,203.6199951171875,199.17999267578125,203.36000061035156,EQUITY,RL"
"2024-11-06 14:30:00,203.52000427246094,208.47999572753906,206.6199951171875,208.0399932861328,EQUITY,RL"
"2024-11-07 14:30:00,216.8699951171875,237.16000366210938,229.94000244140625,221.6999969482422,EQUITY,RL"
"2024-11-08 14:30:00,218.08999633789062,224.75999450683594,221.38999938964844,222.5800018310547,EQUITY,RL"
"2024-11-11 14:30:00,213.52000427246094,225.41000366210938,224.89999389648438,213.8699951171875,EQUITY,RL"
"2024-11-12 14:30:00,209.02000427246094,213.22000122070312,211.83999633789062,209.58999633789062,EQUITY,RL"
"2024-11-13 14:30:00,209.63999938964844,212.74000549316406,210.82000732421875,210.77000427246094,EQUITY,RL"
"2024-11-14 14:30:00,210.6199951171875,213.39999389648438,211.97000122070312,211.47000122070312,EQUITY,RL"
"2024-11-15 14:30:00,207.6699981689453,211.89999389648438,211.2899932861328,208.3800048828125,EQUITY,RL"
"2024-11-18 14:30:00,207.24000549316406,209.67999267578125,209.67999267578125,207.8300018310547,EQUITY,RL"
"2024-11-19 14:30:00,201.89999389648438,207.0,205.27999877929688,205.52999877929688,EQUITY,RL"
"2024-11-20 14:30:00,200.88999938964844,205.9600067138672,205.24000549316406,202.14999389648438,EQUITY,RL"
"2024-11-21 14:30:00,201.6300048828125,207.4199981689453,202.25,207.1199951171875,EQUITY,RL"
"2024-11-22 14:30:00,208.5399932861328,213.4199981689453,208.55999755859375,212.14999389648438,EQUITY,RL"
"2024-11-25 14:30:00,214.42999267578125,222.14999389648438,214.6699981689453,220.0,EQUITY,RL"
"2024-11-26 14:30:00,216.82000732421875,223.77999877929688,218.25,223.24000549316406,EQUITY,RL"
"2024-11-27 14:30:00,221.25999450683594,226.63999938964844,223.86000061035156,222.6699981689453,EQUITY,RL"
"2024-11-29 14:30:00,223.1300048828125,231.92999267578125,223.85000610351562,231.39999389648438,EQUITY,RL"
"2024-12-02 14:30:00,230.0399932861328,235.00999450683594,231.39999389648438,233.41000366210938,EQUITY,RL"
"2024-12-03 14:30:00,231.0399932861328,235.6199951171875,235.0399932861328,231.82000732421875,EQUITY,RL"
"2024-12-04 14:30:00,230.9600067138672,234.5800018310547,231.3000030517578,232.8699951171875,EQUITY,RL"
"2024-12-05 14:30:00,231.61000061035156,236.5800018310547,231.61000061035156,233.19000244140625,EQUITY,RL"
"2024-12-06 14:30:00,229.66000366210938,236.99000549316406,235.1999969482422,230.74000549316406,EQUITY,RL"
"2024-12-09 14:30:00,227.77999877929688,235.0,232.1199951171875,228.1300048828125,EQUITY,RL"
"2024-12-10 14:30:00,226.02999877929688,228.9199981689453,228.32000732421875,227.4499969482422,EQUITY,RL"
"2024-12-11 14:30:00,224.82000732421875,230.0,227.52000427246094,227.41000366210938,EQUITY,RL"
"2024-12-12 14:30:00,225.7899932861328,228.6199951171875,226.50999450683594,226.05999755859375,EQUITY,RL"
"2024-12-13 14:30:00,224.97000122070312,228.38999938964844,227.0500030517578,227.4499969482422,EQUITY,RL"
"2024-12-16 14:30:00,226.7100067138672,233.57000732421875,227.35000610351562,231.66000366210938,EQUITY,RL"
"2024-12-17 14:30:00,226.08999633789062,230.77999877929688,230.77999877929688,227.92999267578125,EQUITY,RL"
"2024-12-18 14:30:00,221.07000732421875,229.77999877929688,227.22000122070312,221.19000244140625,EQUITY,RL"
"2024-12-19 14:30:00,221.14999389648438,224.72000122070312,223.64999389648438,222.4600067138672,EQUITY,RL"
"2024-12-20 14:30:00,221.50999450683594,233.27000427246094,221.50999450683594,230.27999877929688,EQUITY,RL"
"2024-12-23 14:30:00,227.27999877929688,231.7100067138672,229.02000427246094,230.41000366210938,EQUITY,RL"
"2024-12-24 14:30:00,229.02999877929688,231.57000732421875,229.9600067138672,231.57000732421875,EQUITY,RL"
"2024-12-26 14:30:00,229.8699951171875,233.6999969482422,229.8699951171875,232.6199951171875,EQUITY,RL"
"2024-12-27 14:30:00,228.5399932861328,232.24000549316406,229.67999267578125,229.5500030517578,EQUITY,RL"
"2024-12-30 14:30:00,224.77999877929688,232.27999877929688,226.02000427246094,232.22000122070312,EQUITY,RL"
"2024-12-31 14:30:00,230.66000366210938,235.4499969482422,234.1999969482422,230.97999572753906,EQUITY,RL"
"2025-01-02 14:30:00,229.8000030517578,235.0,232.27000427246094,231.55999755859375,EQUITY,RL"
"2025-01-03 14:30:00,229.8300018310547,235.99000549316406,232.25,234.49000549316406,EQUITY,RL"
"2025-01-06 14:30:00,237.32000732421875,243.66000366210938,237.32000732421875,242.9600067138672,EQUITY,RL"
"2025-01-07 14:30:00,241.02000427246094,245.9199981689453,243.75999450683594,242.52000427246094,EQUITY,RL"
"2025-01-08 14:30:00,238.94000244140625,244.52000427246094,241.05999755859375,243.0500030517578,EQUITY,RL"
"2025-01-10 14:30:00,236.3800048828125,241.6999969482422,241.6999969482422,237.33999633789062,EQUITY,RL"
"2025-01-13 14:30:00,228.00999450683594,236.5399932861328,234.27999877929688,236.5,EQUITY,RL"
"2025-01-14 14:30:00,235.4499969482422,241.1699981689453,238.63999938964844,237.52999877929688,EQUITY,RL"
"2025-01-15 14:30:00,232.39999389648438,243.1300048828125,241.5500030517578,236.72000122070312,EQUITY,RL"
"2025-01-16 14:30:00,236.30999755859375,242.5800018310547,242.5800018310547,237.72000122070312,EQUITY,RL"
"2025-01-17 14:30:00,237.02999877929688,242.67999267578125,239.72000122070312,240.4600067138672,EQUITY,RL"
"2025-01-21 14:30:00,243.08999633789062,248.5,244.0,247.72999572753906,EQUITY,RL"
"2025-01-22 14:30:00,246.72999572753906,250.9499969482422,247.61000061035156,250.4199981689453,EQUITY,RL"
"2025-01-23 14:30:00,248.2100067138672,256.7099914550781,248.97000122070312,256.5199890136719,EQUITY,RL"
"2025-01-24 14:30:00,254.72999572753906,257.4100036621094,256.010009765625,256.0,EQUITY,RL"
"2025-01-27 14:30:00,245.05999755859375,252.88999938964844,251.5,247.7100067138672,EQUITY,RL"
"2025-01-28 14:30:00,248.5,257.8999938964844,248.5,257.45001220703125,EQUITY,RL"
"2025-01-29 14:30:00,255.97000122070312,260.7699890136719,258.2200012207031,256.80999755859375,EQUITY,RL"
"2025-01-30 14:30:00,253.97999572753906,259.5,255.80999755859375,258.5,EQUITY,RL"
"2025-01-31 14:30:00,249.4199981689453,257.95001220703125,257.510009765625,249.6999969482422,EQUITY,RL"
"2025-02-03 14:30:00,235.67999267578125,246.8800048828125,237.22999572753906,246.0,EQUITY,RL"
"2025-02-04 14:30:00,246.30999755859375,250.7899932861328,249.10000610351562,246.85000610351562,EQUITY,RL"
"2025-02-05 14:30:00,244.7100067138672,250.50999450683594,244.85000610351562,249.0,EQUITY,RL"
"2025-02-06 14:30:00,270.5299987792969,289.3299865722656,285.5,273.1400146484375,EQUITY,RL"
"2025-02-07 14:30:00,266.2799987792969,277.0400085449219,276.8500061035156,268.95001220703125,EQUITY,RL"
"2025-02-10 14:30:00,262.92999267578125,269.7099914550781,267.9800109863281,268.54998779296875,EQUITY,RL"
"2025-02-11 14:30:00,266.6099853515625,272.94000244140625,266.760009765625,272.1700134277344,EQUITY,RL"
"2025-02-12 14:30:00,269.94000244140625,274.20001220703125,272.760009765625,273.010009765625,EQUITY,RL"
"2025-02-13 14:30:00,270.67999267578125,278.8299865722656,274.92999267578125,278.5299987792969,EQUITY,RL"
"2025-02-14 14:30:00,277.489990234375,284.5299987792969,278.45001220703125,282.6300048828125,EQUITY,RL"
"2025-02-18 14:30:00,282.3299865722656,287.0299987792969,284.7300109863281,286.739990234375,EQUITY,RL"
"2025-02-19 14:30:00,281.9200134277344,289.1199951171875,282.7799987792969,286.44000244140625,EQUITY,RL"
"2025-02-20 14:30:00,281.80999755859375,287.29998779296875,285.0,286.5,EQUITY,RL"
"2025-02-21 14:30:00,275.95001220703125,287.45001220703125,286.3299865722656,277.67999267578125,EQUITY,RL"
"2025-02-24 14:30:00,270.05999755859375,279.6000061035156,278.2799987792969,275.6499938964844,EQUITY,RL"
"2025-02-25 14:30:00,263.7099914550781,275.45001220703125,275.010009765625,268.1700134277344,EQUITY,RL"
"2025-02-26 14:30:00,270.42999267578125,281.0799865722656,270.8900146484375,275.7900085449219,EQUITY,RL"
"2025-02-27 14:30:00,269.260009765625,277.3699951171875,276.0,270.7300109863281,EQUITY,RL"
"2025-02-28 14:30:00,267.2300109863281,272.2099914550781,269.5799865722656,271.1400146484375,EQUITY,RL"
"2025-03-03 14:30:00,260.6099853515625,273.54998779296875,272.4100036621094,262.3599853515625,EQUITY,RL"
"2025-03-04 14:30:00,247.5399932861328,260.8299865722656,260.0,252.72000122070312,EQUITY,RL"
"2025-03-05 14:30:00,245.9199981689453,254.0800018310547,253.32000732421875,250.4499969482422,EQUITY,RL"
"2025-03-06 14:30:00,237.72000122070312,249.6199951171875,244.99000549316406,238.33999633789062,EQUITY,RL"
"2025-03-07 14:30:00,221.22999572753906,237.27999877929688,237.14999389648438,232.6300048828125,EQUITY,RL"
"2025-03-10 13:30:00,213.00999450683594,227.0399932861328,226.1699981689453,218.39999389648438,EQUITY,RL"
"2025-03-11 13:30:00,218.8000030517578,226.91000366210938,220.0,223.1999969482422,EQUITY,RL"
"2025-03-12 13:30:00,222.77000427246094,233.41000366210938,228.94000244140625,225.25999450683594,EQUITY,RL"
"2025-03-13 13:30:00,215.44000244140625,224.77000427246094,224.77000427246094,216.67999267578125,EQUITY,RL"
"2025-03-14 13:30:00,215.58999633789062,221.00999450683594,221.00999450683594,220.30999755859375,EQUITY,RL"
"2025-03-17 13:30:00,214.00999450683594,221.3300018310547,218.94000244140625,220.02000427246094,EQUITY,RL"
"2025-03-18 13:30:00,218.1300048828125,226.16000366210938,224.39999389648438,219.82000732421875,EQUITY,RL"
"2025-03-19 13:30:00,217.00999450683594,225.83999633789062,218.0,224.57000732421875,EQUITY,RL"
"2025-03-20 13:30:00,221.75,227.7899932861328,222.4499969482422,225.1300048828125,EQUITY,RL"
"2025-03-21 13:30:00,218.66000366210938,226.47000122070312,220.9199981689453,224.02999877929688,EQUITY,RL"
"2025-03-24 13:30:00,227.14999389648438,237.30999755859375,227.77999877929688,236.0399932861328,EQUITY,RL"
"2025-03-25 13:30:00,230.30999755859375,236.35000610351562,234.69000244140625,231.72999572753906,EQUITY,RL"
"2025-03-26 13:30:00,225.75999450683594,232.2100067138672,231.6199951171875,228.77000427246094,EQUITY,RL"
"2025-03-27 13:30:00,222.05999755859375,228.83999633789062,226.02000427246094,225.16000366210938,EQUITY,RL"
"2025-03-28 13:30:00,212.0500030517578,222.4499969482422,221.5,215.67999267578125,EQUITY,RL"
"2025-03-31 13:30:00,208.9499969482422,222.10000610351562,211.83999633789062,220.74000549316406,EQUITY,RL"
"2025-04-01 13:30:00,221.19000244140625,228.99000549316406,221.8300018310547,228.9199981689453,EQUITY,RL"
"2025-04-02 13:30:00,223.72999572753906,238.08999633789062,224.4600067138672,236.35000610351562,EQUITY,RL"
"2025-04-03 13:30:00,193.0,212.86000061035156,208.99000549316406,197.88999938964844,EQUITY,RL"
"2025-04-04 13:30:00,181.25,205.83999633789062,186.75999450683594,197.6199951171875,EQUITY,RL"
"2025-04-07 13:30:00,184.60000610351562,203.8000030517578,190.99000549316406,193.1699981689453,EQUITY,RL"
"2025-04-08 13:30:00,178.74000549316406,202.6300048828125,202.6300048828125,182.33999633789062,EQUITY,RL"
"2025-04-09 13:30:00,176.61000061035156,214.99000549316406,180.52999877929688,208.3699951171875,EQUITY,RL"
"2025-04-10 13:30:00,189.8000030517578,201.49000549316406,200.05999755859375,194.6699981689453,EQUITY,RL"
"2025-04-11 13:30:00,188.69000244140625,200.02999877929688,192.3699951171875,197.9199981689453,EQUITY,RL"
"2025-04-14 13:30:00,196.57000732421875,205.27000427246094,205.1999969482422,201.75,EQUITY,RL"
"2025-04-15 13:30:00,200.2100067138672,204.83999633789062,200.4199981689453,203.25999450683594,EQUITY,RL"
"2025-04-16 13:30:00,198.00999450683594,204.44000244140625,201.4600067138672,202.0500030517578,EQUITY,RL"
"2025-04-17 13:30:00,202.58999633789062,207.72000122070312,202.85000610351562,206.5,EQUITY,RL"
"2025-04-21 13:30:00,198.6199951171875,204.72000122070312,204.72000122070312,204.0399932861328,EQUITY,RL"
"2025-04-22 13:30:00,204.9499969482422,211.38999938964844,207.1199951171875,209.58999633789062,EQUITY,RL"
"2025-04-23 13:30:00,212.52000427246094,225.3300018310547,219.35000610351562,212.52999877929688,EQUITY,RL"
"2025-04-24 13:30:00,213.6999969482422,221.8000030517578,214.63999938964844,220.14999389648438,EQUITY,RL"
"2025-04-25 13:30:00,217.00999450683594,221.5500030517578,219.08999633789062,219.9600067138672,EQUITY,RL"
"2025-04-28 13:30:00,218.55999755859375,223.33999633789062,220.61000061035156,221.9499969482422,EQUITY,RL"
"2025-04-29 13:30:00,219.0,224.33999633789062,220.3699951171875,223.9499969482422,EQUITY,RL"
"2025-04-30 13:30:00,214.22999572753906,225.5500030517578,218.02000427246094,224.9499969482422,EQUITY,RL"
"2025-05-01 13:30:00,223.55999755859375,228.99000549316406,225.47000122070312,224.50999450683594,EQUITY,RL"
"2025-05-02 13:30:00,228.0500030517578,234.5399932861328,229.0800018310547,232.6300048828125,EQUITY,RL"
"2025-05-05 13:30:00,230.6300048828125,240.38999938964844,230.80999755859375,237.80999755859375,EQUITY,RL"
"2025-05-06 13:30:00,231.86000061035156,239.1300048828125,233.85000610351562,237.19000244140625,EQUITY,RL"
"2025-05-07 13:30:00,237.8300018310547,241.6300048828125,239.88999938964844,240.3699951171875,EQUITY,RL"
"2025-05-08 13:30:00,246.0800018310547,256.04998779296875,248.6300048828125,251.47000122070312,EQUITY,RL"
"2025-05-09 13:30:00,246.72000122070312,251.7899932861328,251.7899932861328,248.74000549316406,EQUITY,RL"
"2025-05-12 13:30:00,259.8299865722656,271.5799865722656,265.55999755859375,264.510009765625,EQUITY,RL"
"2025-05-13 13:30:00,266.0,273.07000732421875,266.2699890136719,269.7900085449219,EQUITY,RL"
"2025-05-14 13:30:00,267.7200012207031,271.20001220703125,269.1499938964844,269.54998779296875,EQUITY,RL"
"2025-05-15 13:30:00,265.67999267578125,270.2099914550781,267.1400146484375,269.1000061035156,EQUITY,RL"
"2025-05-16 13:30:00,268.42999267578125,275.6099853515625,269.44000244140625,274.5299987792969,EQUITY,RL"
"2025-05-19 13:30:00,268.9599914550781,278.3800048828125,271.7900085449219,277.6700134277344,EQUITY,RL"
"2025-05-20 13:30:00,276.5,283.67999267578125,278.0,280.20001220703125,EQUITY,RL"
"2025-05-21 13:30:00,271.80999755859375,277.8599853515625,277.17999267578125,273.8800048828125,EQUITY,RL"
"2025-05-22 13:30:00,263.17999267578125,281.17999267578125,263.7699890136719,277.4200134277344,EQUITY,RL"
"2025-05-23 13:30:00,267.29998779296875,275.1300048828125,268.3800048828125,274.0799865722656,EQUITY,RL"
"2025-05-27 13:30:00,276.0299987792969,286.3599853515625,276.0299987792969,286.2200012207031,EQUITY,RL"
"2025-05-28 13:30:00,283.5299987792969,286.7699890136719,284.94000244140625,284.1600036621094,EQUITY,RL"
"2025-05-29 13:30:00,276.92999267578125,286.4599914550781,285.5299987792969,277.7300109863281,EQUITY,RL"
"2025-05-30 13:30:00,272.79998779296875,278.45001220703125,275.0,276.80999755859375,EQUITY,RL"
"2025-06-02 13:30:00,272.3699951171875,276.7900085449219,276.1099853515625,275.92999267578125,EQUITY,RL"
"2025-06-03 13:30:00,276.1000061035156,283.4599914550781,276.1000061035156,281.82000732421875,EQUITY,RL"
"2025-06-04 13:30:00,277.8299865722656,282.1499938964844,282.1499938964844,277.8599853515625,EQUITY,RL"
"2025-06-05 13:30:00,273.0,278.44000244140625,277.1700134277344,275.1199951171875,EQUITY,RL"
"2025-06-06 13:30:00,271.70001220703125,276.9100036621094,274.3299865722656,274.79998779296875,EQUITY,RL"
"2025-06-09 13:30:00,267.67999267578125,276.5400085449219,276.5400085449219,270.32000732421875,EQUITY,RL"
"2025-06-10 13:30:00,266.29998779296875,272.32000732421875,271.010009765625,267.9800109863281,EQUITY,RL"
"2025-06-11 13:30:00,267.1700134277344,272.9800109863281,270.92999267578125,267.6700134277344,EQUITY,RL"
"2025-06-12 13:30:00,264.1099853515625,268.07000732421875,265.6300048828125,267.20001220703125,EQUITY,RL"
"2025-06-13 13:30:00,258.1300048828125,265.3999938964844,263.010009765625,260.2099914550781,EQUITY,RL"
"2025-06-16 13:30:00,263.42999267578125,271.260009765625,264.79998779296875,270.32000732421875,EQUITY,RL"
"2025-06-17 13:30:00,263.9700012207031,268.79998779296875,267.6199951171875,265.42999267578125,EQUITY,RL"
"2025-06-18 13:30:00,264.29998779296875,268.57000732421875,266.69000244140625,267.80999755859375,EQUITY,RL"
"2025-06-20 13:30:00,260.8900146484375,270.1199951171875,269.19000244140625,264.1600036621094,EQUITY,RL"
"2025-06-23 13:30:00,259.29998779296875,271.9200134277344,262.04998779296875,270.54998779296875,EQUITY,RL"
"2025-06-24 13:30:00,270.6499938964844,276.3999938964844,274.0400085449219,273.7900085449219,EQUITY,RL"
"2025-06-25 13:30:00,272.29998779296875,277.4100036621094,273.5,274.8699951171875,EQUITY,RL"
"2025-06-26 13:30:00,271.5400085449219,275.6300048828125,274.9700012207031,273.489990234375,EQUITY,RL"
"2025-06-27 13:30:00,270.8900146484375,277.5799865722656,275.2200012207031,276.3500061035156,EQUITY,RL"
"2025-06-30 13:30:00,271.6099853515625,278.0,277.3699951171875,274.2799987792969,EQUITY,RL"
"2025-07-01 13:30:00,271.17999267578125,279.6000061035156,273.44000244140625,272.1000061035156,EQUITY,RL"
"2025-07-02 13:30:00,266.20001220703125,275.67999267578125,271.9100036621094,274.5199890136719,EQUITY,RL"
"2025-07-03 13:30:00,275.1199951171875,280.4700012207031,275.1199951171875,279.80999755859375,EQUITY,RL"
"2025-07-07 13:30:00,278.0400085449219,287.75,278.0400085449219,285.80999755859375,EQUITY,RL"
"2025-07-08 13:30:00,282.8800048828125,287.5,285.8299865722656,284.9200134277344,EQUITY,RL"
"2025-07-09 13:30:00,285.75,291.5400085449219,287.0299987792969,290.55999755859375,EQUITY,RL"
"2025-07-10 13:30:00,289.6700134277344,295.5199890136719,292.19000244140625,289.8699951171875,EQUITY,RL"
"2025-07-11 13:30:00,285.0,290.1700134277344,288.79998779296875,286.989990234375,EQUITY,RL"
"2025-07-14 13:30:00,285.55999755859375,289.7300109863281,287.04998779296875,288.989990234375,EQUITY,RL"
"2025-07-15 13:30:00,285.3900146484375,292.3599853515625,290.7900085449219,286.04998779296875,EQUITY,RL"
"2025-07-16 13:30:00,280.3900146484375,287.510009765625,286.5299987792969,284.69000244140625,EQUITY,RL"
"2025-07-17 13:30:00,283.4800109863281,287.82000732421875,286.0799865722656,286.260009765625,EQUITY,RL"
"2025-07-18 13:30:00,284.9800109863281,291.07000732421875,287.7200012207031,289.489990234375,EQUITY,RL"
"2025-07-21 13:30:00,288.739990234375,293.6700134277344,291.4200134277344,288.760009765625,EQUITY,RL"
"2025-07-22 13:30:00,286.0799865722656,291.010009765625,289.2699890136719,288.30999755859375,EQUITY,RL"
"2025-07-23 13:30:00,292.8399963378906,299.0,293.3399963378906,294.3299865722656,EQUITY,RL"
"2025-07-24 13:30:00,293.4599914550781,298.6600036621094,294.5199890136719,295.3500061035156,EQUITY,RL"
"2025-07-25 13:30:00,293.6000061035156,299.0199890136719,298.80999755859375,298.2300109863281,EQUITY,RL"
"2025-07-28 13:30:00,298.54998779296875,303.6400146484375,300.9200134277344,301.7200012207031,EQUITY,RL"
"2025-07-29 13:30:00,297.739990234375,302.5,301.9200134277344,300.80999755859375,EQUITY,RL"
"2025-07-30 13:30:00,301.8299865722656,306.3399963378906,302.6000061035156,303.2099914550781,EQUITY,RL"
"2025-07-31 13:30:00,298.4800109863281,304.3299865722656,304.3299865722656,298.75,EQUITY,RL"
"2025-08-01 13:30:00,286.6400146484375,295.9100036621094,292.2099914550781,293.7699890136719,EQUITY,RL"
"2025-08-04 13:30:00,297.2200012207031,304.510009765625,300.010009765625,304.45001220703125,EQUITY,RL"
"2025-08-05 13:30:00,298.010009765625,306.2099914550781,304.8500061035156,299.239990234375,EQUITY,RL"
"2025-08-06 13:30:00,298.2099914550781,303.1700134277344,299.5400085449219,302.9599914550781,EQUITY,RL"
"2025-08-07 13:30:00,273.0400085449219,294.7099914550781,294.7099914550781,283.3399963378906,EQUITY,RL"
"2025-08-08 13:30:00,282.79998779296875,292.45001220703125,285.04998779296875,288.260009765625,EQUITY,RL"
"2025-08-11 13:30:00,285.7200012207031,291.5199890136719,289.82000732421875,288.55999755859375,EQUITY,RL"
"2025-08-12 13:30:00,290.0400085449219,300.04998779296875,290.0400085449219,299.67999267578125,EQUITY,RL"
"2025-08-13 13:30:00,296.7900085449219,304.3299865722656,301.3800048828125,302.1400146484375,EQUITY,RL"
"2025-08-14 13:30:00,287.3699951171875,297.92999267578125,297.92999267578125,290.3900146484375,EQUITY,RL"
"2025-08-15 13:30:00,287.20001220703125,292.2900085449219,291.3800048828125,290.6099853515625,EQUITY,RL"
"2025-08-18 13:30:00,286.8500061035156,292.54998779296875,290.3999938964844,289.6600036621094,EQUITY,RL"
"2025-08-19 13:30:00,284.4200134277344,290.1000061035156,290.0,285.3500061035156,EQUITY,RL"
"2025-08-20 13:30:00,283.5,287.69000244140625,284.1000061035156,286.2200012207031,EQUITY,RL"
"2025-08-21 13:30:00,283.70001220703125,286.55999755859375,284.0,285.4599914550781,EQUITY,RL"
"2025-08-22 13:30:00,284.32000732421875,293.1499938964844,285.0,285.79998779296875,EQUITY,RL"
"2025-08-25 13:30:00,286.1099853515625,291.0899963378906,286.1099853515625,287.3900146484375,EQUITY,RL"
"2025-08-26 13:30:00,287.0299987792969,293.7799987792969,288.5899963378906,293.20001220703125,EQUITY,RL"
"2025-08-27 13:30:00,292.6000061035156,297.6000061035156,296.57000732421875,294.6400146484375,EQUITY,RL"
"2025-08-28 13:30:00,295.8999938964844,299.95001220703125,296.5199890136719,297.6400146484375,EQUITY,RL"
"2025-08-29 13:30:00,295.3800048828125,298.8699951171875,297.1499938964844,296.92999267578125,EQUITY,RL"
"2025-09-02 13:30:00,292.8999938964844,311.45001220703125,293.25,311.0199890136719,EQUITY,RL"
"2025-09-03 13:30:00,310.1000061035156,317.3399963378906,310.1300048828125,313.3599853515625,EQUITY,RL"
"2025-09-04 13:30:00,312.6000061035156,321.5,312.6000061035156,320.75,EQUITY,RL"
"2025-09-05 13:30:00,309.9200134277344,321.7699890136719,321.1700134277344,312.0199890136719,EQUITY,RL"
"2025-09-08 13:30:00,307.05999755859375,319.0,315.0299987792969,308.989990234375,EQUITY,RL"
"2025-09-09 13:30:00,304.0400085449219,310.07000732421875,308.9700012207031,309.7900085449219,EQUITY,RL"
"2025-09-10 13:30:00,308.5199890136719,315.19000244140625,311.1700134277344,312.5799865722656,EQUITY,RL"
"2025-09-11 13:30:00,311.9599914550781,316.5799865722656,315.05999755859375,316.3500061035156,EQUITY,RL"
"2025-09-12 13:30:00,312.05999755859375,317.7200012207031,314.7900085449219,315.1400146484375,EQUITY,RL"
"2025-09-15 13:30:00,313.54998779296875,318.79998779296875,314.6000061035156,315.7699890136719,EQUITY,RL"
"2025-09-16 13:30:00,303.3800048828125,316.1400146484375,305.989990234375,314.6600036621094,EQUITY,RL"
"2025-09-17 13:30:00,301.7699890136719,318.239990234375,317.6499938964844,306.1199951171875,EQUITY,RL"
"2025-09-18 13:30:00,307.6700134277344,315.1499938964844,309.29998779296875,313.9800109863281,EQUITY,RL"
"2025-09-19 13:30:00,311.6099853515625,316.42999267578125,314.6099853515625,312.45001220703125,EQUITY,RL"
"2025-09-22 13:30:00,306.45001220703125,313.8299865722656,313.8299865722656,307.6499938964844,EQUITY,RL"
"2025-09-23 13:30:00,306.1099853515625,312.32000732421875,308.05999755859375,310.6499938964844,EQUITY,RL"
"2025-09-24 13:30:00,309.54998779296875,314.5,310.6300048828125,312.010009765625,EQUITY,RL"
"2025-09-25 13:30:00,299.9800109863281,307.9599914550781,307.9599914550781,302.8900146484375,EQUITY,RL"
"2025-09-26 13:30:00,307.0799865722656,312.57000732421875,309.4800109863281,311.9700012207031,EQUITY,RL"
"2025-09-29 13:30:00,304.4599914550781,313.94000244140625,313.9100036621094,308.6400146484375,EQUITY,RL"
"2025-09-30 13:30:00,311.0199890136719,317.739990234375,312.3999938964844,313.55999755859375,EQUITY,RL"
"2025-10-01 13:30:00,312.3800048828125,317.8599853515625,312.760009765625,317.4200134277344,EQUITY,RL"
"2025-10-02 13:30:00,314.92999267578125,322.6400146484375,319.54998779296875,322.3800048828125,EQUITY,RL"
"2025-10-03 13:30:00,321.70001220703125,325.80999755859375,323.6000061035156,321.80999755859375,EQUITY,RL"
"2025-10-06 13:30:00,315.0899963378906,324.2099914550781,322.4100036621094,321.1000061035156,EQUITY,RL"
"2025-10-07 13:30:00,317.8599853515625,325.5299987792969,322.8699951171875,324.7699890136719,EQUITY,RL"
"2025-10-08 13:30:00,321.42999267578125,329.75,325.4200134277344,329.0299987792969,EQUITY,RL"
"2025-10-09 13:30:00,321.8999938964844,330.1099853515625,329.1499938964844,322.92999267578125,EQUITY,RL"
"2025-10-10 13:30:00,308.25,323.9200134277344,323.9200134277344,309.4200134277344,EQUITY,RL"
